"work_item_id","acquisition_rank","ds_id","work_state","adapter_id","monitoring_network","independence_unit","duplicate_family","observation_kind","stage2_tier","stage2_decision","stage2_analysis_role","stage3_scope","status_evidence_path","active_pin_paths","raw_manifest_paths","raw_manifest_state"
"REGISTER:DS06",1,"DS06","complete","screened_records","SMHI_SHARK","SMHI_SHARK","DS06","phytoplankton_taxon_records","A","pending","primary_reference","primary_candidate","metadata/stage2/screening/ds06_smhi_shark_screening_summary.csv","metadata/stage2/acquisition/ds06_smhi_shark_active_run.csv","data/raw/stage2/ds06_smhi_shark/DS06_SMHI_SHARK_20260808T191500Z/manifest.csv","registered_stage2_checksums"
"REGISTER:DS26",2,"DS26","complete","screened_records","SMHI_IFCB","SMHI_IFCB","DS26","machine_classified_imaging","B","secondary","lifeform_only","lifeform_method_secondary","metadata/stage2/screening/ds26_smhi_ifcb_screening_summary.csv","metadata/stage2/acquisition/ds26_ifcb_reference_active_run.csv|metadata/stage2/acquisition/ds26_smhi_ifcb_active_run.csv","data/raw/stage2/ds26_ifcb_reference/DS26_IFCB_REFERENCE_20260808T200000Z/manifest.csv|data/raw/stage2/ds26_smhi_ifcb/DS26_SMHI_IFCB_20260808T195600Z/manifest.csv","registered_stage2_checksums"
"REGISTER:DS02",3,"DS02","complete","screened_records","RWS_MWTL","RWS_MWTL","RWS_MWTL","phytoplankton_taxon_records","A","pending","primary_reference","primary_candidate","metadata/stage2/screening/ds02_rws_screening_summary.csv","metadata/stage2/acquisition/ds02_rws_catalogue_active_run.csv|metadata/stage2/acquisition/ds02_rws_manual_export_active_run.csv|metadata/stage2/acquisition/ds02_rws_v3_access_active_run.csv","data/raw/stage2/ds02_rws/DS02_RWS_CATALOGUE_20260809T070000Z/manifest.csv|data/raw/stage2/ds02_rws/DS02_RWS_MANUAL_EXPORT_20260809T091700Z/manifest.csv","registered_stage2_checksums"
"REGISTER:DS04",4,"DS04","complete","plet_csv","BSH","BSH","DS04","phytoplankton_taxon_records","A","pending","primary_reference","primary_candidate","metadata/stage2/screening/ds04_plet_bsh_screening_summary.csv","metadata/stage2/acquisition/ds04_plet_bsh_active_run.csv","data/raw/stage2/ds04_plet_bsh/DS04_PLET_BSH_20260809T102924Z/manifest.csv","registered_stage2_checksums"
"REGISTER:DS05",5,"DS05","complete","plet_csv","NOVANA","NOVANA","DS05","phytoplankton_taxon_records","A","pending","primary_reference","primary_candidate","metadata/stage2/screening/ds05_plet_novana_screening_summary.csv","metadata/stage2/acquisition/ds05_plet_novana_active_run.csv","data/raw/stage2/ds05_plet_novana/DS05_PLET_NOVANA_20260809T103132Z/manifest.csv","registered_stage2_checksums"
"REGISTER:DS07",6,"DS07","complete","plet_csv","CEFAS_SMARTBUOY","CEFAS_SMARTBUOY","DS07","phytoplankton_taxon_records","A","pending","primary_reference","primary_candidate","metadata/stage2/screening/ds07_plet_cefas_screening_summary.csv","metadata/stage2/acquisition/ds07_plet_cefas_active_run.csv","data/raw/stage2/ds07_plet_cefas/DS07_PLET_CEFAS_20260809T103354Z/manifest.csv","registered_stage2_checksums"
"REGISTER:DS08",7,"DS08","unavailable","unavailable","AWI_HELGOLAND","AWI_HELGOLAND","DS08","contact_required_carbon_biovolume","A","not_assessed","unavailable","unavailable","metadata/stage2/control/access_dispositions.csv","metadata/stage2/acquisition/ds08_pangaea_abundance_active_run.csv","","unavailable_not_observation_evidence"
"REGISTER:DS03",8,"DS03","complete","eurobis_dwca","RWS_MWTL","RWS_MWTL","RWS_MWTL","aggregator_copy_taxon_records","C","pending","primary_reference","primary_candidate_duplicate_audit","metadata/stage2/screening/ds03_eurobis_screening_summary.csv","metadata/stage2/acquisition/ds03_eurobis_active_run.csv","data/raw/stage2/ds03_eurobis/DS03_EUROBIS_IPT_20260809T183011Z/manifest.csv","registered_stage2_checksums"
"REGISTER:DS23",9,"DS23","unavailable","unavailable","NIOZ_MARSDIEP","NIOZ_MARSDIEP","DS23","contact_required_taxon_records","C","not_assessed","unavailable","unavailable","metadata/stage2/control/access_dispositions.csv","","","unavailable_not_observation_evidence"
"REGISTER:DS16",10,"DS16","complete","plet_csv","MSS_STONEHAVEN","MSS_STONEHAVEN","DS16","phytoplankton_taxon_records","C","pending","primary_reference","primary_candidate","metadata/stage2/screening/ds16_plet_stonehaven_screening_summary.csv","metadata/stage2/acquisition/ds16_plet_stonehaven_active_run.csv","data/raw/stage2/ds16_plet_stonehaven/DS16_PLET_STONEHAVEN_20260809T105042Z/manifest.csv","registered_stage2_checksums"
"REGISTER:DS10",11,"DS10","complete","plet_csv","VLIZ_LIFEWATCH","VLIZ_LIFEWATCH","DS10","flowcam_large_particle_records","C","pending","lifeform_only","lifeform_secondary","metadata/stage2/screening/ds10_plet_vliz_screening_summary.csv","metadata/stage2/acquisition/ds10_plet_vliz_active_run.csv|metadata/stage2/acquisition/ds10_vliz_imis_active_run.csv","data/raw/stage2/ds10_plet_vliz/DS10_PLET_VLIZ_20260809T105128Z/manifest.csv|data/raw/stage2/ds10_vliz_imis/DS10_VLIZ_IMIS_20260810T070114Z/manifest.csv","registered_stage2_checksums"
"REGISTER:DS11",12,"DS11","complete","plet_csv","VLIZ_LIFEWATCH","VLIZ_LIFEWATCH","DS11","chlorophyll_observations","E","pending","comparator","comparator","metadata/stage2/screening/ds11_plet_chlorophyll_screening_summary.csv","metadata/stage2/acquisition/ds11_plet_chlorophyll_active_run.csv","data/raw/stage2/ds11_plet_chlorophyll/DS11_PLET_CHLOROPHYLL_20260809T111606Z/manifest.csv","registered_stage2_checksums"
"REGISTER:DS09",13,"DS09","complete","pangaea_tabular","AWI_SYLT","AWI_SYLT","DS09","semi_quantitative_and_quantitative_microplankton","D","pending","discovery_sensitivity","exploratory","metadata/stage2/screening/ds09_pangaea_screening_summary.csv","metadata/stage2/acquisition/ds09_pangaea_active_run.csv","data/raw/stage2/ds09_pangaea/DS09_PANGAEA_20260809T183031Z/manifest.csv","registered_stage2_checksums"
"REGISTER:DS24",14,"DS24","complete","comp4_station","ICES_OSPAR_COMP4","ICES_OSPAR_COMP4","DS24","chlorophyll_and_nutrient_observations","E","pending","comparator","comparator","metadata/stage2/screening/ds24_figshare_screening_summary.csv","metadata/stage2/acquisition/ds24_figshare_active_run.csv","data/raw/stage2/ds24_figshare/DS24_FIGSHARE_20260809T183019Z/manifest.csv","registered_stage2_checksums"
"REGISTER:DS27",15,"DS27","complete","ferrybox_summary","HEREON_FERRYBOX","HEREON_FERRYBOX","DS27","chlorophyll_fluorescence","E","secondary","comparator","comparator","metadata/stage2/screening/ds27_ferrybox_screening_summary.csv","metadata/stage2/acquisition/ds27_pangaea_ferrybox_active_run.csv","data/raw/stage2/ds27_pangaea_ferrybox/DS27_PANGAEA_20260809T183210Z/manifest.csv","registered_stage2_checksums"
"REGISTER:DS28",16,"DS28","unavailable","unavailable","VLIZ_LIFEWATCH","VLIZ_LIFEWATCH","DS28","contact_required_hplc","E","not_assessed","unavailable","unavailable","metadata/stage2/control/access_dispositions.csv","","","unavailable_not_observation_evidence"
"REGISTER:DS15",17,"DS15","complete","non_observational_product","EMODNET_DERIVED","EMODNET_DERIVED","DS15","gridded_presence_absence_product","not_applicable","secondary","discovery_sensitivity","exploratory_product","metadata/stage2/screening/ds15_emodnet_erddap_screening_summary.csv","metadata/stage2/acquisition/ds15_emodnet_presence_active_run.csv","data/raw/stage2/ds15_emodnet_presence/DS15_EMODNET_20260809T181750Z/manifest.csv","registered_stage2_checksums"
"REGISTER:DS22",18,"DS22","complete","conversion_authority","HELCOM_PEG","HELCOM_PEG","DS22","biovolume_carbon_conversion_reference","not_applicable","secondary","comparator","conversion_authority","metadata/stage2/screening/ds22_ices_figshare_screening_summary.csv","metadata/stage2/acquisition/ds22_figshare_active_run.csv","data/raw/stage2/ds22_figshare/DS22_FIGSHARE_20260809T181741Z/manifest.csv","registered_stage2_checksums"
"REGISTER:DS12",19,"DS12","complete","screened_records","CPR_SURVEY","CPR_SURVEY","DS12","cpr_event_pci_taxon_records","D","secondary","lifeform_only","recurrence_secondary","metadata/stage2/screening/ds12_cpr_screening_summary.csv","metadata/stage2/acquisition/ds12_dassh_ipt_active_run.csv","data/raw/stage2/ds12_dassh_ipt/DS12_DASSH_IPT_20260810T070124Z/manifest.csv","registered_stage2_checksums"
