"work_item_id","wfs_dataset_id","wfs_dataset_name","title_domain_signal","record_geometry_state","record_access_state","duplicate_resolution_state","screening_decision","required_next_action","decision_detail","stage1_raw_response_path","stage1_raw_response_checksum_sha256","contract_version"
"EMODNET-WFS:1941","1941","Checklist of benthic marine algae and cyanobacteria of northern Portugal","unknown","not_checked","not_checked","not_checked","pending","query_record_geometry_and_canonical_provider_metadata","Stage 1 title signal is unknown; title evidence cannot set a final record-level decision under contract 1.0.0.","search_runs/SEARCH-EMODNETBIOWFS-20260808T162029Z/dataset_catalogue_page_0001.json","7e8e93438aec9f2c66b86fbdde72bee1a39a68fa195b43b86ce78ff7e853e6f0","1.0.0"
"EMODNET-WFS:2453","2453","SHARK - National phytoplankton monitoring in Sweden since 1983","unknown","not_checked","not_checked","not_checked","pending","query_record_geometry_and_canonical_provider_metadata","Stage 1 title signal is unknown; title evidence cannot set a final record-level decision under contract 1.0.0.","search_runs/SEARCH-EMODNETBIOWFS-20260808T162029Z/dataset_catalogue_page_0001.json","7e8e93438aec9f2c66b86fbdde72bee1a39a68fa195b43b86ce78ff7e853e6f0","1.0.0"
"EMODNET-WFS:2464","2464","Polish Monitoring Programme - Monitoring of the Baltic Sea: phytobenthos","unknown","not_checked","not_checked","not_checked","pending","query_record_geometry_and_canonical_provider_metadata","Stage 1 title signal is unknown; title evidence cannot set a final record-level decision under contract 1.0.0.","search_runs/SEARCH-EMODNETBIOWFS-20260808T162029Z/dataset_catalogue_page_0001.json","7e8e93438aec9f2c66b86fbdde72bee1a39a68fa195b43b86ce78ff7e853e6f0","1.0.0"
"EMODNET-WFS:3163","3163","Continuous Plankton Recorder Dataset (NOAA) - Phytoplankton","unknown","not_checked","not_checked","not_checked","pending","query_record_geometry_and_canonical_provider_metadata","Stage 1 title signal is unknown; title evidence cannot set a final record-level decision under contract 1.0.0.","search_runs/SEARCH-EMODNETBIOWFS-20260808T162029Z/dataset_catalogue_page_0001.json","7e8e93438aec9f2c66b86fbdde72bee1a39a68fa195b43b86ce78ff7e853e6f0","1.0.0"
"EMODNET-WFS:4405","4405","Microphytoplankton along four transects off the Kenyan coast in 1992","unknown","not_checked","not_checked","not_checked","pending","query_record_geometry_and_canonical_provider_metadata","Stage 1 title signal is unknown; title evidence cannot set a final record-level decision under contract 1.0.0.","search_runs/SEARCH-EMODNETBIOWFS-20260808T162029Z/dataset_catalogue_page_0001.json","7e8e93438aec9f2c66b86fbdde72bee1a39a68fa195b43b86ce78ff7e853e6f0","1.0.0"
"EMODNET-WFS:4458","4458","Cladophorales (Chlorophyta) sampled at the Kenyan coast between 1985 and 1992","unknown","not_checked","not_checked","not_checked","pending","query_record_geometry_and_canonical_provider_metadata","Stage 1 title signal is unknown; title evidence cannot set a final record-level decision under contract 1.0.0.","search_runs/SEARCH-EMODNETBIOWFS-20260808T162029Z/dataset_catalogue_page_0001.json","7e8e93438aec9f2c66b86fbdde72bee1a39a68fa195b43b86ce78ff7e853e6f0","1.0.0"
"EMODNET-WFS:4459","4459","Codiales (Chlorophyta) sampled at Kenya, Zanzibar and the Seychelles between 1985 and 1993","unknown","not_checked","not_checked","not_checked","pending","query_record_geometry_and_canonical_provider_metadata","Stage 1 title signal is unknown; title evidence cannot set a final record-level decision under contract 1.0.0.","search_runs/SEARCH-EMODNETBIOWFS-20260808T162029Z/dataset_catalogue_page_0001.json","7e8e93438aec9f2c66b86fbdde72bee1a39a68fa195b43b86ce78ff7e853e6f0","1.0.0"
"EMODNET-WFS:4461","4461","Caulerpales (Chlorophyta) of the Kenyan coast (July 1985 - September 1989)","unknown","not_checked","not_checked","not_checked","pending","query_record_geometry_and_canonical_provider_metadata","Stage 1 title signal is unknown; title evidence cannot set a final record-level decision under contract 1.0.0.","search_runs/SEARCH-EMODNETBIOWFS-20260808T162029Z/dataset_catalogue_page_0001.json","7e8e93438aec9f2c66b86fbdde72bee1a39a68fa195b43b86ce78ff7e853e6f0","1.0.0"
"EMODNET-WFS:4465","4465","Microphytobenthos North Adriatic-Gulf of Trieste LTER time-series","out_of_domain","not_checked","not_checked","not_checked","pending","query_record_geometry_and_canonical_provider_metadata","Stage 1 title signal is out_of_domain; title evidence cannot set a final record-level decision under contract 1.0.0.","search_runs/SEARCH-EMODNETBIOWFS-20260808T162029Z/dataset_catalogue_page_0001.json","7e8e93438aec9f2c66b86fbdde72bee1a39a68fa195b43b86ce78ff7e853e6f0","1.0.0"
"EMODNET-WFS:4466","4466","Picoplankton North Adriatic-Gulf of Trieste LTER time-series","out_of_domain","not_checked","not_checked","not_checked","pending","query_record_geometry_and_canonical_provider_metadata","Stage 1 title signal is out_of_domain; title evidence cannot set a final record-level decision under contract 1.0.0.","search_runs/SEARCH-EMODNETBIOWFS-20260808T162029Z/dataset_catalogue_page_0001.json","7e8e93438aec9f2c66b86fbdde72bee1a39a68fa195b43b86ce78ff7e853e6f0","1.0.0"
"EMODNET-WFS:4471","4471","Phytoplankton North Adriatic-INTERREG-FVG Project","out_of_domain","not_checked","not_checked","not_checked","pending","query_record_geometry_and_canonical_provider_metadata","Stage 1 title signal is out_of_domain; title evidence cannot set a final record-level decision under contract 1.0.0.","search_runs/SEARCH-EMODNETBIOWFS-20260808T162029Z/dataset_catalogue_page_0001.json","7e8e93438aec9f2c66b86fbdde72bee1a39a68fa195b43b86ce78ff7e853e6f0","1.0.0"
"EMODNET-WFS:4474","4474","Microphytobenthos North Adriatic-INTERREG Project","out_of_domain","not_checked","not_checked","not_checked","pending","query_record_geometry_and_canonical_provider_metadata","Stage 1 title signal is out_of_domain; title evidence cannot set a final record-level decision under contract 1.0.0.","search_runs/SEARCH-EMODNETBIOWFS-20260808T162029Z/dataset_catalogue_page_0001.json","7e8e93438aec9f2c66b86fbdde72bee1a39a68fa195b43b86ce78ff7e853e6f0","1.0.0"
"EMODNET-WFS:4480","4480","Siphonocladales (Chlorophyta) sampled at the Kenyan coast between 1985 and 1992","unknown","not_checked","not_checked","not_checked","pending","query_record_geometry_and_canonical_provider_metadata","Stage 1 title signal is unknown; title evidence cannot set a final record-level decision under contract 1.0.0.","search_runs/SEARCH-EMODNETBIOWFS-20260808T162029Z/dataset_catalogue_page_0001.json","7e8e93438aec9f2c66b86fbdde72bee1a39a68fa195b43b86ce78ff7e853e6f0","1.0.0"
"EMODNET-WFS:4667","4667","Romanian Black Sea Phytoplankton data from 1956 - 1960","out_of_domain","not_checked","not_checked","not_checked","pending","query_record_geometry_and_canonical_provider_metadata","Stage 1 title signal is out_of_domain; title evidence cannot set a final record-level decision under contract 1.0.0.","search_runs/SEARCH-EMODNETBIOWFS-20260808T162029Z/dataset_catalogue_page_0001.json","7e8e93438aec9f2c66b86fbdde72bee1a39a68fa195b43b86ce78ff7e853e6f0","1.0.0"
"EMODNET-WFS:5718","5718","Phytoplankton community and primary production time series in the coastal and open waters at the Adriatic Sea (2002-2015)","out_of_domain","not_checked","not_checked","not_checked","pending","query_record_geometry_and_canonical_provider_metadata","Stage 1 title signal is out_of_domain; title evidence cannot set a final record-level decision under contract 1.0.0.","search_runs/SEARCH-EMODNETBIOWFS-20260808T162029Z/dataset_catalogue_page_0001.json","7e8e93438aec9f2c66b86fbdde72bee1a39a68fa195b43b86ce78ff7e853e6f0","1.0.0"
"EMODNET-WFS:5735","5735","Microphytobenthos monitoring in the Mar Piccolo of Taranto. 2013-2014","unknown","not_checked","not_checked","not_checked","pending","query_record_geometry_and_canonical_provider_metadata","Stage 1 title signal is unknown; title evidence cannot set a final record-level decision under contract 1.0.0.","search_runs/SEARCH-EMODNETBIOWFS-20260808T162029Z/dataset_catalogue_page_0001.json","7e8e93438aec9f2c66b86fbdde72bee1a39a68fa195b43b86ce78ff7e853e6f0","1.0.0"
"EMODNET-WFS:5737","5737","Microphytobenthos monitoring in the Trieste harbour, North Adriatic Sea (Port Authority) in 2015","out_of_domain","not_checked","not_checked","not_checked","pending","query_record_geometry_and_canonical_provider_metadata","Stage 1 title signal is out_of_domain; title evidence cannot set a final record-level decision under contract 1.0.0.","search_runs/SEARCH-EMODNETBIOWFS-20260808T162029Z/dataset_catalogue_page_0001.json","7e8e93438aec9f2c66b86fbdde72bee1a39a68fa195b43b86ce78ff7e853e6f0","1.0.0"
"EMODNET-WFS:5740","5740","Microphytobenthos in mussel farms - North Adriatic Sea (SosteMiTS Project) 2008-2009","out_of_domain","not_checked","not_checked","not_checked","pending","query_record_geometry_and_canonical_provider_metadata","Stage 1 title signal is out_of_domain; title evidence cannot set a final record-level decision under contract 1.0.0.","search_runs/SEARCH-EMODNETBIOWFS-20260808T162029Z/dataset_catalogue_page_0001.json","7e8e93438aec9f2c66b86fbdde72bee1a39a68fa195b43b86ce78ff7e853e6f0","1.0.0"
"EMODNET-WFS:5743","5743","Microphytobenthos in Panarea Island. ECO2 Project","unknown","not_checked","not_checked","not_checked","pending","query_record_geometry_and_canonical_provider_metadata","Stage 1 title signal is unknown; title evidence cannot set a final record-level decision under contract 1.0.0.","search_runs/SEARCH-EMODNETBIOWFS-20260808T162029Z/dataset_catalogue_page_0001.json","7e8e93438aec9f2c66b86fbdde72bee1a39a68fa195b43b86ce78ff7e853e6f0","1.0.0"
"EMODNET-WFS:5951","5951","Dynamics of coastal eutrophicated ecosystems","unknown","not_checked","not_checked","not_checked","pending","query_record_geometry_and_canonical_provider_metadata","Stage 1 title signal is unknown; title evidence cannot set a final record-level decision under contract 1.0.0.","search_runs/SEARCH-EMODNETBIOWFS-20260808T162029Z/dataset_catalogue_page_0001.json","7e8e93438aec9f2c66b86fbdde72bee1a39a68fa195b43b86ce78ff7e853e6f0","1.0.0"
"EMODNET-WFS:5996","5996","Phytoplankton abundance and biomass data from 2007 to 2016 in the Bulgarian Black Sea","out_of_domain","not_checked","not_checked","not_checked","pending","query_record_geometry_and_canonical_provider_metadata","Stage 1 title signal is out_of_domain; title evidence cannot set a final record-level decision under contract 1.0.0.","search_runs/SEARCH-EMODNETBIOWFS-20260808T162029Z/dataset_catalogue_page_0001.json","7e8e93438aec9f2c66b86fbdde72bee1a39a68fa195b43b86ce78ff7e853e6f0","1.0.0"
"EMODNET-WFS:6452","6452","National Monitoring Programme for Phytoplankton Species occurrence in Aquaculture Production Areas","unknown","not_checked","not_checked","not_checked","pending","query_record_geometry_and_canonical_provider_metadata","Stage 1 title signal is unknown; title evidence cannot set a final record-level decision under contract 1.0.0.","search_runs/SEARCH-EMODNETBIOWFS-20260808T162029Z/dataset_catalogue_page_0002.json","854e6bae19754d514e667adff7251e8006dbe260e70171ef4c7325f89572d8e3","1.0.0"
"EMODNET-WFS:6453","6453","National Pilot Monitoring Studies 2016, Improving Environmental Monitoring in the Black Sea - Phase II (EMBLAS-II), ENPI/2013/313-169, (Phytoplankton)","out_of_domain","not_checked","not_checked","not_checked","pending","query_record_geometry_and_canonical_provider_metadata","Stage 1 title signal is out_of_domain; title evidence cannot set a final record-level decision under contract 1.0.0.","search_runs/SEARCH-EMODNETBIOWFS-20260808T162029Z/dataset_catalogue_page_0002.json","854e6bae19754d514e667adff7251e8006dbe260e70171ef4c7325f89572d8e3","1.0.0"
"EMODNET-WFS:6463","6463","Joint Open Sea Surveys 2016, Improving Environmental Monitoring in the Black Sea - Phase II (EMBLAS-II), ENPI/2013/313-169, (Phytoplankton)","out_of_domain","not_checked","not_checked","not_checked","pending","query_record_geometry_and_canonical_provider_metadata","Stage 1 title signal is out_of_domain; title evidence cannot set a final record-level decision under contract 1.0.0.","search_runs/SEARCH-EMODNETBIOWFS-20260808T162029Z/dataset_catalogue_page_0002.json","854e6bae19754d514e667adff7251e8006dbe260e70171ef4c7325f89572d8e3","1.0.0"
"EMODNET-WFS:6464","6464","Joint Open Sea Surveys 2017, Improving Environmental Monitoring in the Black Sea - Phase II (EMBLAS-II), ENPI/2013/313-169, (Phytoplankton)","out_of_domain","not_checked","not_checked","not_checked","pending","query_record_geometry_and_canonical_provider_metadata","Stage 1 title signal is out_of_domain; title evidence cannot set a final record-level decision under contract 1.0.0.","search_runs/SEARCH-EMODNETBIOWFS-20260808T162029Z/dataset_catalogue_page_0002.json","854e6bae19754d514e667adff7251e8006dbe260e70171ef4c7325f89572d8e3","1.0.0"
"EMODNET-WFS:6465","6465","National Pilot Monitoring Studies Phyllophora April 2017, Improving Environmental Monitoring in the Black Sea - Phase II (EMBLAS-II), ENPI/2013/313-169, (Phytoplankton)","out_of_domain","not_checked","not_checked","not_checked","pending","query_record_geometry_and_canonical_provider_metadata","Stage 1 title signal is out_of_domain; title evidence cannot set a final record-level decision under contract 1.0.0.","search_runs/SEARCH-EMODNETBIOWFS-20260808T162029Z/dataset_catalogue_page_0002.json","854e6bae19754d514e667adff7251e8006dbe260e70171ef4c7325f89572d8e3","1.0.0"
"EMODNET-WFS:6466","6466","National Pilot Monitoring Studies Phyllophora July 2017, Improving Environmental Monitoring in the Black Sea - Phase II (EMBLAS-II), ENPI/2013/313-169, (Phytoplankton)","out_of_domain","not_checked","not_checked","not_checked","pending","query_record_geometry_and_canonical_provider_metadata","Stage 1 title signal is out_of_domain; title evidence cannot set a final record-level decision under contract 1.0.0.","search_runs/SEARCH-EMODNETBIOWFS-20260808T162029Z/dataset_catalogue_page_0002.json","854e6bae19754d514e667adff7251e8006dbe260e70171ef4c7325f89572d8e3","1.0.0"
"EMODNET-WFS:6467","6467","National Pilot Monitoring Studies August 2017, Improving Environmental Monitoring in the Black Sea - Phase II (EMBLAS-II), ENPI/2013/313-169, (Phytoplankton)","out_of_domain","not_checked","not_checked","not_checked","pending","query_record_geometry_and_canonical_provider_metadata","Stage 1 title signal is out_of_domain; title evidence cannot set a final record-level decision under contract 1.0.0.","search_runs/SEARCH-EMODNETBIOWFS-20260808T162029Z/dataset_catalogue_page_0002.json","854e6bae19754d514e667adff7251e8006dbe260e70171ef4c7325f89572d8e3","1.0.0"
"EMODNET-WFS:6468","6468","National Pilot Monitoring Studies Phyllophora August 2017, Improving Environmental Monitoring in the Black Sea - Phase II (EMBLAS-II), ENPI/2013/313-169, (Phytoplankton)","out_of_domain","not_checked","not_checked","not_checked","pending","query_record_geometry_and_canonical_provider_metadata","Stage 1 title signal is out_of_domain; title evidence cannot set a final record-level decision under contract 1.0.0.","search_runs/SEARCH-EMODNETBIOWFS-20260808T162029Z/dataset_catalogue_page_0002.json","854e6bae19754d514e667adff7251e8006dbe260e70171ef4c7325f89572d8e3","1.0.0"
"EMODNET-WFS:6669","6669","Environmental impact assessments in the eastern part of Adriatic sea - species list of benthic invertebrates and phytobenthos (2000-2010)","out_of_domain","not_checked","not_checked","not_checked","pending","query_record_geometry_and_canonical_provider_metadata","Stage 1 title signal is out_of_domain; title evidence cannot set a final record-level decision under contract 1.0.0.","search_runs/SEARCH-EMODNETBIOWFS-20260808T162029Z/dataset_catalogue_page_0002.json","854e6bae19754d514e667adff7251e8006dbe260e70171ef4c7325f89572d8e3","1.0.0"
"EMODNET-WFS:6670","6670","Species list of benthic invertebrates and phytobenthos from eastern side of Adriatic Sea - Vir-Pag-Konavle 1986-2009","out_of_domain","not_checked","not_checked","not_checked","pending","query_record_geometry_and_canonical_provider_metadata","Stage 1 title signal is out_of_domain; title evidence cannot set a final record-level decision under contract 1.0.0.","search_runs/SEARCH-EMODNETBIOWFS-20260808T162029Z/dataset_catalogue_page_0002.json","854e6bae19754d514e667adff7251e8006dbe260e70171ef4c7325f89572d8e3","1.0.0"
"EMODNET-WFS:6698","6698","SHARK - Regional monitoring, recipient control and monitoring projects of phytoplankton in Sweden since 1985","unknown","not_checked","not_checked","not_checked","pending","query_record_geometry_and_canonical_provider_metadata","Stage 1 title signal is unknown; title evidence cannot set a final record-level decision under contract 1.0.0.","search_runs/SEARCH-EMODNETBIOWFS-20260808T162029Z/dataset_catalogue_page_0002.json","854e6bae19754d514e667adff7251e8006dbe260e70171ef4c7325f89572d8e3","1.0.0"
"EMODNET-WFS:8192","8192","Phytoplankton abundance and composition from the RADIALES time series programme (N-NW Spain)","unknown","not_checked","not_checked","not_checked","pending","query_record_geometry_and_canonical_provider_metadata","Stage 1 title signal is unknown; title evidence cannot set a final record-level decision under contract 1.0.0.","search_runs/SEARCH-EMODNETBIOWFS-20260808T162029Z/dataset_catalogue_page_0002.json","854e6bae19754d514e667adff7251e8006dbe260e70171ef4c7325f89572d8e3","1.0.0"
"EMODNET-WFS:8789","8789","Atlantic Meridional Transect cruise AMT15 Coccolithophore composition - light microscopy (CTD bottles)","unknown","not_checked","not_checked","not_checked","pending","query_record_geometry_and_canonical_provider_metadata","Stage 1 title signal is unknown; title evidence cannot set a final record-level decision under contract 1.0.0.","search_runs/SEARCH-EMODNETBIOWFS-20260808T162029Z/dataset_catalogue_page_0002.json","854e6bae19754d514e667adff7251e8006dbe260e70171ef4c7325f89572d8e3","1.0.0"
"EMODNET-WFS:8791","8791","Atlantic Meridional Transect cruise AMT15 Coccolithophore composition - light microscopy (surface underway)","unknown","not_checked","not_checked","not_checked","pending","query_record_geometry_and_canonical_provider_metadata","Stage 1 title signal is unknown; title evidence cannot set a final record-level decision under contract 1.0.0.","search_runs/SEARCH-EMODNETBIOWFS-20260808T162029Z/dataset_catalogue_page_0002.json","854e6bae19754d514e667adff7251e8006dbe260e70171ef4c7325f89572d8e3","1.0.0"
"EMODNET-WFS:8792","8792","Atlantic Meridional Transect cruise AMT16 Coccolithophore composition - light microscopy (CTD bottles)","unknown","not_checked","not_checked","not_checked","pending","query_record_geometry_and_canonical_provider_metadata","Stage 1 title signal is unknown; title evidence cannot set a final record-level decision under contract 1.0.0.","search_runs/SEARCH-EMODNETBIOWFS-20260808T162029Z/dataset_catalogue_page_0002.json","854e6bae19754d514e667adff7251e8006dbe260e70171ef4c7325f89572d8e3","1.0.0"
"EMODNET-WFS:8795","8795","Atlantic Meridional Transect cruise JC039 Coccolithophore composition - light microscopy (surface underway)","unknown","not_checked","not_checked","not_checked","pending","query_record_geometry_and_canonical_provider_metadata","Stage 1 title signal is unknown; title evidence cannot set a final record-level decision under contract 1.0.0.","search_runs/SEARCH-EMODNETBIOWFS-20260808T162029Z/dataset_catalogue_page_0002.json","854e6bae19754d514e667adff7251e8006dbe260e70171ef4c7325f89572d8e3","1.0.0"
"EMODNET-WFS:8796","8796","Atlantic Meridional Transect cruise JC053 Coccolithophore composition - light microscopy (CTD bottles)","unknown","not_checked","not_checked","not_checked","pending","query_record_geometry_and_canonical_provider_metadata","Stage 1 title signal is unknown; title evidence cannot set a final record-level decision under contract 1.0.0.","search_runs/SEARCH-EMODNETBIOWFS-20260808T162029Z/dataset_catalogue_page_0002.json","854e6bae19754d514e667adff7251e8006dbe260e70171ef4c7325f89572d8e3","1.0.0"
"EMODNET-WFS:8797","8797","Atlantic Meridional Transect cruise JC053 Coccolithophore composition - light microscopy (surface underway)","unknown","not_checked","not_checked","not_checked","pending","query_record_geometry_and_canonical_provider_metadata","Stage 1 title signal is unknown; title evidence cannot set a final record-level decision under contract 1.0.0.","search_runs/SEARCH-EMODNETBIOWFS-20260808T162029Z/dataset_catalogue_page_0002.json","854e6bae19754d514e667adff7251e8006dbe260e70171ef4c7325f89572d8e3","1.0.0"
"EMODNET-WFS:8801","8801","Atlantic Meridional Transect cruise JC039 Coccolithophore composition - light microscopy (CTD bottles)","unknown","not_checked","not_checked","not_checked","pending","query_record_geometry_and_canonical_provider_metadata","Stage 1 title signal is unknown; title evidence cannot set a final record-level decision under contract 1.0.0.","search_runs/SEARCH-EMODNETBIOWFS-20260808T162029Z/dataset_catalogue_page_0002.json","854e6bae19754d514e667adff7251e8006dbe260e70171ef4c7325f89572d8e3","1.0.0"
