"search_run_id","source_family","provider","endpoint","api_version","license","method","request_text","query_hash_sha256","query_label","geographic_bounds","page_or_cursor","retrieved_utc","http_status","retry_max_tries","raw_response_path","checksum_sha256","size_bytes","content_type","records_returned","total_reported","pagination_complete"
"SEARCH-PLET-20260808T105059Z","PLET","DASSH","https://www.dassh.ac.uk/lifeforms/","documented web export interface, 2026-08-08","per underlying dataset","GET","https://www.dassh.ac.uk/lifeforms/","8e93fdf69c69682897253a9fd444a2d3e93e28c7879c041ea6c3e05073568d11","catalogue","POLYGON ((-5 48, 13.06914 48, 13.06914 62, -5 62, -5 48))","catalogue","2026-08-08T10:51:00Z",200,4,"search_runs/SEARCH-PLET-20260808T105059Z/catalogue.html","369b7ab7a475c4c25a18149e8a4e3e35138b0ad8ef49007eeda23b89f9b4a616",53681,"text/html",56,,TRUE
"SEARCH-PLET-20260808T105059Z","PLET","DASSH","https://www.dassh.ac.uk/lifeforms/docs/automation_guidance.txt","documented web export interface, 2026-08-08","per underlying dataset","GET","https://www.dassh.ac.uk/lifeforms/docs/automation_guidance.txt","c539c6675e00e32939993d461b11889d6b835b56839675e3fbf7dd0a6d069c28","automation_guidance","POLYGON ((-5 48, 13.06914 48, 13.06914 62, -5 62, -5 48))","automation_guidance","2026-08-08T10:51:00Z",200,4,"search_runs/SEARCH-PLET-20260808T105059Z/automation_guidance.txt","ea6a9629d1b50b26855f9c935727260d7eb1b4d7c0d51f413aded3e93c9580c8",3832,"text/plain",1,,TRUE
"SEARCH-ICESDOME-20260808T105100Z","ICES DOME","ICES","https://dome.ices.dk/api/swagger/v1/swagger.json","OpenAPI v1","CC BY 4.0","GET","https://dome.ices.dk/api/swagger/v1/swagger.json","b1cbd49392a6218379dfbddf719a9fff4d26d4f2a99395ed8a7457e265596cf0","swagger","POLYGON ((-5 48, 13.06914 48, 13.06914 62, -5 62, -5 48))","swagger","2026-08-08T10:51:00Z",200,4,"search_runs/SEARCH-ICESDOME-20260808T105100Z/swagger.json","564ed864e5592926d19509de3298ac0ee971b45799f1130d3c319e6023116412",39347,"application/json;charset=utf-8",1,,TRUE
"SEARCH-ICESDOME-20260808T105100Z","ICES DOME","ICES","https://dome.ices.dk/views/phytoplankton.aspx","OpenAPI v1","CC BY 4.0","GET","https://dome.ices.dk/views/phytoplankton.aspx","4fbe5f5b7aa8cd646d78d599af629c5b0d3deb97557245dc1808ebe2d2a728e3","phytoplankton_view","POLYGON ((-5 48, 13.06914 48, 13.06914 62, -5 62, -5 48))","phytoplankton_view","2026-08-08T10:51:06Z",200,4,"search_runs/SEARCH-ICESDOME-20260808T105100Z/phytoplankton_view.html","1b8cf283e2f9e5185aa31d79f23be839b5513d1352e3f156fb513d0be9eefabf",84652,"text/html; charset=utf-8",1,,TRUE
"SEARCH-ICESDOME-20260808T105100Z","ICES DOME","ICES","https://dome.ices.dk/api/GetCommunity_GetListYears","OpenAPI v1","CC BY 4.0","GET","https://dome.ices.dk/api/GetCommunity_GetListYears","beca59d7ccfe076e83a0310a26a2ecb0a53d44c877eb3cc000d31c8af198cb81","community_years","POLYGON ((-5 48, 13.06914 48, 13.06914 62, -5 62, -5 48))","community_years","2026-08-08T10:51:06Z",200,4,"search_runs/SEARCH-ICESDOME-20260808T105100Z/community_years.json","ac3118d3c98ed89172f7466d0bffedf98d3019cd02a1426f8db935b904d0fab6",995,"application/json; charset=utf-8",71,,TRUE
"SEARCH-ICESDOME-20260808T105100Z","ICES DOME","ICES","https://dome.ices.dk/api/Download/GetPPCachedViewTimestampPEGproduct","OpenAPI v1","CC BY 4.0","GET","https://dome.ices.dk/api/Download/GetPPCachedViewTimestampPEGproduct","3513c00fce20e6f66908171e15f065f6533876210b16f20f4b547dce0f43e961","phytoplankton_cache","POLYGON ((-5 48, 13.06914 48, 13.06914 62, -5 62, -5 48))","phytoplankton_cache","2026-08-08T10:51:06Z",200,4,"search_runs/SEARCH-ICESDOME-20260808T105100Z/phytoplankton_cache.json","9aed7592df6a79bfceebb1d5da71b712915dd54ac67ca0dda23daab5dbf836c7",38,"application/json; charset=utf-8",1,,TRUE
"SEARCH-EMODNET-20260808T105106Z","EMODnet ERDDAP","EMODnet","https://erddap.emodnet.eu/erddap/search/index.json","ERDDAP search/index.json","per dataset","GET","https://erddap.emodnet.eu/erddap/search/index.json?page=1&itemsPerPage=1000&searchFor=phytoplankton","4282299fbd5a1fe7a1e2f11888241904f141ee68a95f6d6aeedc6550b18d07bb","phytoplankton","POLYGON ((-5 48, 13.06914 48, 13.06914 62, -5 62, -5 48))","1","2026-08-08T10:51:06Z",200,4,"search_runs/SEARCH-EMODNET-20260808T105106Z/query_01_page_0001.json","94e0938ef659417499f570ef1173b2c33de73786f194b8ca60394a871e26402b",6649,"application/json;charset=UTF-8",4,,TRUE
"SEARCH-EMODNET-20260808T105106Z","EMODnet ERDDAP","EMODnet","https://erddap.emodnet.eu/erddap/search/index.json","ERDDAP search/index.json","per dataset","GET","https://erddap.emodnet.eu/erddap/search/index.json?page=1&itemsPerPage=1000&searchFor=Phaeocystis","4fb2a2ceddad11514d358d0ec71a3d82f87361c6de99d6e6d287d482fce337a4","Phaeocystis","POLYGON ((-5 48, 13.06914 48, 13.06914 62, -5 62, -5 48))","1","2026-08-08T10:51:09Z",404,4,"search_runs/SEARCH-EMODNET-20260808T105106Z/query_02_page_0001.json","6ba1c3983c4fc1eb96e53f926621274cc7e9b687616e26dc3b1a75c0044fbcd4",163,"text/plain;charset=UTF-8",0,,TRUE
"SEARCH-EMODNET-20260808T105106Z","EMODnet ERDDAP","EMODnet","https://erddap.emodnet.eu/erddap/search/index.json","ERDDAP search/index.json","per dataset","GET","https://erddap.emodnet.eu/erddap/search/index.json?page=1&itemsPerPage=1000&searchFor=diatom","20d2a36f3f662c31885bf375f6bab1b1c3bbf3514881653a7d470e5b5b4cabc0","diatom","POLYGON ((-5 48, 13.06914 48, 13.06914 62, -5 62, -5 48))","1","2026-08-08T10:51:11Z",404,4,"search_runs/SEARCH-EMODNET-20260808T105106Z/query_03_page_0001.json","6ba1c3983c4fc1eb96e53f926621274cc7e9b687616e26dc3b1a75c0044fbcd4",163,"text/plain;charset=UTF-8",0,,TRUE
"SEARCH-EMODNET-20260808T105106Z","EMODnet ERDDAP","EMODnet","https://erddap.emodnet.eu/erddap/search/index.json","ERDDAP search/index.json","per dataset","GET","https://erddap.emodnet.eu/erddap/search/index.json?page=1&itemsPerPage=1000&searchFor=dinoflagellate","d9b739a9a80fa985a5da2d6a3bde7e46d7d1671be358a3117acedfdc23fcac74","dinoflagellate","POLYGON ((-5 48, 13.06914 48, 13.06914 62, -5 62, -5 48))","1","2026-08-08T10:51:13Z",404,4,"search_runs/SEARCH-EMODNET-20260808T105106Z/query_04_page_0001.json","6ba1c3983c4fc1eb96e53f926621274cc7e9b687616e26dc3b1a75c0044fbcd4",163,"text/plain;charset=UTF-8",0,,TRUE
"SEARCH-EMODNET-20260808T105106Z","EMODnet ERDDAP","EMODnet","https://erddap.emodnet.eu/erddap/search/index.json","ERDDAP search/index.json","per dataset","GET","https://erddap.emodnet.eu/erddap/search/index.json?page=1&itemsPerPage=1000&searchFor=coccolithophore","619ba1e531d09b2a7fdc73a31b8f32504ef29cd98758ebd71637261f9d83ec12","coccolithophore","POLYGON ((-5 48, 13.06914 48, 13.06914 62, -5 62, -5 48))","1","2026-08-08T10:51:15Z",404,4,"search_runs/SEARCH-EMODNET-20260808T105106Z/query_05_page_0001.json","6ba1c3983c4fc1eb96e53f926621274cc7e9b687616e26dc3b1a75c0044fbcd4",163,"text/plain;charset=UTF-8",0,,TRUE
"SEARCH-EMODNET-20260808T105106Z","EMODnet ERDDAP","EMODnet","https://erddap.emodnet.eu/erddap/search/index.json","ERDDAP search/index.json","per dataset","GET","https://erddap.emodnet.eu/erddap/search/index.json?page=1&itemsPerPage=1000&searchFor=picoplankton","f0407407286476786b2a5825ce9c1eec6692a1301d0aa2f9345208293191b5d1","picoplankton","POLYGON ((-5 48, 13.06914 48, 13.06914 62, -5 62, -5 48))","1","2026-08-08T10:51:17Z",404,4,"search_runs/SEARCH-EMODNET-20260808T105106Z/query_06_page_0001.json","6ba1c3983c4fc1eb96e53f926621274cc7e9b687616e26dc3b1a75c0044fbcd4",163,"text/plain;charset=UTF-8",0,,TRUE
"SEARCH-EMODNET-20260808T105106Z","EMODnet ERDDAP","EMODnet","https://erddap.emodnet.eu/erddap/search/index.json","ERDDAP search/index.json","per dataset","GET","https://erddap.emodnet.eu/erddap/search/index.json?page=1&itemsPerPage=1000&searchFor=nanophytoplankton","248f838cb097f1186847cbc5482b7af9bd04bc0278988133cb8e4c9a35db857e","nanophytoplankton","POLYGON ((-5 48, 13.06914 48, 13.06914 62, -5 62, -5 48))","1","2026-08-08T10:51:19Z",404,4,"search_runs/SEARCH-EMODNET-20260808T105106Z/query_07_page_0001.json","6ba1c3983c4fc1eb96e53f926621274cc7e9b687616e26dc3b1a75c0044fbcd4",163,"text/plain;charset=UTF-8",0,,TRUE
"SEARCH-EMODNET-20260808T105106Z","EMODnet ERDDAP","EMODnet","https://erddap.emodnet.eu/erddap/search/index.json","ERDDAP search/index.json","per dataset","GET","https://erddap.emodnet.eu/erddap/search/index.json?page=1&itemsPerPage=1000&searchFor=abundance","691724508fdd17193b1a8b9ea8966af4ffdb2237ba968692d2e8fcb8f1d1d8b8","abundance","POLYGON ((-5 48, 13.06914 48, 13.06914 62, -5 62, -5 48))","1","2026-08-08T10:51:19Z",200,4,"search_runs/SEARCH-EMODNET-20260808T105106Z/query_08_page_0001.json","d42eb85d7641f4e2ef33209365b56888f08270c667f7065ad2b8c30d54575767",8182,"application/json;charset=UTF-8",5,,TRUE
"SEARCH-EMODNET-20260808T105106Z","EMODnet ERDDAP","EMODnet","https://erddap.emodnet.eu/erddap/search/index.json","ERDDAP search/index.json","per dataset","GET","https://erddap.emodnet.eu/erddap/search/index.json?page=1&itemsPerPage=1000&searchFor=biomass","75b51a78f4ed0d67914fa307a681b04233051e15414bc9cdeb0381a0cde8c251","biomass","POLYGON ((-5 48, 13.06914 48, 13.06914 62, -5 62, -5 48))","1","2026-08-08T10:51:19Z",200,4,"search_runs/SEARCH-EMODNET-20260808T105106Z/query_09_page_0001.json","58e3b5b47414cce569c5c692d974b039a14242340b047fbac3c3500fc9cfe44f",4918,"application/json;charset=UTF-8",3,,TRUE
"SEARCH-EMODNET-20260808T105106Z","EMODnet ERDDAP","EMODnet","https://erddap.emodnet.eu/erddap/search/index.json","ERDDAP search/index.json","per dataset","GET","https://erddap.emodnet.eu/erddap/search/index.json?page=1&itemsPerPage=1000&searchFor=biovolume","0c253ef30d0a73b7faffa8d1a6a126ada44e9ef113dd950131c4341e4efb24f7","biovolume","POLYGON ((-5 48, 13.06914 48, 13.06914 62, -5 62, -5 48))","1","2026-08-08T10:51:21Z",404,4,"search_runs/SEARCH-EMODNET-20260808T105106Z/query_10_page_0001.json","6ba1c3983c4fc1eb96e53f926621274cc7e9b687616e26dc3b1a75c0044fbcd4",163,"text/plain;charset=UTF-8",0,,TRUE
"SEARCH-EMODNET-20260808T105106Z","EMODnet ERDDAP","EMODnet","https://erddap.emodnet.eu/erddap/search/index.json","ERDDAP search/index.json","per dataset","GET","https://erddap.emodnet.eu/erddap/search/index.json?page=1&itemsPerPage=1000&searchFor=carbon","1f83c1df6b8ed4cb39862defed462de7f09c7b2f633aaef5eb1d2a7776ee5221","carbon","POLYGON ((-5 48, 13.06914 48, 13.06914 62, -5 62, -5 48))","1","2026-08-08T10:51:21Z",200,4,"search_runs/SEARCH-EMODNET-20260808T105106Z/query_11_page_0001.json","733e53c47b2ed649b055fb135bebca9be5d00a802a5f59ac81cebfecbd054159",2973,"application/json;charset=UTF-8",1,,TRUE
"SEARCH-EMODNET-20260808T105106Z","EMODnet ERDDAP","EMODnet","https://erddap.emodnet.eu/erddap/search/index.json","ERDDAP search/index.json","per dataset","GET","https://erddap.emodnet.eu/erddap/search/index.json?page=1&itemsPerPage=1000&searchFor=species%20composition","e9697e9cfbbe030c60d99c7934a9a03b1b6552be036c24a35b7a0776acf824e1","species composition","POLYGON ((-5 48, 13.06914 48, 13.06914 62, -5 62, -5 48))","1","2026-08-08T10:51:21Z",200,4,"search_runs/SEARCH-EMODNET-20260808T105106Z/query_12_page_0001.json","711ceb324d0f5bb4bd099b2ee4774b9bce3bcbcd9a9f179c05205a11baec9b89",3744,"application/json;charset=UTF-8",1,,TRUE
"SEARCH-EMODNET-20260808T105106Z","EMODnet ERDDAP","EMODnet","https://erddap.emodnet.eu/erddap/search/index.json","ERDDAP search/index.json","per dataset","GET","https://erddap.emodnet.eu/erddap/search/index.json?page=1&itemsPerPage=1000&searchFor=bloom%20monitoring","c769660d715aae14166d56aa6e071fb7e296a04a2f307566c0fcc6d4f429a8ea","bloom monitoring","POLYGON ((-5 48, 13.06914 48, 13.06914 62, -5 62, -5 48))","1","2026-08-08T10:51:23Z",404,4,"search_runs/SEARCH-EMODNET-20260808T105106Z/query_13_page_0001.json","091c0c9be2745ec9accbb6acedb06a235685d252ff397c94580872bd9ee34c57",193,"text/plain;charset=UTF-8",0,,TRUE
"SEARCH-EMODNET-20260808T105106Z","EMODnet ERDDAP","EMODnet","https://erddap.emodnet.eu/erddap/search/index.json","ERDDAP search/index.json","per dataset","GET","https://erddap.emodnet.eu/erddap/search/index.json?page=1&itemsPerPage=1000&searchFor=chlorophyll","6e0ec5f578c7507e36e0562b187f7dd7b2f1d5f636a54e9bfa25ec17763bc033","chlorophyll","POLYGON ((-5 48, 13.06914 48, 13.06914 62, -5 62, -5 48))","1","2026-08-08T10:51:23Z",200,4,"search_runs/SEARCH-EMODNET-20260808T105106Z/query_14_page_0001.json","653c111b71b67b848366e7ea5d0a594b6819992586f8dd14e759aa7dce000534",321571,"application/json;charset=UTF-8",116,,TRUE
"SEARCH-EMODNET-20260808T105106Z","EMODnet ERDDAP","EMODnet","https://erddap.emodnet.eu/erddap/search/index.json","ERDDAP search/index.json","per dataset","GET","https://erddap.emodnet.eu/erddap/search/index.json?page=1&itemsPerPage=1000&searchFor=pigment","ad77ad497e8d2e8f6a5bb3d4d923dd4cd573c2cb09f2661dc644413388233bde","pigment","POLYGON ((-5 48, 13.06914 48, 13.06914 62, -5 62, -5 48))","1","2026-08-08T10:51:23Z",200,4,"search_runs/SEARCH-EMODNET-20260808T105106Z/query_15_page_0001.json","779eb497737fd9688df3189b3a9d0dd84e97445641096e4af5656217466b3970",188697,"application/json;charset=UTF-8",76,,TRUE
"SEARCH-EMODNET-20260808T105106Z","EMODnet ERDDAP","EMODnet","https://erddap.emodnet.eu/erddap/search/index.json","ERDDAP search/index.json","per dataset","GET","https://erddap.emodnet.eu/erddap/search/index.json?page=1&itemsPerPage=1000&searchFor=flow%20cytometry","8ea7f997fb349e711b8a534bfa4bd2b4f46d031fa3548664ef36c85d24b82bf2","flow cytometry","POLYGON ((-5 48, 13.06914 48, 13.06914 62, -5 62, -5 48))","1","2026-08-08T10:51:25Z",404,4,"search_runs/SEARCH-EMODNET-20260808T105106Z/query_16_page_0001.json","091c0c9be2745ec9accbb6acedb06a235685d252ff397c94580872bd9ee34c57",193,"text/plain;charset=UTF-8",0,,TRUE
"SEARCH-OBIS-20260808T105125Z","OBIS","OBIS","https://api.obis.org/v3/dataset","OBIS v3","per dataset","GET","https://api.obis.org/v3/dataset?scientificname=Bacillariophyta&geometry=POLYGON%20%28%28-5%2048%2C%2013.06914%2048%2C%2013.06914%2062%2C%20-5%2062%2C%20-5%2048%29%29","a4698e132a19233213d4c23b0c951a39be2168114dc4ad6c8ef7ac65a58fc2f4","Bacillariophyta","POLYGON ((-5 48, 13.06914 48, 13.06914 62, -5 62, -5 48))","1","2026-08-08T10:51:34Z",200,4,"search_runs/SEARCH-OBIS-20260808T105125Z/taxon_01.json","8ad6c80088e06e9e3c69589e547f090a4c168ef4e35c1151f778bce2cd39629c",262140,"application/json; charset=utf-8",59,59,TRUE
"SEARCH-OBIS-20260808T105125Z","OBIS","OBIS","https://api.obis.org/v3/dataset","OBIS v3","per dataset","GET","https://api.obis.org/v3/dataset?scientificname=Dinoflagellata&geometry=POLYGON%20%28%28-5%2048%2C%2013.06914%2048%2C%2013.06914%2062%2C%20-5%2062%2C%20-5%2048%29%29","6bc35deb3d6b368abc752bf9f566b33c7dc7ca18f37e7a87b25f831f8070515e","Dinoflagellata","POLYGON ((-5 48, 13.06914 48, 13.06914 62, -5 62, -5 48))","1","2026-08-08T10:51:36Z",200,4,"search_runs/SEARCH-OBIS-20260808T105125Z/taxon_02.json","8a9c2e7a076f2a40cc2fbb143b94df3c9b9973e2bf99f81d32c90a73b0a41144",683210,"application/json; charset=utf-8",151,151,TRUE
"SEARCH-OBIS-20260808T105125Z","OBIS","OBIS","https://api.obis.org/v3/dataset","OBIS v3","per dataset","GET","https://api.obis.org/v3/dataset?scientificname=Haptophyta&geometry=POLYGON%20%28%28-5%2048%2C%2013.06914%2048%2C%2013.06914%2062%2C%20-5%2062%2C%20-5%2048%29%29","fd859dc4663dbfac44097bec45b8aafccfe9f2c5f9dd67b5d4ec111af33dd7b7","Haptophyta","POLYGON ((-5 48, 13.06914 48, 13.06914 62, -5 62, -5 48))","1","2026-08-08T10:51:48Z",200,4,"search_runs/SEARCH-OBIS-20260808T105125Z/taxon_03.json","2d071bfd8b299ca3d023906a9f9262e8114dc6e9914b348e5c713ea6bb4cc38b",554909,"application/json; charset=utf-8",121,121,TRUE
"SEARCH-OBIS-20260808T105125Z","OBIS","OBIS","https://api.obis.org/v3/dataset","OBIS v3","per dataset","GET","https://api.obis.org/v3/dataset?scientificname=Cyanobacteria&geometry=POLYGON%20%28%28-5%2048%2C%2013.06914%2048%2C%2013.06914%2062%2C%20-5%2062%2C%20-5%2048%29%29","954c05635cbdb2e62139c0343691052b4273359ff325ce82d3024ed835d6ea12","Cyanobacteria","POLYGON ((-5 48, 13.06914 48, 13.06914 62, -5 62, -5 48))","1","2026-08-08T10:51:59Z",200,4,"search_runs/SEARCH-OBIS-20260808T105125Z/taxon_04.json","5ffc105c77eeb9a4f5cc117a81da8e254b9deb47181ca912a3824dbde5e0885e",494087,"application/json; charset=utf-8",123,123,TRUE
"SEARCH-OBIS-20260808T105125Z","OBIS","OBIS","https://api.obis.org/v3/dataset","OBIS v3","per dataset","GET","https://api.obis.org/v3/dataset?scientificname=Chlorophyta&geometry=POLYGON%20%28%28-5%2048%2C%2013.06914%2048%2C%2013.06914%2062%2C%20-5%2062%2C%20-5%2048%29%29","5040a4269a7bea53abc807c6ad1d4e32929bc30d60995667af2710cfdc36b73c","Chlorophyta","POLYGON ((-5 48, 13.06914 48, 13.06914 62, -5 62, -5 48))","1","2026-08-08T10:52:04Z",200,4,"search_runs/SEARCH-OBIS-20260808T105125Z/taxon_05.json","7386af9bd1a4708c349aaf087dbc0ae7c7710bb8c64005de21de92367ef0b246",882472,"application/json; charset=utf-8",208,208,TRUE
"SEARCH-OBIS-20260808T105125Z","OBIS","OBIS","https://api.obis.org/v3/dataset","OBIS v3","per dataset","GET","https://api.obis.org/v3/dataset?scientificname=Phaeocystis&geometry=POLYGON%20%28%28-5%2048%2C%2013.06914%2048%2C%2013.06914%2062%2C%20-5%2062%2C%20-5%2048%29%29","c5bc76f6168790280db605e1d16b21aa9d1662dae5f4b7455d9cccda4609c21b","Phaeocystis","POLYGON ((-5 48, 13.06914 48, 13.06914 62, -5 62, -5 48))","1","2026-08-08T10:52:06Z",200,4,"search_runs/SEARCH-OBIS-20260808T105125Z/taxon_06.json","eee029adee33d17be98a62c7503a4a7149f3289b9033e7371bfea8e218d41cdc",454802,"application/json; charset=utf-8",94,94,TRUE
"SEARCH-SMHISHARK-20260808T105206Z","SMHI SHARK","SMHI","https://shark.smhi.se/api/dataset/list.json","SHARK dataset list API","CC0 metadata; per dataset","GET","https://shark.smhi.se/api/dataset/list.json?datatype=Phytoplankton","238902bc770503892721d73092bdfba85a3b27f1029e5bbd7c555147d3851598","datatype=Phytoplankton","POLYGON ((-5 48, 13.06914 48, 13.06914 62, -5 62, -5 48))","1","2026-08-08T10:52:07Z",200,4,"search_runs/SEARCH-SMHISHARK-20260808T105206Z/phytoplankton.json","bf28fbd8434b4c9a927fe9a7c1ed57861d8bbb1b2cb4b2d9184c3d4274b6afbb",40301,"application/json; charset=utf-8",219,219,TRUE
"SEARCH-PANGAEA-20260808T105207Z","PANGAEA","PANGAEA","https://ws.pangaea.de/es/pangaea/panmd/_search","Elasticsearch panmd search/scroll","per dataset","GET","https://ws.pangaea.de/es/pangaea/panmd/_search?scroll=5m&q=%28%22phytoplankton%22%20OR%20%22Phaeocystis%22%20OR%20%22diatom%22%20OR%20%22dinoflagellate%22%20OR%20%22coccolithophore%22%20OR%20%22picoplankton%22%20OR%20%22nanophytoplankton%22%29%20AND%20%28%22North%20Sea%22%20OR%20%22Greater%20North%20Sea%22%20OR%20%22German%20Bight%22%20OR%20%22Dutch%20Continental%20Shelf%22%20OR%20%22Belgian%20Part%20of%20the%20North%20Sea%22%20OR%20%22Skagerrak%22%20OR%20%22Kattegat%22%29&size=250","c07c93180469a096d8152c4cedb2a02e9759eeec65a4c0b66e5e5fb42103c001","(""phytoplankton"" OR ""Phaeocystis"" OR ""diatom"" OR ""dinoflagellate"" OR ""coccolithophore"" OR ""picoplankton"" OR ""nanophytoplankton"") AND (""North Sea"" OR ""Greater North Sea"" OR ""German Bight"" OR ""Dutch Continental Shelf"" OR ""Belgian Part of the North Sea"" OR ""Skagerrak"" OR ""Kattegat"")","POLYGON ((-5 48, 13.06914 48, 13.06914 62, -5 62, -5 48))","initial","2026-08-08T10:52:08Z",200,4,"search_runs/SEARCH-PANGAEA-20260808T105207Z/response_page_0001.json","583eb8a0984a6b234bde5f4abdde6c397a76fd0c5a4313bd09378aae4ef21360",12821175,"application/json; charset=UTF-8",250,966,TRUE
"SEARCH-PANGAEA-20260808T105207Z","PANGAEA","PANGAEA","https://ws.pangaea.de/es/_search/scroll","Elasticsearch panmd search/scroll","per dataset","POST","{""scroll"":""5m"",""scroll_id"":""DnF1ZXJ5VGhlbkZldGNoBQAAAAAAQAN0FkdzR1ZSQlpSUWVxNTBXNUpUVlVZMncAAAAAAEADdRZHc0dWUkJaUlFlcTUwVzVKVFZVWTJ3AAAAAABAA3gWR3NHVlJCWlJRZXE1MFc1SlRWVVkydwAAAAAAQAN2FkdzR1ZSQlpSUWVxNTBXNUpUVlVZMncAAAAAAEADdxZHc0dWUkJaUlFlcTUwVzVKVFZVWTJ3""}","db7aec4055e7fd76af0d54bb00ecf15f953403e766559867ed1261df6081ef5a","(""phytoplankton"" OR ""Phaeocystis"" OR ""diatom"" OR ""dinoflagellate"" OR ""coccolithophore"" OR ""picoplankton"" OR ""nanophytoplankton"") AND (""North Sea"" OR ""Greater North Sea"" OR ""German Bight"" OR ""Dutch Continental Shelf"" OR ""Belgian Part of the North Sea"" OR ""Skagerrak"" OR ""Kattegat"")","POLYGON ((-5 48, 13.06914 48, 13.06914 62, -5 62, -5 48))","DnF1ZXJ5VGhlbkZldGNoBQAA","2026-08-08T10:52:11Z",200,4,"search_runs/SEARCH-PANGAEA-20260808T105207Z/response_page_0002.json","1fb7c27afb5f27964106aed56b0f0eb1b77998406ff0e19e7d4f7a1ac83810a3",28632166,"application/json; charset=UTF-8",250,966,TRUE
"SEARCH-PANGAEA-20260808T105207Z","PANGAEA","PANGAEA","https://ws.pangaea.de/es/_search/scroll","Elasticsearch panmd search/scroll","per dataset","POST","{""scroll"":""5m"",""scroll_id"":""DnF1ZXJ5VGhlbkZldGNoBQAAAAAAQAN0FkdzR1ZSQlpSUWVxNTBXNUpUVlVZMncAAAAAAEADdRZHc0dWUkJaUlFlcTUwVzVKVFZVWTJ3AAAAAABAA3gWR3NHVlJCWlJRZXE1MFc1SlRWVVkydwAAAAAAQAN2FkdzR1ZSQlpSUWVxNTBXNUpUVlVZMncAAAAAAEADdxZHc0dWUkJaUlFlcTUwVzVKVFZVWTJ3""}","db7aec4055e7fd76af0d54bb00ecf15f953403e766559867ed1261df6081ef5a","(""phytoplankton"" OR ""Phaeocystis"" OR ""diatom"" OR ""dinoflagellate"" OR ""coccolithophore"" OR ""picoplankton"" OR ""nanophytoplankton"") AND (""North Sea"" OR ""Greater North Sea"" OR ""German Bight"" OR ""Dutch Continental Shelf"" OR ""Belgian Part of the North Sea"" OR ""Skagerrak"" OR ""Kattegat"")","POLYGON ((-5 48, 13.06914 48, 13.06914 62, -5 62, -5 48))","DnF1ZXJ5VGhlbkZldGNoBQAA","2026-08-08T10:52:18Z",200,4,"search_runs/SEARCH-PANGAEA-20260808T105207Z/response_page_0003.json","1aca35f92540741b79120bc9ea8d286bb6e98cc5fe35b8f3af5bc8860fea5d86",60375627,"application/json; charset=UTF-8",250,966,TRUE
"SEARCH-PANGAEA-20260808T105207Z","PANGAEA","PANGAEA","https://ws.pangaea.de/es/_search/scroll","Elasticsearch panmd search/scroll","per dataset","POST","{""scroll"":""5m"",""scroll_id"":""DnF1ZXJ5VGhlbkZldGNoBQAAAAAAQAN0FkdzR1ZSQlpSUWVxNTBXNUpUVlVZMncAAAAAAEADdRZHc0dWUkJaUlFlcTUwVzVKVFZVWTJ3AAAAAABAA3gWR3NHVlJCWlJRZXE1MFc1SlRWVVkydwAAAAAAQAN2FkdzR1ZSQlpSUWVxNTBXNUpUVlVZMncAAAAAAEADdxZHc0dWUkJaUlFlcTUwVzVKVFZVWTJ3""}","db7aec4055e7fd76af0d54bb00ecf15f953403e766559867ed1261df6081ef5a","(""phytoplankton"" OR ""Phaeocystis"" OR ""diatom"" OR ""dinoflagellate"" OR ""coccolithophore"" OR ""picoplankton"" OR ""nanophytoplankton"") AND (""North Sea"" OR ""Greater North Sea"" OR ""German Bight"" OR ""Dutch Continental Shelf"" OR ""Belgian Part of the North Sea"" OR ""Skagerrak"" OR ""Kattegat"")","POLYGON ((-5 48, 13.06914 48, 13.06914 62, -5 62, -5 48))","DnF1ZXJ5VGhlbkZldGNoBQAA","2026-08-08T10:52:23Z",200,4,"search_runs/SEARCH-PANGAEA-20260808T105207Z/response_page_0004.json","f933a21d3e94d22d9dc74401e7656f0554b3a5a32dc5f6a20881bdcc337f3366",55421121,"application/json; charset=UTF-8",216,966,TRUE
"SEARCH-PANGAEA-20260808T105207Z","PANGAEA","PANGAEA","https://ws.pangaea.de/es/_search/scroll","Elasticsearch panmd search/scroll","per dataset","POST","{""scroll"":""5m"",""scroll_id"":""DnF1ZXJ5VGhlbkZldGNoBQAAAAAAQAN0FkdzR1ZSQlpSUWVxNTBXNUpUVlVZMncAAAAAAEADdRZHc0dWUkJaUlFlcTUwVzVKVFZVWTJ3AAAAAABAA3gWR3NHVlJCWlJRZXE1MFc1SlRWVVkydwAAAAAAQAN2FkdzR1ZSQlpSUWVxNTBXNUpUVlVZMncAAAAAAEADdxZHc0dWUkJaUlFlcTUwVzVKVFZVWTJ3""}","db7aec4055e7fd76af0d54bb00ecf15f953403e766559867ed1261df6081ef5a","(""phytoplankton"" OR ""Phaeocystis"" OR ""diatom"" OR ""dinoflagellate"" OR ""coccolithophore"" OR ""picoplankton"" OR ""nanophytoplankton"") AND (""North Sea"" OR ""Greater North Sea"" OR ""German Bight"" OR ""Dutch Continental Shelf"" OR ""Belgian Part of the North Sea"" OR ""Skagerrak"" OR ""Kattegat"")","POLYGON ((-5 48, 13.06914 48, 13.06914 62, -5 62, -5 48))","DnF1ZXJ5VGhlbkZldGNoBQAA","2026-08-08T10:52:23Z",200,4,"search_runs/SEARCH-PANGAEA-20260808T105207Z/response_page_0005.json","288e88535f304ead3575815b7b1060fc574e5457acd179ee0347fdf3013887bc",385,"application/json; charset=UTF-8",0,966,TRUE
"SEARCH-GBIF-20260808T105223Z","GBIF","GBIF","https://api.gbif.org/v1/dataset/search","REST v1 dataset/search","per dataset","GET","https://api.gbif.org/v1/dataset/search?q=phytoplankton&offset=0&limit=1000","3d98db7d4654a173362bf304a3e6f0989c7109a8c7c4d55e15c2ae4c6b5d7e71","phytoplankton","POLYGON ((-5 48, 13.06914 48, 13.06914 62, -5 62, -5 48))","1","2026-08-08T10:52:24Z",200,4,"search_runs/SEARCH-GBIF-20260808T105223Z/query_001_page_0001.json","55b3dc71a5cffde930739b331b34c2cf54f972d3fa98fded210a6998916dfa5e",826920,"application/json",692,692,TRUE
"SEARCH-GBIF-20260808T105223Z","GBIF","GBIF","https://api.gbif.org/v1/dataset/search","REST v1 dataset/search","per dataset","GET","https://api.gbif.org/v1/dataset/search?q=Phaeocystis&offset=0&limit=1000","aae315c5d9f82fcf5def993c48fbf783e163591caf3bd090e90c97f7d258a65f","Phaeocystis","POLYGON ((-5 48, 13.06914 48, 13.06914 62, -5 62, -5 48))","1","2026-08-08T10:52:24Z",200,4,"search_runs/SEARCH-GBIF-20260808T105223Z/query_002_page_0001.json","796a8c4d5b46c094c33e5f40f4a04489fdc193246c95e73997675ea96b3b954e",19202,"application/json",9,9,TRUE
"SEARCH-GBIF-20260808T105223Z","GBIF","GBIF","https://api.gbif.org/v1/dataset/search","REST v1 dataset/search","per dataset","GET","https://api.gbif.org/v1/dataset/search?q=diatom&offset=0&limit=1000","dfc8c24982eb262cc5de100d07be4d2fee3fa5e2ca414fd68aa114c576cb28ea","diatom","POLYGON ((-5 48, 13.06914 48, 13.06914 62, -5 62, -5 48))","1","2026-08-08T10:52:24Z",200,4,"search_runs/SEARCH-GBIF-20260808T105223Z/query_003_page_0001.json","1a0097c5bdeebc7678c623e0332b1be2befc4b520e080eef7cbd7ee6654069a3",1876985,"application/json",1000,4690,TRUE
"SEARCH-GBIF-20260808T105223Z","GBIF","GBIF","https://api.gbif.org/v1/dataset/search","REST v1 dataset/search","per dataset","GET","https://api.gbif.org/v1/dataset/search?q=diatom&offset=1000&limit=1000","48e542f452b5e3ccc994d7c0bc6bbef268857c901e1db8f5a0ebdd00e662d816","diatom","POLYGON ((-5 48, 13.06914 48, 13.06914 62, -5 62, -5 48))","2","2026-08-08T10:52:25Z",200,4,"search_runs/SEARCH-GBIF-20260808T105223Z/query_003_page_0002.json","1e1ed7074910bbafbe835ea6a0209b745348a163016760afd3fac8ff273a45ff",2042790,"application/json",1000,4690,TRUE
"SEARCH-GBIF-20260808T105223Z","GBIF","GBIF","https://api.gbif.org/v1/dataset/search","REST v1 dataset/search","per dataset","GET","https://api.gbif.org/v1/dataset/search?q=diatom&offset=2000&limit=1000","8dba93aeef99e1d1e4e1e1c72bd8cb7c566000501a0ab5496933307e7688f402","diatom","POLYGON ((-5 48, 13.06914 48, 13.06914 62, -5 62, -5 48))","3","2026-08-08T10:52:25Z",200,4,"search_runs/SEARCH-GBIF-20260808T105223Z/query_003_page_0003.json","3217dca758c158996e45a59b4d894aaa04f90f7edd268bd996b6b263a9922c06",2506741,"application/json",1000,4690,TRUE
"SEARCH-GBIF-20260808T105223Z","GBIF","GBIF","https://api.gbif.org/v1/dataset/search","REST v1 dataset/search","per dataset","GET","https://api.gbif.org/v1/dataset/search?q=diatom&offset=3000&limit=1000","8ca2cca84b92208165242ad274eb85133154222457952b7253f57fc946ff2531","diatom","POLYGON ((-5 48, 13.06914 48, 13.06914 62, -5 62, -5 48))","4","2026-08-08T10:52:26Z",200,4,"search_runs/SEARCH-GBIF-20260808T105223Z/query_003_page_0004.json","03a119fa8992219108e43cc0bc211d1776207aeec8d3cf5e0ba8d3d60fbab11d",2267583,"application/json",1000,4690,TRUE
"SEARCH-GBIF-20260808T105223Z","GBIF","GBIF","https://api.gbif.org/v1/dataset/search","REST v1 dataset/search","per dataset","GET","https://api.gbif.org/v1/dataset/search?q=diatom&offset=4000&limit=1000","158ce6e325491914c48fe31be6d240bf7402d448c0c4e829bf6dce6732880453","diatom","POLYGON ((-5 48, 13.06914 48, 13.06914 62, -5 62, -5 48))","5","2026-08-08T10:52:26Z",200,4,"search_runs/SEARCH-GBIF-20260808T105223Z/query_003_page_0005.json","c73c174479ed0f4cba8c4f26c3331172b6f0d4ae21680522f27257fe29bf582a",1760762,"application/json",690,4690,TRUE
"SEARCH-GBIF-20260808T105223Z","GBIF","GBIF","https://api.gbif.org/v1/dataset/search","REST v1 dataset/search","per dataset","GET","https://api.gbif.org/v1/dataset/search?q=dinoflagellate&offset=0&limit=1000","e7a2d4452dfda3ef7a8f2a96c04317c23c89edf911f7d0129c28c3dee8c11d87","dinoflagellate","POLYGON ((-5 48, 13.06914 48, 13.06914 62, -5 62, -5 48))","1","2026-08-08T10:52:27Z",200,4,"search_runs/SEARCH-GBIF-20260808T105223Z/query_004_page_0001.json","baa573a0e8e2d2a62456eadde8d7db919c2e1c383eedca126a7ea75f9def5d50",419561,"application/json",384,384,TRUE
"SEARCH-GBIF-20260808T105223Z","GBIF","GBIF","https://api.gbif.org/v1/dataset/search","REST v1 dataset/search","per dataset","GET","https://api.gbif.org/v1/dataset/search?q=coccolithophore&offset=0&limit=1000","5ebb9821d1a6be8a0a13fd567c50558f86638583034cce6f6a51ce4e38a03d8c","coccolithophore","POLYGON ((-5 48, 13.06914 48, 13.06914 62, -5 62, -5 48))","1","2026-08-08T10:52:27Z",200,4,"search_runs/SEARCH-GBIF-20260808T105223Z/query_005_page_0001.json","380b04cd0c7e371cf7e7bbd25658b7468c5b46c352059bf2974e128c38281196",93557,"application/json",62,62,TRUE
"SEARCH-GBIF-20260808T105223Z","GBIF","GBIF","https://api.gbif.org/v1/dataset/search","REST v1 dataset/search","per dataset","GET","https://api.gbif.org/v1/dataset/search?q=picoplankton&offset=0&limit=1000","faa78e3923e9f441c0d6ede6debdc7868bcd8a2701b4ed66129b54ce0b6dbe47","picoplankton","POLYGON ((-5 48, 13.06914 48, 13.06914 62, -5 62, -5 48))","1","2026-08-08T10:52:27Z",200,4,"search_runs/SEARCH-GBIF-20260808T105223Z/query_006_page_0001.json","5fe347cc1ff69dfd575ee36b115d364dcb4f12463ff4847f916b52715cae9465",245546,"application/json",243,243,TRUE
"SEARCH-GBIF-20260808T105223Z","GBIF","GBIF","https://api.gbif.org/v1/dataset/search","REST v1 dataset/search","per dataset","GET","https://api.gbif.org/v1/dataset/search?q=nanophytoplankton&offset=0&limit=1000","277fe2a829cda160e5d1bd9774744edf4c311252595973d352e4d054409a4d0d","nanophytoplankton","POLYGON ((-5 48, 13.06914 48, 13.06914 62, -5 62, -5 48))","1","2026-08-08T10:52:27Z",200,4,"search_runs/SEARCH-GBIF-20260808T105223Z/query_007_page_0001.json","e814f848f02341e7afcbbe6519024851ba590ad79fd4713fcdc31c72de85d904",3991,"application/json",3,3,TRUE
"SEARCH-GBIF-20260808T105223Z","GBIF","GBIF","https://api.gbif.org/v1/dataset/search","REST v1 dataset/search","per dataset","GET","https://api.gbif.org/v1/dataset/search?q=phytoplankton%20abundance&offset=0&limit=1000","a3b6b4582ba7558c407559736eb4f5cb87b8a85f064984af3df4e12203bbe0d3","phytoplankton abundance","POLYGON ((-5 48, 13.06914 48, 13.06914 62, -5 62, -5 48))","1","2026-08-08T10:52:27Z",200,4,"search_runs/SEARCH-GBIF-20260808T105223Z/query_008_page_0001.json","ee85cda40cfda00b4654a98d6a6ab0c7b68a1877a7e3bfba648d89bcb94efae4",470493,"application/json",458,458,TRUE
"SEARCH-GBIF-20260808T105223Z","GBIF","GBIF","https://api.gbif.org/v1/dataset/search","REST v1 dataset/search","per dataset","GET","https://api.gbif.org/v1/dataset/search?q=phytoplankton%20biomass&offset=0&limit=1000","5c2489af2b95ce9cd34d44cf4da4f68bf25de6f337ebfb4d7a3b316806169cd0","phytoplankton biomass","POLYGON ((-5 48, 13.06914 48, 13.06914 62, -5 62, -5 48))","1","2026-08-08T10:52:28Z",200,4,"search_runs/SEARCH-GBIF-20260808T105223Z/query_009_page_0001.json","675e8b174da257c15eef2d81aa3c9943cb3cbf72bde20e2b8edb5e31a068c64b",130399,"application/json",85,85,TRUE
"SEARCH-GBIF-20260808T105223Z","GBIF","GBIF","https://api.gbif.org/v1/dataset/search","REST v1 dataset/search","per dataset","GET","https://api.gbif.org/v1/dataset/search?q=phytoplankton%20biovolume&offset=0&limit=1000","1505d5924f11e507833d08a80b4d329ac0f28a757292ede24639aa0b07531a73","phytoplankton biovolume","POLYGON ((-5 48, 13.06914 48, 13.06914 62, -5 62, -5 48))","1","2026-08-08T10:52:28Z",200,4,"search_runs/SEARCH-GBIF-20260808T105223Z/query_010_page_0001.json","5d997db877af35d7abf9833b3d2b2c425b8beebf0f893e16ebe9f6a77cb7dfc0",17337,"application/json",6,6,TRUE
"SEARCH-GBIF-20260808T105223Z","GBIF","GBIF","https://api.gbif.org/v1/dataset/search","REST v1 dataset/search","per dataset","GET","https://api.gbif.org/v1/dataset/search?q=phytoplankton%20carbon&offset=0&limit=1000","252a855e9377c8755d3ad65060d118f1c9804f24f47d78248fd4dc4cce00d2f8","phytoplankton carbon","POLYGON ((-5 48, 13.06914 48, 13.06914 62, -5 62, -5 48))","1","2026-08-08T10:52:28Z",200,4,"search_runs/SEARCH-GBIF-20260808T105223Z/query_011_page_0001.json","f249414d9248e623886d5286e8b23036dda93a6a32e5163b02ac3876b6582493",63655,"application/json",46,46,TRUE
"SEARCH-GBIF-20260808T105223Z","GBIF","GBIF","https://api.gbif.org/v1/dataset/search","REST v1 dataset/search","per dataset","GET","https://api.gbif.org/v1/dataset/search?q=phytoplankton%20species%20composition&offset=0&limit=1000","1910ed4c7a81807013598727ead7098d02ced3d42e1fe2d2e87cf85299b760fe","phytoplankton species composition","POLYGON ((-5 48, 13.06914 48, 13.06914 62, -5 62, -5 48))","1","2026-08-08T10:52:28Z",200,4,"search_runs/SEARCH-GBIF-20260808T105223Z/query_012_page_0001.json","0d199078f656ef59f0b2facfce8eef40a5c7f3027056fdaad8153138a1f0e2da",68255,"application/json",45,45,TRUE
"SEARCH-GBIF-20260808T105223Z","GBIF","GBIF","https://api.gbif.org/v1/dataset/search","REST v1 dataset/search","per dataset","GET","https://api.gbif.org/v1/dataset/search?q=phytoplankton%20bloom%20monitoring&offset=0&limit=1000","38eee092557474bb65bfd261e5ce0ac83f982547ab7ea274565142c978e02700","phytoplankton bloom monitoring","POLYGON ((-5 48, 13.06914 48, 13.06914 62, -5 62, -5 48))","1","2026-08-08T10:52:28Z",200,4,"search_runs/SEARCH-GBIF-20260808T105223Z/query_013_page_0001.json","cebeb137ea6b21e7c0dad17a3f2e8d2242d2ee2e74509553ecbd3df9ca9b2fee",14824,"application/json",6,6,TRUE
"SEARCH-GBIF-20260808T105223Z","GBIF","GBIF","https://api.gbif.org/v1/dataset/search","REST v1 dataset/search","per dataset","GET","https://api.gbif.org/v1/dataset/search?q=phytoplankton%20chlorophyll&offset=0&limit=1000","d6be3a4a968c009d604b53e727c192a3fee0e11adc00871142eb226021e3ef0b","phytoplankton chlorophyll","POLYGON ((-5 48, 13.06914 48, 13.06914 62, -5 62, -5 48))","1","2026-08-08T10:52:29Z",200,4,"search_runs/SEARCH-GBIF-20260808T105223Z/query_014_page_0001.json","12fbf4b3d8c85fd000e87e65ac3103331d4c852467b176c103d4636160eacb08",61887,"application/json",30,30,TRUE
"SEARCH-GBIF-20260808T105223Z","GBIF","GBIF","https://api.gbif.org/v1/dataset/search","REST v1 dataset/search","per dataset","GET","https://api.gbif.org/v1/dataset/search?q=phytoplankton%20pigment&offset=0&limit=1000","722c08bc78a065ae2b9f8ec3251cf284cd39f6bea7474dcb0977f16b12a026c4","phytoplankton pigment","POLYGON ((-5 48, 13.06914 48, 13.06914 62, -5 62, -5 48))","1","2026-08-08T10:52:29Z",200,4,"search_runs/SEARCH-GBIF-20260808T105223Z/query_015_page_0001.json","d027103bed99779a6b6fc4cc509107d30c339dcff786f0b66f29d77955b70d46",27934,"application/json",13,13,TRUE
"SEARCH-GBIF-20260808T105223Z","GBIF","GBIF","https://api.gbif.org/v1/dataset/search","REST v1 dataset/search","per dataset","GET","https://api.gbif.org/v1/dataset/search?q=phytoplankton%20flow%20cytometry&offset=0&limit=1000","4d8d8f86a33be4ac6f6326214068e3610a3c55ce6cdba344d08e1a7f2cb9856e","phytoplankton flow cytometry","POLYGON ((-5 48, 13.06914 48, 13.06914 62, -5 62, -5 48))","1","2026-08-08T10:52:29Z",200,4,"search_runs/SEARCH-GBIF-20260808T105223Z/query_016_page_0001.json","232e8fac21764a8743e38a9d9fda370b41cb723ba1f064be3441c4944439782b",16930,"application/json",9,9,TRUE
"SEARCH-SCOTMARINE-20260808T105229Z","Marine Scotland","Scottish Government Marine Directorate","https://data.marine.gov.scot/api/dataset/node.json","DKAN REST node API","per dataset","GET","https://data.marine.gov.scot/api/dataset/node.json?parameters[type]=dataset&pagesize=20&page=0","bce54db046903f0648d12c3d80a7073198e914f7ab0c4b36be2cdd3da68978c6","complete dataset-node catalogue","POLYGON ((-5 48, 13.06914 48, 13.06914 62, -5 62, -5 48))","0","2026-08-08T10:52:29Z",200,4,"search_runs/SEARCH-SCOTMARINE-20260808T105229Z/catalogue_page_0000.json","622440b0a45e50bf1a19d70dbe9fd704f46a0989e046c7536e4a2eff3ce10db2",8147,"application/json",20,,TRUE
"SEARCH-SCOTMARINE-20260808T105229Z","Marine Scotland","Scottish Government Marine Directorate","https://data.marine.gov.scot/api/dataset/node.json","DKAN REST node API","per dataset","GET","https://data.marine.gov.scot/api/dataset/node.json?parameters[type]=dataset&pagesize=20&page=1","e9b79618d44a79a9eeb299fb207cb8921a33edd7a095351389efb3fb43035c84","complete dataset-node catalogue","POLYGON ((-5 48, 13.06914 48, 13.06914 62, -5 62, -5 48))","1","2026-08-08T10:52:29Z",200,4,"search_runs/SEARCH-SCOTMARINE-20260808T105229Z/catalogue_page_0001.json","16ef4d6fa560f2eb8617a14e7da0e465cb52a83318b2a5383fc893674304a714",8037,"application/json",20,,TRUE
"SEARCH-SCOTMARINE-20260808T105229Z","Marine Scotland","Scottish Government Marine Directorate","https://data.marine.gov.scot/api/dataset/node.json","DKAN REST node API","per dataset","GET","https://data.marine.gov.scot/api/dataset/node.json?parameters[type]=dataset&pagesize=20&page=2","55e86c5fda3b88f1fbefd0bc5bf6859b4cb6b610c37464e0cf13612e7850492a","complete dataset-node catalogue","POLYGON ((-5 48, 13.06914 48, 13.06914 62, -5 62, -5 48))","2","2026-08-08T10:52:29Z",200,4,"search_runs/SEARCH-SCOTMARINE-20260808T105229Z/catalogue_page_0002.json","ceedd4a70f43d8603301125d871d33093f02243a74e89c0ff9bd4fea1567163e",8064,"application/json",20,,TRUE
"SEARCH-SCOTMARINE-20260808T105229Z","Marine Scotland","Scottish Government Marine Directorate","https://data.marine.gov.scot/api/dataset/node.json","DKAN REST node API","per dataset","GET","https://data.marine.gov.scot/api/dataset/node.json?parameters[type]=dataset&pagesize=20&page=3","d3c1a378921481887da9402a603d99954309c1f9b159bc85023621d0c298ee84","complete dataset-node catalogue","POLYGON ((-5 48, 13.06914 48, 13.06914 62, -5 62, -5 48))","3","2026-08-08T10:52:30Z",200,4,"search_runs/SEARCH-SCOTMARINE-20260808T105229Z/catalogue_page_0003.json","797deb4df52f5c18fca86491d71caf7e34aa642659ac8d07245511231cc3f4e6",8053,"application/json",20,,TRUE
"SEARCH-SCOTMARINE-20260808T105229Z","Marine Scotland","Scottish Government Marine Directorate","https://data.marine.gov.scot/api/dataset/node.json","DKAN REST node API","per dataset","GET","https://data.marine.gov.scot/api/dataset/node.json?parameters[type]=dataset&pagesize=20&page=4","9e086e31ed00c822840c9674a05529c985a9b4b837949fae6b0bdd4772e4333e","complete dataset-node catalogue","POLYGON ((-5 48, 13.06914 48, 13.06914 62, -5 62, -5 48))","4","2026-08-08T10:52:30Z",200,4,"search_runs/SEARCH-SCOTMARINE-20260808T105229Z/catalogue_page_0004.json","7f5883f8f3e466ce18b0379a7debee9ff9103bd531f6b673898de9e046d774d9",8107,"application/json",20,,TRUE
"SEARCH-SCOTMARINE-20260808T105229Z","Marine Scotland","Scottish Government Marine Directorate","https://data.marine.gov.scot/api/dataset/node.json","DKAN REST node API","per dataset","GET","https://data.marine.gov.scot/api/dataset/node.json?parameters[type]=dataset&pagesize=20&page=5","6f7a51b42defac2c67db81b7e2f6b8767d85d79ea3b08bea46b884730b02d523","complete dataset-node catalogue","POLYGON ((-5 48, 13.06914 48, 13.06914 62, -5 62, -5 48))","5","2026-08-08T10:52:30Z",200,4,"search_runs/SEARCH-SCOTMARINE-20260808T105229Z/catalogue_page_0005.json","9d8f8c2f0b5d5ae4cbb8eff6776fdc61d3f8e71d9cfc2275474f37937439570d",7979,"application/json",20,,TRUE
"SEARCH-SCOTMARINE-20260808T105229Z","Marine Scotland","Scottish Government Marine Directorate","https://data.marine.gov.scot/api/dataset/node.json","DKAN REST node API","per dataset","GET","https://data.marine.gov.scot/api/dataset/node.json?parameters[type]=dataset&pagesize=20&page=6","3e81948c7ea9c4992cecc0b33060ea34651c18fa1bd2faca2498646ce8f7e8b3","complete dataset-node catalogue","POLYGON ((-5 48, 13.06914 48, 13.06914 62, -5 62, -5 48))","6","2026-08-08T10:52:30Z",200,4,"search_runs/SEARCH-SCOTMARINE-20260808T105229Z/catalogue_page_0006.json","d311e23abd64deca00f547b920d84adc503d3aa2c9402e5cf23782b655955d34",8391,"application/json",20,,TRUE
"SEARCH-SCOTMARINE-20260808T105229Z","Marine Scotland","Scottish Government Marine Directorate","https://data.marine.gov.scot/api/dataset/node.json","DKAN REST node API","per dataset","GET","https://data.marine.gov.scot/api/dataset/node.json?parameters[type]=dataset&pagesize=20&page=7","d951d87590a3cec5b09c4bc893d8e42c76004e78e3e12b4fe35ab083ae9719de","complete dataset-node catalogue","POLYGON ((-5 48, 13.06914 48, 13.06914 62, -5 62, -5 48))","7","2026-08-08T10:52:30Z",200,4,"search_runs/SEARCH-SCOTMARINE-20260808T105229Z/catalogue_page_0007.json","2e1fb5048e3181300364e483b1bba9736d940852e73e0b9e0d3560442a72da98",8146,"application/json",20,,TRUE
"SEARCH-SCOTMARINE-20260808T105229Z","Marine Scotland","Scottish Government Marine Directorate","https://data.marine.gov.scot/api/dataset/node.json","DKAN REST node API","per dataset","GET","https://data.marine.gov.scot/api/dataset/node.json?parameters[type]=dataset&pagesize=20&page=8","4b0c18f65c5e70f4b309e3d8ba971389c92617d91426f490d198b9ac711103e0","complete dataset-node catalogue","POLYGON ((-5 48, 13.06914 48, 13.06914 62, -5 62, -5 48))","8","2026-08-08T10:52:30Z",200,4,"search_runs/SEARCH-SCOTMARINE-20260808T105229Z/catalogue_page_0008.json","1b4a0ca2895a1ea17fa1975624cad7bd326cc985fede1ee2a1c2dc33ff33b0a3",7979,"application/json",20,,TRUE
"SEARCH-SCOTMARINE-20260808T105229Z","Marine Scotland","Scottish Government Marine Directorate","https://data.marine.gov.scot/api/dataset/node.json","DKAN REST node API","per dataset","GET","https://data.marine.gov.scot/api/dataset/node.json?parameters[type]=dataset&pagesize=20&page=9","9686f6e288938429c15906fa47f4bb6e73f765857d14204a298e2a82d6bd0162","complete dataset-node catalogue","POLYGON ((-5 48, 13.06914 48, 13.06914 62, -5 62, -5 48))","9","2026-08-08T10:52:30Z",200,4,"search_runs/SEARCH-SCOTMARINE-20260808T105229Z/catalogue_page_0009.json","f4de74ac5ff19675b26ad12ab4d1f96361011c10b92442eb13a529a2ae878207",7897,"application/json",20,,TRUE
"SEARCH-SCOTMARINE-20260808T105229Z","Marine Scotland","Scottish Government Marine Directorate","https://data.marine.gov.scot/api/dataset/node.json","DKAN REST node API","per dataset","GET","https://data.marine.gov.scot/api/dataset/node.json?parameters[type]=dataset&pagesize=20&page=10","45f3a7a01e6089c22a25a7cd1080d9dabe461586e41e33b8d2ac0dc682de2b80","complete dataset-node catalogue","POLYGON ((-5 48, 13.06914 48, 13.06914 62, -5 62, -5 48))","10","2026-08-08T10:52:30Z",200,4,"search_runs/SEARCH-SCOTMARINE-20260808T105229Z/catalogue_page_0010.json","e19474ce8ad1c33bec67ab4ca9426018653b81270c8500511e09836f7ba17020",8097,"application/json",20,,TRUE
"SEARCH-SCOTMARINE-20260808T105229Z","Marine Scotland","Scottish Government Marine Directorate","https://data.marine.gov.scot/api/dataset/node.json","DKAN REST node API","per dataset","GET","https://data.marine.gov.scot/api/dataset/node.json?parameters[type]=dataset&pagesize=20&page=11","ba662364aa6596a1e3bced47110338a0824e8b0169ad61b865a3e290f132aa69","complete dataset-node catalogue","POLYGON ((-5 48, 13.06914 48, 13.06914 62, -5 62, -5 48))","11","2026-08-08T10:52:30Z",200,4,"search_runs/SEARCH-SCOTMARINE-20260808T105229Z/catalogue_page_0011.json","00d3a4095e0ec1176ce0df46470a8152e401b42766f1ea9898ff436eb97c09c1",8168,"application/json",20,,TRUE
"SEARCH-SCOTMARINE-20260808T105229Z","Marine Scotland","Scottish Government Marine Directorate","https://data.marine.gov.scot/api/dataset/node.json","DKAN REST node API","per dataset","GET","https://data.marine.gov.scot/api/dataset/node.json?parameters[type]=dataset&pagesize=20&page=12","dbde4e82a8644ecdd86ab47923ed55bc6757ab807f8cefe7a37558c1b546398e","complete dataset-node catalogue","POLYGON ((-5 48, 13.06914 48, 13.06914 62, -5 62, -5 48))","12","2026-08-08T10:52:30Z",200,4,"search_runs/SEARCH-SCOTMARINE-20260808T105229Z/catalogue_page_0012.json","196a09c5b594c550ba48ad4fcd7940996af4ce4c18469168affb0ee63aed0496",8244,"application/json",20,,TRUE
"SEARCH-SCOTMARINE-20260808T105229Z","Marine Scotland","Scottish Government Marine Directorate","https://data.marine.gov.scot/api/dataset/node.json","DKAN REST node API","per dataset","GET","https://data.marine.gov.scot/api/dataset/node.json?parameters[type]=dataset&pagesize=20&page=13","557e6267ab112c229ec7393bb6d7c7b263072c6d6ec0eb50610449618f332c30","complete dataset-node catalogue","POLYGON ((-5 48, 13.06914 48, 13.06914 62, -5 62, -5 48))","13","2026-08-08T10:52:30Z",200,4,"search_runs/SEARCH-SCOTMARINE-20260808T105229Z/catalogue_page_0013.json","e81e4b243ccbf9be98916ba3f438d5237505d75a0374b6225d41b4448db72504",8119,"application/json",20,,TRUE
"SEARCH-SCOTMARINE-20260808T105229Z","Marine Scotland","Scottish Government Marine Directorate","https://data.marine.gov.scot/api/dataset/node.json","DKAN REST node API","per dataset","GET","https://data.marine.gov.scot/api/dataset/node.json?parameters[type]=dataset&pagesize=20&page=14","a3f6063f4e72c5604a4ad18e1ceaea49f1174eee677df7bdcc5dd5bba5114b69","complete dataset-node catalogue","POLYGON ((-5 48, 13.06914 48, 13.06914 62, -5 62, -5 48))","14","2026-08-08T10:52:31Z",200,4,"search_runs/SEARCH-SCOTMARINE-20260808T105229Z/catalogue_page_0014.json","e44b8e4d6fe24a4994bb87cfe4a518552d4cd8e343e1ba189ac96d5f5f7f535e",7759,"application/json",20,,TRUE
"SEARCH-SCOTMARINE-20260808T105229Z","Marine Scotland","Scottish Government Marine Directorate","https://data.marine.gov.scot/api/dataset/node.json","DKAN REST node API","per dataset","GET","https://data.marine.gov.scot/api/dataset/node.json?parameters[type]=dataset&pagesize=20&page=15","dd9a7acf31e8862aa9877ed6d55a4df5ab33d04c00c3120ae22ccba36559e0cd","complete dataset-node catalogue","POLYGON ((-5 48, 13.06914 48, 13.06914 62, -5 62, -5 48))","15","2026-08-08T10:52:31Z",200,4,"search_runs/SEARCH-SCOTMARINE-20260808T105229Z/catalogue_page_0015.json","68ce530fd89a8578a59fc26ab51a965a70e00bd3c1e3eb3442021af63b69d28e",7434,"application/json",20,,TRUE
"SEARCH-SCOTMARINE-20260808T105229Z","Marine Scotland","Scottish Government Marine Directorate","https://data.marine.gov.scot/api/dataset/node.json","DKAN REST node API","per dataset","GET","https://data.marine.gov.scot/api/dataset/node.json?parameters[type]=dataset&pagesize=20&page=16","6f84dd5aad53729818b700fbb219f033ecd37570ce3b130a2c0ed3dd57b52158","complete dataset-node catalogue","POLYGON ((-5 48, 13.06914 48, 13.06914 62, -5 62, -5 48))","16","2026-08-08T10:52:31Z",200,4,"search_runs/SEARCH-SCOTMARINE-20260808T105229Z/catalogue_page_0016.json","3d99dfb96476492bbe3d81ead98f0b61361f7723d8e6c3bc5d5ada2dd0de36ed",7472,"application/json",20,,TRUE
"SEARCH-SCOTMARINE-20260808T105229Z","Marine Scotland","Scottish Government Marine Directorate","https://data.marine.gov.scot/api/dataset/node.json","DKAN REST node API","per dataset","GET","https://data.marine.gov.scot/api/dataset/node.json?parameters[type]=dataset&pagesize=20&page=17","500a3bdff945918bf2c70e3f5b4d22015bf798cab2318d6ce0a0ce5e5ccf409b","complete dataset-node catalogue","POLYGON ((-5 48, 13.06914 48, 13.06914 62, -5 62, -5 48))","17","2026-08-08T10:52:31Z",200,4,"search_runs/SEARCH-SCOTMARINE-20260808T105229Z/catalogue_page_0017.json","199b4eaec58d3edb7bd2ca01a85bc704a67d3791892a2c0946b998a491533888",7941,"application/json",20,,TRUE
"SEARCH-SCOTMARINE-20260808T105229Z","Marine Scotland","Scottish Government Marine Directorate","https://data.marine.gov.scot/api/dataset/node.json","DKAN REST node API","per dataset","GET","https://data.marine.gov.scot/api/dataset/node.json?parameters[type]=dataset&pagesize=20&page=18","d8e9dd1b7a447c6ea99b30df762ab856a1b96b65128edad1fa5289db50035f07","complete dataset-node catalogue","POLYGON ((-5 48, 13.06914 48, 13.06914 62, -5 62, -5 48))","18","2026-08-08T10:52:31Z",200,4,"search_runs/SEARCH-SCOTMARINE-20260808T105229Z/catalogue_page_0018.json","d05c53449e7124e70cc4b233402c0daf9f9986d1d1d62b853c9a0b5b805ea33f",8180,"application/json",20,,TRUE
"SEARCH-SCOTMARINE-20260808T105229Z","Marine Scotland","Scottish Government Marine Directorate","https://data.marine.gov.scot/api/dataset/node.json","DKAN REST node API","per dataset","GET","https://data.marine.gov.scot/api/dataset/node.json?parameters[type]=dataset&pagesize=20&page=19","0799606445dc5eeb86812a4554287133e88aca0691b3b7e4559f94c61e53b883","complete dataset-node catalogue","POLYGON ((-5 48, 13.06914 48, 13.06914 62, -5 62, -5 48))","19","2026-08-08T10:52:31Z",200,4,"search_runs/SEARCH-SCOTMARINE-20260808T105229Z/catalogue_page_0019.json","d9f1b128503467db5ba08875a19021fbcc0178152e2af6712d68d0125f4c7502",6801,"application/json",16,,TRUE
"SEARCH-SCOTMARINE-20260808T105229Z","Marine Scotland","Scottish Government Marine Directorate","https://data.marine.gov.scot/api/dataset/node.json","DKAN REST node API","per dataset","GET","https://data.marine.gov.scot/api/dataset/node.json?parameters[type]=dataset&pagesize=20&page=20","030020d5f51bc73b4302d29d07497f2adab199a96bfb3be0b4502eb3ecc8899e","complete dataset-node catalogue","POLYGON ((-5 48, 13.06914 48, 13.06914 62, -5 62, -5 48))","20","2026-08-08T10:52:31Z",200,4,"search_runs/SEARCH-SCOTMARINE-20260808T105229Z/catalogue_page_0020.json","4f53cda18c2baa0c0354bb5f9a3ecbe5ed12ab4d8e11ba873c2f11161202b945",2,"application/json",0,,TRUE
"SEARCH-CEFASDASSH-20260808T105231Z","Cefas Data Hub/DASSH","Cefas","https://data.cefas.co.uk/config/config.prod.json","Data Portal API v2","OGL metadata; per dataset","GET","https://data.cefas.co.uk/config/config.prod.json","566c154041fdfa290043f3453bcd105adfd2e0da4e69adbb38da8f65f7e5cb97","portal_config","POLYGON ((-5 48, 13.06914 48, 13.06914 62, -5 62, -5 48))","portal_config","2026-08-08T10:52:31Z",200,4,"search_runs/SEARCH-CEFASDASSH-20260808T105231Z/portal_config.json","d31ae69be0a08fbdfd2a7ff77d75120612369cc275e3e6877fb395c31e8cbd05",87,"application/json",1,,TRUE
"SEARCH-CEFASDASSH-20260808T105231Z","Cefas Data Hub/DASSH","Cefas","https://data-api.cefas.co.uk/api/endpoints","Data Portal API v2","OGL metadata; per dataset","GET","https://data-api.cefas.co.uk/api/endpoints","be7388359c5a6b92869db9021ab7a896a2066cf3bc06339827e688e7dabcd474","endpoint_catalogue","POLYGON ((-5 48, 13.06914 48, 13.06914 62, -5 62, -5 48))","endpoint_catalogue","2026-08-08T10:52:32Z",200,4,"search_runs/SEARCH-CEFASDASSH-20260808T105231Z/endpoint_catalogue.json","3ddec0789a2ff42dd1c23c6cce1428b45bb81fdaf7197ffa8053b36e8dd55952",1430,"application/json; charset=utf-8",1,,TRUE
"SEARCH-CEFASDASSH-20260808T105231Z","Cefas Data Hub/DASSH","Cefas","https://data-api.cefas.co.uk/swagger/v2/swagger.json","Data Portal API v2","OGL metadata; per dataset","GET","https://data-api.cefas.co.uk/swagger/v2/swagger.json","a36fb3ca095d0f32b5f31e3322481f89e5e4f2ac77d5de8d3558c528c69ed2b9","swagger","POLYGON ((-5 48, 13.06914 48, 13.06914 62, -5 62, -5 48))","swagger","2026-08-08T10:52:32Z",200,4,"search_runs/SEARCH-CEFASDASSH-20260808T105231Z/swagger.json","0b964915d0007f86cb6c97e00bdbdfcea389bd902f2926b01eda234b43b30518",159605,"application/json;charset=utf-8",1,,TRUE
"SEARCH-CEFASDASSH-20260808T105231Z","Cefas Data Hub/DASSH","Cefas","https://data-api.cefas.co.uk/api/holdings","Data Portal API v2","OGL metadata; per dataset","GET","https://data-api.cefas.co.uk/api/holdings?page=1&resultsPerPage=100&searchterm=phytoplankton&enableThesaurus=false","6e5c92cc0cfe2d19bbdbf145e2af062bc7c13e82643937f366fb27f14b46f561","phytoplankton","POLYGON ((-5 48, 13.06914 48, 13.06914 62, -5 62, -5 48))","1","2026-08-08T10:52:33Z",200,4,"search_runs/SEARCH-CEFASDASSH-20260808T105231Z/query_01_page_0001.json","36d8ce9e0c2da4df46af2bed5df0208cefb90b52fb9676758e2ba15fc9d06ea1",106718,"application/json; charset=utf-8",57,57,TRUE
"SEARCH-CEFASDASSH-20260808T105231Z","Cefas Data Hub/DASSH","Cefas","https://data-api.cefas.co.uk/api/holdings","Data Portal API v2","OGL metadata; per dataset","GET","https://data-api.cefas.co.uk/api/holdings?page=1&resultsPerPage=100&searchterm=Phaeocystis&enableThesaurus=false","0c8203be74c0a7872e677c2a4643ce395b8c2b3bf26e2dd6bd33a56f534c5e9b","Phaeocystis","POLYGON ((-5 48, 13.06914 48, 13.06914 62, -5 62, -5 48))","1","2026-08-08T10:52:33Z",200,4,"search_runs/SEARCH-CEFASDASSH-20260808T105231Z/query_02_page_0001.json","5223346e3aef103810620620c65602b47943081e082e6272eb39d4d644f23dc3",1740,"application/json; charset=utf-8",1,1,TRUE
"SEARCH-CEFASDASSH-20260808T105231Z","Cefas Data Hub/DASSH","Cefas","https://data-api.cefas.co.uk/api/holdings","Data Portal API v2","OGL metadata; per dataset","GET","https://data-api.cefas.co.uk/api/holdings?page=1&resultsPerPage=100&searchterm=diatom&enableThesaurus=false","17efe6b7922670b0776b5269bf05a532235f7569c48f845522269840dd17d93a","diatom","POLYGON ((-5 48, 13.06914 48, 13.06914 62, -5 62, -5 48))","1","2026-08-08T10:52:34Z",200,4,"search_runs/SEARCH-CEFASDASSH-20260808T105231Z/query_03_page_0001.json","8dc2335645d1d93d5d363af797b55eddbb32304232f019f20c697b4578cfb7f0",32209,"application/json; charset=utf-8",16,16,TRUE
"SEARCH-CEFASDASSH-20260808T105231Z","Cefas Data Hub/DASSH","Cefas","https://data-api.cefas.co.uk/api/holdings","Data Portal API v2","OGL metadata; per dataset","GET","https://data-api.cefas.co.uk/api/holdings?page=1&resultsPerPage=100&searchterm=dinoflagellate&enableThesaurus=false","899694348bcf6155b964cc25e9720ca2e79ee64fa819f835056357f7752aeee5","dinoflagellate","POLYGON ((-5 48, 13.06914 48, 13.06914 62, -5 62, -5 48))","1","2026-08-08T10:52:35Z",200,4,"search_runs/SEARCH-CEFASDASSH-20260808T105231Z/query_04_page_0001.json","1f7bbd0380a02b874b088af5bc2a81fe58e56b511dbb1da4a4d8abb9efb1d3f9",24593,"application/json; charset=utf-8",14,14,TRUE
"SEARCH-CEFASDASSH-20260808T105231Z","Cefas Data Hub/DASSH","Cefas","https://data-api.cefas.co.uk/api/holdings","Data Portal API v2","OGL metadata; per dataset","GET","https://data-api.cefas.co.uk/api/holdings?page=1&resultsPerPage=100&searchterm=coccolithophore&enableThesaurus=false","38435702a83efc4128ce33d8a18bb30d58f83dcada8c495fd978ce93ef2c284d","coccolithophore","POLYGON ((-5 48, 13.06914 48, 13.06914 62, -5 62, -5 48))","1","2026-08-08T10:52:36Z",200,4,"search_runs/SEARCH-CEFASDASSH-20260808T105231Z/query_05_page_0001.json","d088542b945129167a3029a5745d97184f0470426ebb7ce1a7bed768917240fe",1750,"application/json; charset=utf-8",1,1,TRUE
"SEARCH-CEFASDASSH-20260808T105231Z","Cefas Data Hub/DASSH","Cefas","https://data-api.cefas.co.uk/api/holdings","Data Portal API v2","OGL metadata; per dataset","GET","https://data-api.cefas.co.uk/api/holdings?page=1&resultsPerPage=100&searchterm=picoplankton&enableThesaurus=false","e4bd6e830a7fa6225f5d658554eff64afb80d573e41ae7939b1b1efa5fe1d779","picoplankton","POLYGON ((-5 48, 13.06914 48, 13.06914 62, -5 62, -5 48))","1","2026-08-08T10:52:36Z",200,4,"search_runs/SEARCH-CEFASDASSH-20260808T105231Z/query_06_page_0001.json","213b6436713a7d4f4e9efce046966d490ebcfe8fd38a78094b98f87daa048298",1713,"application/json; charset=utf-8",1,1,TRUE
"SEARCH-CEFASDASSH-20260808T105231Z","Cefas Data Hub/DASSH","Cefas","https://data-api.cefas.co.uk/api/holdings","Data Portal API v2","OGL metadata; per dataset","GET","https://data-api.cefas.co.uk/api/holdings?page=1&resultsPerPage=100&searchterm=nanophytoplankton&enableThesaurus=false","82153cd92b2bdc2770a6adaeec18b05e9898f10c70d457ca0f17e6dbb039fd83","nanophytoplankton","POLYGON ((-5 48, 13.06914 48, 13.06914 62, -5 62, -5 48))","1","2026-08-08T10:52:37Z",200,4,"search_runs/SEARCH-CEFASDASSH-20260808T105231Z/query_07_page_0001.json","a5586581af4d3a964ab4f2fc4d45280d0acd671ba5262b0caabb8f0eca7da743",1752,"application/json; charset=utf-8",1,1,TRUE
"SEARCH-CEFASDASSH-20260808T105231Z","Cefas Data Hub/DASSH","Cefas","https://data-api.cefas.co.uk/api/holdings","Data Portal API v2","OGL metadata; per dataset","GET","https://data-api.cefas.co.uk/api/holdings?page=1&resultsPerPage=100&searchterm=abundance&enableThesaurus=false","26d0b56d2516ec3560bba452bd0bc7b5774ab36375242064cb8fbdcb4683528f","abundance","POLYGON ((-5 48, 13.06914 48, 13.06914 62, -5 62, -5 48))","1","2026-08-08T10:52:38Z",200,4,"search_runs/SEARCH-CEFASDASSH-20260808T105231Z/query_08_page_0001.json","c0718efa13b11e00cac678b8ba74436915d2c9b5d3a942b53c65e8fb149c8868",252039,"application/json; charset=utf-8",100,316,TRUE
"SEARCH-CEFASDASSH-20260808T105231Z","Cefas Data Hub/DASSH","Cefas","https://data-api.cefas.co.uk/api/holdings","Data Portal API v2","OGL metadata; per dataset","GET","https://data-api.cefas.co.uk/api/holdings?page=2&resultsPerPage=100&searchterm=abundance&enableThesaurus=false","a913b2f98f1f2ffb1dad638642d58c3de88dd73cfcfc741bd46056fd928df3cb","abundance","POLYGON ((-5 48, 13.06914 48, 13.06914 62, -5 62, -5 48))","2","2026-08-08T10:52:39Z",200,4,"search_runs/SEARCH-CEFASDASSH-20260808T105231Z/query_08_page_0002.json","daa7011a6d92a34ee76555ab2cda131db18c358c4b8f1863cbb65e657d67ddbd",266418,"application/json; charset=utf-8",100,316,TRUE
"SEARCH-CEFASDASSH-20260808T105231Z","Cefas Data Hub/DASSH","Cefas","https://data-api.cefas.co.uk/api/holdings","Data Portal API v2","OGL metadata; per dataset","GET","https://data-api.cefas.co.uk/api/holdings?page=3&resultsPerPage=100&searchterm=abundance&enableThesaurus=false","2051f0fe446e181d05fa4a23aaab0238083b1a723c9150a4756de8dde1ad1d66","abundance","POLYGON ((-5 48, 13.06914 48, 13.06914 62, -5 62, -5 48))","3","2026-08-08T10:52:40Z",200,4,"search_runs/SEARCH-CEFASDASSH-20260808T105231Z/query_08_page_0003.json","f517cadd3dce7f895298f100aa5574ccefc59a4a7188e96bf08e4ea215b2da27",314418,"application/json; charset=utf-8",100,316,TRUE
"SEARCH-CEFASDASSH-20260808T105231Z","Cefas Data Hub/DASSH","Cefas","https://data-api.cefas.co.uk/api/holdings","Data Portal API v2","OGL metadata; per dataset","GET","https://data-api.cefas.co.uk/api/holdings?page=4&resultsPerPage=100&searchterm=abundance&enableThesaurus=false","acf2e1deaba94d7c89958e2adff345ca4daf4d37255eeb49ceed6c1e5a67af6b","abundance","POLYGON ((-5 48, 13.06914 48, 13.06914 62, -5 62, -5 48))","4","2026-08-08T10:52:41Z",200,4,"search_runs/SEARCH-CEFASDASSH-20260808T105231Z/query_08_page_0004.json","65c298e1fbad519b74ed0caf0eec0d887e07d103a5e6f0e3c3687535a0e1985a",51702,"application/json; charset=utf-8",16,316,TRUE
"SEARCH-CEFASDASSH-20260808T105231Z","Cefas Data Hub/DASSH","Cefas","https://data-api.cefas.co.uk/api/holdings","Data Portal API v2","OGL metadata; per dataset","GET","https://data-api.cefas.co.uk/api/holdings?page=1&resultsPerPage=100&searchterm=biomass&enableThesaurus=false","e2cda2a58f082880ac9aa09cc1ff6615fdbdc7a031c03b901f225baa22482968","biomass","POLYGON ((-5 48, 13.06914 48, 13.06914 62, -5 62, -5 48))","1","2026-08-08T10:52:41Z",200,4,"search_runs/SEARCH-CEFASDASSH-20260808T105231Z/query_09_page_0001.json","2a0ea2da41c78c6ebf06cea890427f2f48bb39e57803f8e880117898945fe64a",193250,"application/json; charset=utf-8",83,83,TRUE
"SEARCH-CEFASDASSH-20260808T105231Z","Cefas Data Hub/DASSH","Cefas","https://data-api.cefas.co.uk/api/holdings","Data Portal API v2","OGL metadata; per dataset","GET","https://data-api.cefas.co.uk/api/holdings?page=1&resultsPerPage=100&searchterm=biovolume&enableThesaurus=false","ef6e12eb6eaef83726b6ea77dddf4dbf9224fa581622c29bd7d4c74310fd9bc0","biovolume","POLYGON ((-5 48, 13.06914 48, 13.06914 62, -5 62, -5 48))","1","2026-08-08T10:52:41Z",200,4,"search_runs/SEARCH-CEFASDASSH-20260808T105231Z/query_10_page_0001.json","6c47edd6e5affc24fbe2a447e881b4e67192060156fe11ffcc76ffb7bf0942e9",230,"application/json; charset=utf-8",0,0,TRUE
"SEARCH-CEFASDASSH-20260808T105231Z","Cefas Data Hub/DASSH","Cefas","https://data-api.cefas.co.uk/api/holdings","Data Portal API v2","OGL metadata; per dataset","GET","https://data-api.cefas.co.uk/api/holdings?page=1&resultsPerPage=100&searchterm=carbon&enableThesaurus=false","4a06b25fa7fbe7ea4e45bc507af7b433eb99552ff4c7a3097a7497a6cd8edcd6","carbon","POLYGON ((-5 48, 13.06914 48, 13.06914 62, -5 62, -5 48))","1","2026-08-08T10:52:42Z",200,4,"search_runs/SEARCH-CEFASDASSH-20260808T105231Z/query_11_page_0001.json","94fe0bdafeab96b571d10eb903a76258a7ee3b7952b245138c80146b5ab65087",127978,"application/json; charset=utf-8",38,38,TRUE
"SEARCH-CEFASDASSH-20260808T105231Z","Cefas Data Hub/DASSH","Cefas","https://data-api.cefas.co.uk/api/holdings","Data Portal API v2","OGL metadata; per dataset","GET","https://data-api.cefas.co.uk/api/holdings?page=1&resultsPerPage=100&searchterm=species%20composition&enableThesaurus=false","316ce9b1053f81330915d61fde114ec7e0219b1ad404e82b4269bfdbcff8ce81","species composition","POLYGON ((-5 48, 13.06914 48, 13.06914 62, -5 62, -5 48))","1","2026-08-08T10:52:43Z",200,4,"search_runs/SEARCH-CEFASDASSH-20260808T105231Z/query_12_page_0001.json","a1575c851573f87c15bad3c26817a438a8649d6e36e26487b94e2215dfb04a9e",250655,"application/json; charset=utf-8",100,103,TRUE
"SEARCH-CEFASDASSH-20260808T105231Z","Cefas Data Hub/DASSH","Cefas","https://data-api.cefas.co.uk/api/holdings","Data Portal API v2","OGL metadata; per dataset","GET","https://data-api.cefas.co.uk/api/holdings?page=2&resultsPerPage=100&searchterm=species%20composition&enableThesaurus=false","3cf7049f8e9e192fbff99c8dfa14cd62492446507b1e9416fc842372d69cea29","species composition","POLYGON ((-5 48, 13.06914 48, 13.06914 62, -5 62, -5 48))","2","2026-08-08T10:52:44Z",200,4,"search_runs/SEARCH-CEFASDASSH-20260808T105231Z/query_12_page_0002.json","b5105c67d3ab1f005f506bfe470f29b9e79eafc2753e0cccc3269a1f56dbef4a",7560,"application/json; charset=utf-8",3,103,TRUE
"SEARCH-CEFASDASSH-20260808T105231Z","Cefas Data Hub/DASSH","Cefas","https://data-api.cefas.co.uk/api/holdings","Data Portal API v2","OGL metadata; per dataset","GET","https://data-api.cefas.co.uk/api/holdings?page=1&resultsPerPage=100&searchterm=bloom%20monitoring&enableThesaurus=false","9928a68492175d9beb8ee6ea62efaad0d30db18efc6c2bb9223d9f8bac7efa3a","bloom monitoring","POLYGON ((-5 48, 13.06914 48, 13.06914 62, -5 62, -5 48))","1","2026-08-08T10:52:44Z",200,4,"search_runs/SEARCH-CEFASDASSH-20260808T105231Z/query_13_page_0001.json","68ebefd3c665bff535f55cf327e1da3978e216da029894469608db72efc768fa",4770,"application/json; charset=utf-8",1,1,TRUE
"SEARCH-CEFASDASSH-20260808T105231Z","Cefas Data Hub/DASSH","Cefas","https://data-api.cefas.co.uk/api/holdings","Data Portal API v2","OGL metadata; per dataset","GET","https://data-api.cefas.co.uk/api/holdings?page=1&resultsPerPage=100&searchterm=chlorophyll&enableThesaurus=false","a090268f92f99426cdca981bf3a8dfe17b63f552b08b0415a6a5f618bad313f2","chlorophyll","POLYGON ((-5 48, 13.06914 48, 13.06914 62, -5 62, -5 48))","1","2026-08-08T10:52:45Z",200,4,"search_runs/SEARCH-CEFASDASSH-20260808T105231Z/query_14_page_0001.json","13a6d125894f942e1b4bcdadeefe84a28efaa9fe567b0a1366f7e742ca11ac4f",202556,"application/json; charset=utf-8",100,271,TRUE
"SEARCH-CEFASDASSH-20260808T105231Z","Cefas Data Hub/DASSH","Cefas","https://data-api.cefas.co.uk/api/holdings","Data Portal API v2","OGL metadata; per dataset","GET","https://data-api.cefas.co.uk/api/holdings?page=2&resultsPerPage=100&searchterm=chlorophyll&enableThesaurus=false","0b8773b49d6d989d39c5c3529c1a6eb42b6f1eccca6962bee3e3f7a8b31b6abd","chlorophyll","POLYGON ((-5 48, 13.06914 48, 13.06914 62, -5 62, -5 48))","2","2026-08-08T10:52:46Z",200,4,"search_runs/SEARCH-CEFASDASSH-20260808T105231Z/query_14_page_0002.json","d2ad3949347e29bdc98fc669a8a5183e665ee88c68de9455fe48b657ee9ce52e",132270,"application/json; charset=utf-8",100,271,TRUE
"SEARCH-CEFASDASSH-20260808T105231Z","Cefas Data Hub/DASSH","Cefas","https://data-api.cefas.co.uk/api/holdings","Data Portal API v2","OGL metadata; per dataset","GET","https://data-api.cefas.co.uk/api/holdings?page=3&resultsPerPage=100&searchterm=chlorophyll&enableThesaurus=false","9747f249d516cd990fb3d4b593b0d8430656cce5c71d564a36ab4d01addc0b93","chlorophyll","POLYGON ((-5 48, 13.06914 48, 13.06914 62, -5 62, -5 48))","3","2026-08-08T10:52:47Z",200,4,"search_runs/SEARCH-CEFASDASSH-20260808T105231Z/query_14_page_0003.json","ccbd54d7555b6b6b3e7b14746d7b64467434757e65eb13ccec62a6087c9400e2",93429,"application/json; charset=utf-8",71,271,TRUE
"SEARCH-CEFASDASSH-20260808T105231Z","Cefas Data Hub/DASSH","Cefas","https://data-api.cefas.co.uk/api/holdings","Data Portal API v2","OGL metadata; per dataset","GET","https://data-api.cefas.co.uk/api/holdings?page=1&resultsPerPage=100&searchterm=pigment&enableThesaurus=false","21ae2d39fc0d3e3abade2e57d51c8ad8246017689e7a9ef48ef409f5e41b4368","pigment","POLYGON ((-5 48, 13.06914 48, 13.06914 62, -5 62, -5 48))","1","2026-08-08T10:52:48Z",200,4,"search_runs/SEARCH-CEFASDASSH-20260808T105231Z/query_15_page_0001.json","cd42d86bea34d715d9d776337b4b2e3cc760153a2eb9cbf22bd4c8cb2709b9b9",15996,"application/json; charset=utf-8",6,6,TRUE
"SEARCH-CEFASDASSH-20260808T105231Z","Cefas Data Hub/DASSH","Cefas","https://data-api.cefas.co.uk/api/holdings","Data Portal API v2","OGL metadata; per dataset","GET","https://data-api.cefas.co.uk/api/holdings?page=1&resultsPerPage=100&searchterm=flow%20cytometry&enableThesaurus=false","3784a86c38c36697c73ce7a31ffca1a019d9229245286fceb12aeb111279c671","flow cytometry","POLYGON ((-5 48, 13.06914 48, 13.06914 62, -5 62, -5 48))","1","2026-08-08T10:52:48Z",200,4,"search_runs/SEARCH-CEFASDASSH-20260808T105231Z/query_16_page_0001.json","e333267068d2489b78fae2e79410244707d110937a6a0dd54b265db0300ac2ec",3234,"application/json; charset=utf-8",2,2,TRUE
"SEARCH-FIGSHARE-20260808T105248Z","ICES Figshare","ICES Library","https://api.figshare.com/v2/articles/search","Figshare public API v2","per article","POST","{""search_for"":"":institution: ices-library"",""limit"":1000}
X-Cursor:<initial>","6ec29eb6d2bac62094c753a42dbf0fdcb75cc0830eb8e334cf2ba4853ace486e","complete ICES Library institution catalogue","POLYGON ((-5 48, 13.06914 48, 13.06914 62, -5 62, -5 48))","1","2026-08-08T10:52:49Z",200,4,"search_runs/SEARCH-FIGSHARE-20260808T105248Z/ices_library_page_0001.json","64f25dfc0e482071f3ab817bbe6d77a43e3163caed1c2ef1ce724dd6b600eb5e",1108098,"application/json",1000,,TRUE
"SEARCH-FIGSHARE-20260808T105248Z","ICES Figshare","ICES Library","https://api.figshare.com/v2/articles/search","Figshare public API v2","per article","POST","{""search_for"":"":institution: ices-library"",""limit"":1000}
X-Cursor:.eJwlyk0KgzAQQOGrSNaCMxPz16s0RWKcoCDaJiqU0rtX6Vu9xSc-XpQ1b90R5p2LF7fqjqbVCrUjOKsrdNRaZ-FRV17wMjzXadku6EVzUBPyNsWZS1M45Dh6cbHXzvndjaGMf4jJRNMmUsFJEyxJxoQcNQBqjqQRqO3hPAfScZTQJ2VIOxiURcnai6_4AfBsMR0.B-rz0qYkpC-rz7X9sXkauhfPd1M","94b2599795f63911495c3cdc54b86533bcbda156d7528cbbb2bf2532320b852a","complete ICES Library institution catalogue","POLYGON ((-5 48, 13.06914 48, 13.06914 62, -5 62, -5 48))","2","2026-08-08T10:52:50Z",200,4,"search_runs/SEARCH-FIGSHARE-20260808T105248Z/ices_library_page_0002.json","bdc69f6381ad8f7da599f8ebf6acdbd69e5c29c4e200086112e75b2b976f0d83",1169448,"application/json",1000,,TRUE
"SEARCH-FIGSHARE-20260808T105248Z","ICES Figshare","ICES Library","https://api.figshare.com/v2/articles/search","Figshare public API v2","per article","POST","{""search_for"":"":institution: ices-library"",""limit"":1000}
X-Cursor:.eJwlzEEKgzAQQNGryKwFZxKTOL1KUyTGEQXRNlGhlN69Snd_8fjw8ZDXtLVHmHfJHm7FnRyxsY4bRsSyUAaJlaVHWXiQpX-u07Jd0EN1qCqkbYqz5CpLSHH0cLHXLundjiGPf0iDi64elAmsXWiUFhpIokUkK_Gco6o7PItRs0SN3WCcsoy9aUiL9fCFH_RpMSM.HDjEACYCaMXV0iGDb9aU6Cku45A","40a4cbec0d27822c24d1476d75e384af054682b3ee10ccea094ef53d7bdd7935","complete ICES Library institution catalogue","POLYGON ((-5 48, 13.06914 48, 13.06914 62, -5 62, -5 48))","3","2026-08-08T10:52:51Z",200,4,"search_runs/SEARCH-FIGSHARE-20260808T105248Z/ices_library_page_0003.json","4ad816e30bcca167033c337458e38d6b7e438369eff34a0fe58333c8491c991b",1192431,"application/json",1000,,TRUE
"SEARCH-FIGSHARE-20260808T105248Z","ICES Figshare","ICES Library","https://api.figshare.com/v2/articles/search","Figshare public API v2","per article","POST","{""search_for"":"":institution: ices-library"",""limit"":1000}
X-Cursor:.eJwlzE0KgzAQQOGryKwFZxLz16s0RWKcoCDaJiqU0rtX6e4tPh58PJQ1b90R5p2Lh1t1J0MtSrLWImJdCaWtkK171JUHXobnOi3bBT00h2hC3qY4c2kKhxxHDxd77Zzf3RjK-IeUTDRtEio4acK5Y0rEUSOS5ig0oWh7PMuhdBwl9kkZoR0OypJk7eELP-8eMRs.c8_wb66t5bcqDT9P-3JYT_sFCiA","53d1897f3cefd1027ba119a57b676320d573ed5b39bb7ac41351beae7f3c9d92","complete ICES Library institution catalogue","POLYGON ((-5 48, 13.06914 48, 13.06914 62, -5 62, -5 48))","4","2026-08-08T10:52:51Z",200,4,"search_runs/SEARCH-FIGSHARE-20260808T105248Z/ices_library_page_0004.json","93b235e53749bf7b0cde6d53e2c5ac865d10959208a4e7c68c66f77a42c66db4",1226701,"application/json",1000,,TRUE
"SEARCH-FIGSHARE-20260808T105248Z","ICES Figshare","ICES Library","https://api.figshare.com/v2/articles/search","Figshare public API v2","per article","POST","{""search_for"":"":institution: ices-library"",""limit"":1000}
X-Cursor:.eJwlzcsKgzAQheFXkVkLzuRq-ipNkRgnKIi2iQql9N2rdHHgX3xw4OOhrHnrjjDvXDzcqjtZIkLpTIuIdSW0UvLco6488DI812nZLuihOUQT8jbFmUtTOOQ4erjYa-f87sZQxj-kZKNVSejgpA2tkEyJOBpEMhyFIRSqx7Pc-ctRYp-0FcbhoFuSbDx84QfouDEP.JQ2JXjjCtj5nV3DRInz-D-JrgCo","c3f6bdd1bd3d3044c61b4faa839d0fedc8478819a4ae2cc8f2ba1578be3b9b9d","complete ICES Library institution catalogue","POLYGON ((-5 48, 13.06914 48, 13.06914 62, -5 62, -5 48))","5","2026-08-08T10:52:52Z",200,4,"search_runs/SEARCH-FIGSHARE-20260808T105248Z/ices_library_page_0005.json","a3ecc22a07d5dc856c66943cf9510296f67f6652719028567dd18eb1fa4753fe",1227172,"application/json",1000,,TRUE
"SEARCH-FIGSHARE-20260808T105248Z","ICES Figshare","ICES Library","https://api.figshare.com/v2/articles/search","Figshare public API v2","per article","POST","{""search_for"":"":institution: ices-library"",""limit"":1000}
X-Cursor:.eJwlyksKgzAQANCryKwLTib_XqUpEuMEBdE2UaGU3r2V7t7iwTtAXcvWHXHeuQa4Njdh0XlFUjhEvDSkSUmt9f3SBOBleKzTsp0xQHtQG8s2pZlrWzmWNAY423Pn8urGWMd_FNkmqzLp6KWNjiSLLDgZRGE4kRFIqsefPErPSWKftSXjcdBOSDYBPvAF7EoxFQ.AHwrQay0ptzqOYeSh7XR8kJD_eU","36cf4581eda13f4dc0b2c564e3904bc5d2140ca24441c2582844a152de4a8b5c","complete ICES Library institution catalogue","POLYGON ((-5 48, 13.06914 48, 13.06914 62, -5 62, -5 48))","6","2026-08-08T10:52:52Z",200,4,"search_runs/SEARCH-FIGSHARE-20260808T105248Z/ices_library_page_0006.json","9882ee41b62d41b6e9badc7106ca1bee906f8082a03a006af4cfb23d1fc66e0d",1181847,"application/json",1000,,TRUE
"SEARCH-FIGSHARE-20260808T105248Z","ICES Figshare","ICES Library","https://api.figshare.com/v2/articles/search","Figshare public API v2","per article","POST","{""search_for"":"":institution: ices-library"",""limit"":1000}
X-Cursor:.eJwlykEKgzAQAMCvyJ4L7iYmcfuVpkiMGxRE20SFUvr3Vnqbw8DbQ1nz1h1h3qV4uFY3cmjJMrNGxEuliJ0hpvul8iDL8FinZTujh_pQdcjbFGcpdZGQ4-jhbM9d8qsbQxn_kZKLrknKBNYutEoLJZJoEclKVJZQNT3-xKhZosY-Gacs42Ba0mI9fOAL8tQxIQ.v40nn8VMUekNnLSUctYl9Y737c4","af2db8e13dc696b4969147b3926550cd0143a9ad195be0967f3133c8214a563a","complete ICES Library institution catalogue","POLYGON ((-5 48, 13.06914 48, 13.06914 62, -5 62, -5 48))","7","2026-08-08T10:52:53Z",200,4,"search_runs/SEARCH-FIGSHARE-20260808T105248Z/ices_library_page_0007.json","c272e3852a28b980c5c8f44b4856232c636cca5a25c930aaaca3156e4a11a24b",1145036,"application/json",1000,,TRUE
"SEARCH-FIGSHARE-20260808T105248Z","ICES Figshare","ICES Library","https://api.figshare.com/v2/articles/search","Figshare public API v2","per article","POST","{""search_for"":"":institution: ices-library"",""limit"":1000}
X-Cursor:.eJwlyksKgzAQANCryKwLzkx-pldpisQ4oiDaJiqU0ru30t1bPHgHKGve2iPOu5QA1-pGDjV5bVgh4qVi7YxGNPdLFUCW_rFOy3bGAPXBdczblGYpdZGY0xjgbM9d8qsdYxn_kQaXnB7YRK9cbFgJDSTJIpKVxJaQdYc_eVReksJuMI6tx940pMQG-MAX5k4xCg.qHIMtlYabLkYzwFLccPSe86lzuU","45cbabd58a4bac97761de0c6e7838c9422ac12fbd91dcd4609cfc7aa0b070676","complete ICES Library institution catalogue","POLYGON ((-5 48, 13.06914 48, 13.06914 62, -5 62, -5 48))","8","2026-08-08T10:52:54Z",200,4,"search_runs/SEARCH-FIGSHARE-20260808T105248Z/ices_library_page_0008.json","77ff83d66125f807e5905adb8f2021a0f9bfd6bafb21424793fb6469fb44c26b",1166457,"application/json",1000,,TRUE
"SEARCH-FIGSHARE-20260808T105248Z","ICES Figshare","ICES Library","https://api.figshare.com/v2/articles/search","Figshare public API v2","per article","POST","{""search_for"":"":institution: ices-library"",""limit"":1000}
X-Cursor:.eJwlzU0KgzAQQOGryKwFZxLz16s0RWKcoCDaJiqU0rtX6e4tPnjw8VDWvHVHmHcuHm7VnbRzSNIqjYh1JdrWKCvpUVceeBme67RsF_TQHKIJeZvizKUpHHIcPVzstXN-d2Mo4x9SMtG0SajgpAlWSKZEHM8BaY5CE4q2x7McSsdRYp-UEdrhoCxJ1h6-8APwwjEd.64Xyc2EolHzdPiRLk61uh2HcFGk","ce5b8c2fe1132e56f1b6fbcc61f1f683d2aa052e62b319d262417c73595929de","complete ICES Library institution catalogue","POLYGON ((-5 48, 13.06914 48, 13.06914 62, -5 62, -5 48))","9","2026-08-08T10:52:54Z",200,4,"search_runs/SEARCH-FIGSHARE-20260808T105248Z/ices_library_page_0009.json","15a68814a97a92078a9363836cd487a897e107fddea0466bc392e75b395ca590",1069172,"application/json",1000,,TRUE
"SEARCH-FIGSHARE-20260808T105248Z","ICES Figshare","ICES Library","https://api.figshare.com/v2/articles/search","Figshare public API v2","per article","POST","{""search_for"":"":institution: ices-library"",""limit"":1000}
X-Cursor:.eJwlzEEKgzAQQNGryKwFZyaamF6lKRLjBAXRNlGhlN69Snd_8fjwcZDXtHWHn3fJDm7FnbQlU7NtGRHLgixrMko_ysKBLMNznZbtgg6qgyuftinMkqssPoXRwcVeu6R3N_o8_iFFE0wdufFWGd-yEookQSOSlnD-kesez7KorASFfWwMa4tD05IS7eALP_HNMR8.B7MNw5IqL7tkq2b6n1H40Xp1jjM","4d6039c044aa04d691a8ace387931edc478ff33dff1bd86dde5a20fd434f0521","complete ICES Library institution catalogue","POLYGON ((-5 48, 13.06914 48, 13.06914 62, -5 62, -5 48))","10","2026-08-08T10:52:55Z",200,4,"search_runs/SEARCH-FIGSHARE-20260808T105248Z/ices_library_page_0010.json","78cfd50fc502e8748b40f4a281bcbe7659eeb6b967d69f325c1987851aa64d60",1068064,"application/json",1000,,TRUE
"SEARCH-FIGSHARE-20260808T105248Z","ICES Figshare","ICES Library","https://api.figshare.com/v2/articles/search","Figshare public API v2","per article","POST","{""search_for"":"":institution: ices-library"",""limit"":1000}
X-Cursor:.eJwlykEKgzAQAMCvSM4FdzdmY_qVpkiMGxRE20SFUvr3Vnqbw6i3V2XNW3eEeZfi1bW6IbdgnDNsAOBSoSNukeB-qbySZXis07Kd0av6oDrkbYqzlLpIyHH06mzPXfKrG0MZ_xGTjbZJZILTNrSkBRNKZABkicQI1PTwkwPtJGrok7HEDgbTohb26qO-8Z0xHg.yZFR8TLNl5bPBeRokkOAEmfv-fA","2dd58438da961c24db1a5ffb468d421a290e102c65cb16460be8d25d80df6040","complete ICES Library institution catalogue","POLYGON ((-5 48, 13.06914 48, 13.06914 62, -5 62, -5 48))","11","2026-08-08T10:52:55Z",200,4,"search_runs/SEARCH-FIGSHARE-20260808T105248Z/ices_library_page_0011.json","6e369873cb6356b53ef6e6e3036af8cb2aa7924e2d805c7753bce79ac3ebf3ef",1062157,"application/json",1000,,TRUE
"SEARCH-FIGSHARE-20260808T105248Z","ICES Figshare","ICES Library","https://api.figshare.com/v2/articles/search","Figshare public API v2","per article","POST","{""search_for"":"":institution: ices-library"",""limit"":1000}
X-Cursor:.eJwlykEKgzAQAMCvyJ4L7iZmY_qVpkiMGxRE20SFUvr3Vnqbw8DbQ1nz1h1h3qV4uFY3YrYNozUWES8VOcWMLd8vlQdZhsc6LdsZPdSHqkPepjhLqYuEHEcPZ3vukl_dGMr4j5RstE1SJjhtQ6u0UCKJjEgsUTGhanr8yaF2EjX2yVjFDgfTkhb28IEv81ExIg.wDxGqUa0MTepGnzz6JZgW3HwXGM","b3eb49d0a4d5eb48875bb61a30dc8e55a8d4beb8ed62d01a09e0519ae66ecdef","complete ICES Library institution catalogue","POLYGON ((-5 48, 13.06914 48, 13.06914 62, -5 62, -5 48))","12","2026-08-08T10:52:56Z",200,4,"search_runs/SEARCH-FIGSHARE-20260808T105248Z/ices_library_page_0012.json","1c10537ea49da29fc94f1ea86bf05ebec43ed48af7841df38eb3b804fe32b3ba",1066035,"application/json",1000,,TRUE
"SEARCH-FIGSHARE-20260808T105248Z","ICES Figshare","ICES Library","https://api.figshare.com/v2/articles/search","Figshare public API v2","per article","POST","{""search_for"":"":institution: ices-library"",""limit"":1000}
X-Cursor:.eJwlykEKgzAQAMCvyJ4L7iYxa_qVpkiMGxRE20SFUvr3Vnqbw8DbQ1nz1h1h3qV4uFY3sta0zMiEiJeKHDfGGLxfKg-yDI91WrYzeqgPVYe8TXGWUhcJOY4ezvbcJb-6MZTxHylxZJNUE5zm0CotlEiiRSQrUVlCZXr8yaF2EjX2qWFlHQ5NS1qshw98AfBTMRw.aLwpG5bWQBspmWxSWI92H2NkT1I","b6ff7b3c65cb512b96ce36de040929916914f403d50ffbccab6e986f956f2c43","complete ICES Library institution catalogue","POLYGON ((-5 48, 13.06914 48, 13.06914 62, -5 62, -5 48))","13","2026-08-08T10:52:56Z",200,4,"search_runs/SEARCH-FIGSHARE-20260808T105248Z/ices_library_page_0013.json","91c6025e979d0529791bade3b2082f05629cc57c788f6a49ced51751a35e21c6",1066428,"application/json",1000,,TRUE
"SEARCH-FIGSHARE-20260808T105248Z","ICES Figshare","ICES Library","https://api.figshare.com/v2/articles/search","Figshare public API v2","per article","POST","{""search_for"":"":institution: ices-library"",""limit"":1000}
X-Cursor:.eJwlyksKgzAQANCrSNYFZ_KZJL1KUyTGCQqibaJCKb17K929xRPvIOpatu6I8841iGtzQzIajZYGAeDSoCOpHdH90gTBy_BYp2U7YxDtIdtYtinNXNvKsaQxiLM9dy6vbox1_EfMNlmdpYle2eikYszIiQCQOElCkLqHnzwoz0lBn42V5GEwDhVTEB_xBexeMRY.o_k2SR7OfIyjaFUj7o_wKWpAeKM","b0153b3c22062d30ad2322cf088887334e1a368a974e5b99a5e999d54304f2f0","complete ICES Library institution catalogue","POLYGON ((-5 48, 13.06914 48, 13.06914 62, -5 62, -5 48))","14","2026-08-08T10:52:57Z",200,4,"search_runs/SEARCH-FIGSHARE-20260808T105248Z/ices_library_page_0014.json","6075129cdf4d793ab1c9b935ee6c601d46eaa6b6e6b6030d421e7b5ee7117ae5",1067325,"application/json",1000,,TRUE
"SEARCH-FIGSHARE-20260808T105248Z","ICES Figshare","ICES Library","https://api.figshare.com/v2/articles/search","Figshare public API v2","per article","POST","{""search_for"":"":institution: ices-library"",""limit"":1000}
X-Cursor:.eJwlykEKgzAQAMCvyJ4L7m5MYvqVpkiMGxRE20SFUvr3Vnqbw8DbQ1nz1h1h3qV4uFY3Mo0hVoo0Il4qcqytbdv7pfIgy_BYp2U7o4f64DrkbYqzlLpIyHH0cLbnLvnVjaGM_0jJRtsk1sEpG1pWQokkGkQyEtkQctPjTw6Vk6iwT9qycTjolpQYDx_4Au5DMRo.qNbUAfXa3ZUBlOvWHwbfdvcFTrE","3ffb60d434cecbf0b666b3b2071b4410dcb9065f6fdfbc40046d759709b62b40","complete ICES Library institution catalogue","POLYGON ((-5 48, 13.06914 48, 13.06914 62, -5 62, -5 48))","15","2026-08-08T10:52:58Z",200,4,"search_runs/SEARCH-FIGSHARE-20260808T105248Z/ices_library_page_0015.json","436201b7ffb7be6e4b02d3ece670da602b6e55f1e28e3dc88d002d438ea26d4e",1062050,"application/json",1000,,TRUE
"SEARCH-FIGSHARE-20260808T105248Z","ICES Figshare","ICES Library","https://api.figshare.com/v2/articles/search","Figshare public API v2","per article","POST","{""search_for"":"":institution: ices-library"",""limit"":1000}
X-Cursor:.eJwlyk0KgzAQQOGryKwFJ3-T2Ks0RWKcoCDaJiqU0rtX6Vu9xQcfD2XNW3eEeefi4VbdBWlpLFmHZ3UlHGm0ih515YGX4blOy3ZBD80hm5C3Kc5cmsIhx9HDxV4753c3hjL-oUg2Wp2kCa2ywUnFIgmOhCiIoySBUvd4Xouq5aiwT8ZKanEwTigmD1_4AfATMRw.bjUmtU7XBV-dG5A7x4SPpdyZc8U","2a1e5ce2f4999bf45132b4b6e6c6ddacd1f63371fc18974a5cedb00f48276db9","complete ICES Library institution catalogue","POLYGON ((-5 48, 13.06914 48, 13.06914 62, -5 62, -5 48))","16","2026-08-08T10:52:58Z",200,4,"search_runs/SEARCH-FIGSHARE-20260808T105248Z/ices_library_page_0016.json","043c60b7bf242dd999ee7e948fbe8d94c2ba0487efad555fc12de708f8cbfba0",1088917,"application/json",1000,,TRUE
"SEARCH-FIGSHARE-20260808T105248Z","ICES Figshare","ICES Library","https://api.figshare.com/v2/articles/search","Figshare public API v2","per article","POST","{""search_for"":"":institution: ices-library"",""limit"":1000}
X-Cursor:.eJwlyksKgzAQANCryKwLTib_XqUpEuMEBdE2UaGU3r2V7t7iwTtAXcvWHXHeuQa4NjdhFGnSTipEvDTCGUnO0f3SBOBleKzTsp0xQHtQG8s2pZlrWzmWNAY423Pn8urGWMd_FNkmqzLp6KWNjiSLLDgZRGE4kRFIqsefPErPSWKftSXjcdBOSDYBPvAF7jExGQ.599fNGBeVoq5hC64FP4FoMmgF7k","9d3a5fa48aa0e0b6faa222f0419bb2716c319f5c930bc0bfde44b49a74938971","complete ICES Library institution catalogue","POLYGON ((-5 48, 13.06914 48, 13.06914 62, -5 62, -5 48))","17","2026-08-08T10:52:59Z",200,4,"search_runs/SEARCH-FIGSHARE-20260808T105248Z/ices_library_page_0017.json","2de7a769d7bf4836f1322abbf1fbfd9cd51679056b3fa6ae0408f480ae227363",1063156,"application/json",1000,,TRUE
"SEARCH-FIGSHARE-20260808T105248Z","ICES Figshare","ICES Library","https://api.figshare.com/v2/articles/search","Figshare public API v2","per article","POST","{""search_for"":"":institution: ices-library"",""limit"":1000}
X-Cursor:.eJwlzU0KgzAQQOGryKwFMxPz16s0RWKcoCDaJiqU0rtX6e4tPnjw8VDWvHVHmHcuHm7VHXVLCp2SWghRV2g1kW3No6488DI812nZLuihOagJeZvizKUpHHIcPVzstXN-d2Mo4x9iMtG0iVRw0gRLkjEhx3OAmiNpFNT24iwnpOMoRZ-UIe3EoCxK1h6-8APvRzEb.OFU4dS0zY4040GQ_YtOkVZGhbBQ","bbd8b8d9d01cea1d6049e9006c13c329610a0be1bcaf6886bb4bf194bd8f0c7e","complete ICES Library institution catalogue","POLYGON ((-5 48, 13.06914 48, 13.06914 62, -5 62, -5 48))","18","2026-08-08T10:52:59Z",200,4,"search_runs/SEARCH-FIGSHARE-20260808T105248Z/ices_library_page_0018.json","f11c05cf51cd323c4aeb856438d23b0ad15d0f031f7c7e4960b7686edaa826bf",1019463,"application/json",953,,TRUE
"SEARCH-FIGSHARE-20260808T105248Z","ICES Figshare","ICES Library","https://api.figshare.com/v2/articles/27900237","Figshare public API v2","per article","GET","https://api.figshare.com/v2/articles/27900237","f2ce97ce3a7678ef99646a9f1dacd6f3e013cfbd262840497729b1c377879970","DS22 known-item diagnostic","POLYGON ((-5 48, 13.06914 48, 13.06914 62, -5 62, -5 48))","DS22","2026-08-08T10:52:59Z",200,4,"search_runs/SEARCH-FIGSHARE-20260808T105248Z/ds22_article.json","49e9ab5e12f8afb2b724671df49ec777bed07c2885e4314602d06f405b023ada",5480,"application/json",1,1,TRUE
"SEARCH-FIGSHARE-20260808T105248Z","ICES Figshare","ICES Library","https://api.figshare.com/v2/articles/22189111","Figshare public API v2","per article","GET","https://api.figshare.com/v2/articles/22189111","bf6ad3960949c12f3e70e8d6838b6481ca66314da7cb1d367eab3ae04e9a1258","DS24 known-item diagnostic","POLYGON ((-5 48, 13.06914 48, 13.06914 62, -5 62, -5 48))","DS24","2026-08-08T10:53:00Z",200,4,"search_runs/SEARCH-FIGSHARE-20260808T105248Z/ds24_article.json","515469c88821235e6e036d8b8c4fbbda741719215d60bc984ed029f47c689707",9288,"application/json",1,1,TRUE
"SEARCH-FIGSHARE-20260808T105248Z","ICES Figshare","ICES/HELCOM EG PHYTO","https://www.ices.dk/data/Documents/ENV/PEG_BVOL.zip","PEG_BVOL file current at 2026-08-08","provider-published conversion authority","GET","https://www.ices.dk/data/Documents/ENV/PEG_BVOL.zip","3e8ab7e24a1c167e6566dcf22aba19afa20096f27652af4f2cffc66dccc0874a","DS22 pinned conversion file","POLYGON ((-5 48, 13.06914 48, 13.06914 62, -5 62, -5 48))","DS22-file","2026-08-08T10:53:01Z",200,4,"search_runs/SEARCH-FIGSHARE-20260808T105248Z/PEG_BVOL_2025.zip","e5cb8b2f4c416e186c4a56f350fb855b866204892c3946e7fafca42d2f6e4492",1790602,"application/x-zip-compressed",2,2,TRUE
