"ds_id","path","checksum_sha256","file_size_bytes","source_format"
"DS02","data/raw/stage2/ds02_rws/RWSNL_Observations_FYTPT_DIATM_1.csv","8cbd8caa3f10f134776bbdbede356c4ce5a543f0021584cfc83bfd11f8e8ec72",32034620,"rws_semicolon_csv"
"DS02","data/raw/stage2/ds02_rws/RWSNL_Observations_FYTPT_DIATM_2.csv","cb5af98c969419464f8fb91ab2d20c2dc1835a19702cdbb6bb844ecdcb515f9c",9255804,"rws_semicolon_csv"
"DS02","data/raw/stage2/ds02_rws/RWSNL_Observations_FYTPT_DIATM_3.csv","d7fc1cefb887250bdbed9d3a5e06d58ba0430006646a587b1b9eee76c4466142",7259381,"rws_semicolon_csv"
"DS02","data/raw/stage2/ds02_rws/RWSNL_Observations_FYTPT_DIATM_4.csv","978d8986803d57284dfef0485ae2b451f3d7b127ed5edd8dc4d4eaff512c4e15",28383275,"rws_semicolon_csv"
"DS04","data/raw/stage2/ds04_plet_bsh/DS04_PLET_BSH_ABUNDANCE_20260811T103949Z/request_parameters.json","3c25193b4aceab9760079ca5046b289dc9f7817789d7feff15692ecb970be4e3",674,"plet_csv"
"DS04","data/raw/stage2/ds04_plet_bsh/DS04_PLET_BSH_ABUNDANCE_20260811T103949Z/response.html","a8b6b333048dcbcfad18cd0a359626fc45482fe66b279a38fbf7f1e121052b2d",234,"plet_csv"
"DS04","data/raw/stage2/ds04_plet_bsh/DS04_PLET_BSH_ABUNDANCE_20260811T103949Z/bsh_phyto_zoo_abundance.csv","3ad6c98b215e944bccb083163f1610aebc306dbba6104131d22301428e4d7fd9",78280543,"plet_csv"
"DS05","data/raw/stage2/ds05_plet_novana/DS05_PLET_NOVANA_20260809T103132Z/novana_phyto_abundance.csv","099bdf8fab9a90895ab6468be3f678ef5e600a3095e0fbc4d9e22b4571cb8f04",13419497,"plet_csv"
"DS06","data/raw/stage2/ds06_smhi_shark/DS06_SMHI_SHARK_20260808T191500Z/SHARK_Phytoplankton_1986_2007_SMHI_natdata_planktondb_version_2025-03-09.zip","443571ba70dc118506e122a6e1c4c40073782abf68a73b7ecf2fc93ede7c5f92",28557,"shark_zip_tsv"
"DS06","data/raw/stage2/ds06_smhi_shark/DS06_SMHI_SHARK_20260808T191500Z/SHARK_Phytoplankton_1994_1996_SMHI_Anholt_version_2025-03-09.zip","0432b92b94e68126d03aca9d66ce46167cd8166ed633e55ff0c270665d2ae331",12001,"shark_zip_tsv"
"DS06","data/raw/stage2/ds06_smhi_shark/DS06_SMHI_SHARK_20260808T191500Z/SHARK_Phytoplankton_1995_2001_UMSC_version_2025-03-09.zip","3c683afd21be04d11435d8330d4f66ad0b1571def75f0b8425d6e7ffe748ddfb",190115,"shark_zip_tsv"
"DS06","data/raw/stage2/ds06_smhi_shark/DS06_SMHI_SHARK_20260808T191500Z/SHARK_Phytoplankton_1997_SMHI_Anholt_version_2025-03-09.zip","2bbe197353f88f561befa0ed2d624f2b1918380970a566fe30bc722d447f5aa6",45622,"shark_zip_tsv"
"DS06","data/raw/stage2/ds06_smhi_shark/DS06_SMHI_SHARK_20260808T191500Z/SHARK_Phytoplankton_1999_SUSE_version_2025-03-09.zip","176cb35fe9d9474b0589ad28dcbfc9dea1fa98b0406b15658f06517a2b88dc2d",83086,"shark_zip_tsv"
"DS06","data/raw/stage2/ds06_smhi_shark/DS06_SMHI_SHARK_20260808T191500Z/SHARK_Phytoplankton_2000_SMHI_Anholt_version_2025-03-09.zip","da5f4f7ddb3485e1922fc9bdcfb0a2413406aac71ae353bfdccea1aaa8538cda",60441,"shark_zip_tsv"
"DS06","data/raw/stage2/ds06_smhi_shark/DS06_SMHI_SHARK_20260808T191500Z/SHARK_Phytoplankton_2000_SUSE_version_2025-03-09.zip","84e62dabc77346eb4e835e88bee761a60c8f7b58fba30021ee3ebe9f10e2bbdc",92141,"shark_zip_tsv"
"DS06","data/raw/stage2/ds06_smhi_shark/DS06_SMHI_SHARK_20260808T191500Z/SHARK_Phytoplankton_2001_SMHI_A17_version_2025-03-09.zip","b133d754ee4d81420403f8d89a4dc561c959d5375f7a0d28f8dbace346b1a69e",40738,"shark_zip_tsv"
"DS06","data/raw/stage2/ds06_smhi_shark/DS06_SMHI_SHARK_20260808T191500Z/SHARK_Phytoplankton_2001_SMHI_Anholt_version_2025-03-09.zip","11d43cff60b858cdd089ab6a447a1a4e167243c13b2b1ddbb598a625bf4dc915",59352,"shark_zip_tsv"
"DS06","data/raw/stage2/ds06_smhi_shark/DS06_SMHI_SHARK_20260808T191500Z/SHARK_Phytoplankton_2001_SUSE_version_2025-03-09.zip","1aa19bfc28661a52f6b05aa910d2a66e8d45524b7ef98fd7b76e925bf89622ae",71624,"shark_zip_tsv"
"DS06","data/raw/stage2/ds06_smhi_shark/DS06_SMHI_SHARK_20260808T191500Z/SHARK_Phytoplankton_2002_SMHI_version_2025-03-09.zip","e6c77acd165175f8ef8f1996d35b79ceca18daeded7a80811301e39590fedfc2",119198,"shark_zip_tsv"
"DS06","data/raw/stage2/ds06_smhi_shark/DS06_SMHI_SHARK_20260808T191500Z/SHARK_Phytoplankton_2002_SMHI_HABILE_version_2025-03-09.zip","d617bac8c37aed7491f674b0c9e4c7265422a801be9a644a2c88f96799810a20",402831,"shark_zip_tsv"
"DS06","data/raw/stage2/ds06_smhi_shark/DS06_SMHI_SHARK_20260808T191500Z/SHARK_Phytoplankton_2002_SUSE_version_2025-03-09.zip","578c6e6cb57d58ef263f987ca733747e4c2d5d381bea5bdf1684323599ad3ef5",58319,"shark_zip_tsv"
"DS06","data/raw/stage2/ds06_smhi_shark/DS06_SMHI_SHARK_20260808T191500Z/SHARK_Phytoplankton_2002_UMSC_version_2025-03-09.zip","55420c8d00bee4219dfe57019791f5b244e62e3942167266c42cec0774d9b5ff",53463,"shark_zip_tsv"
"DS06","data/raw/stage2/ds06_smhi_shark/DS06_SMHI_SHARK_20260808T191500Z/SHARK_Phytoplankton_2003_SMHI_version_2025-03-09.zip","54569e4e1036cf90e8ee6e0ba15c714dcdc4dee5f77b62b5e5e75493aa2e76a0",45304,"shark_zip_tsv"
"DS06","data/raw/stage2/ds06_smhi_shark/DS06_SMHI_SHARK_20260808T191500Z/SHARK_Phytoplankton_2003_SMHI_A17_version_2025-03-09.zip","0fc5d24f8bcb7719bf07d82435510c69d6d1be2c76848662bfeda08b1f7b6839",49167,"shark_zip_tsv"
"DS06","data/raw/stage2/ds06_smhi_shark/DS06_SMHI_SHARK_20260808T191500Z/SHARK_Phytoplankton_2003_SUSE_version_2025-03-09.zip","b3c4f754b948dbe55b6b43939f9a789f6bad3327a158679fd5ab549eb789ad97",75097,"shark_zip_tsv"
"DS06","data/raw/stage2/ds06_smhi_shark/DS06_SMHI_SHARK_20260808T191500Z/SHARK_Phytoplankton_2003_UMSC_version_2025-03-09.zip","535993aca5a54fab692e3ee493db8cb82d6f070800dcac87171a151fe6c51a40",63645,"shark_zip_tsv"
"DS06","data/raw/stage2/ds06_smhi_shark/DS06_SMHI_SHARK_20260808T191500Z/SHARK_Phytoplankton_2004_SMHI_version_2025-03-09.zip","68064ab71ddc9bc19cef5b96dca541433823b6e6f44ce411ba46e2def840999f",173206,"shark_zip_tsv"
"DS06","data/raw/stage2/ds06_smhi_shark/DS06_SMHI_SHARK_20260808T191500Z/SHARK_Phytoplankton_2004_SUSE_version_2025-03-09.zip","b14f5dcb443bf59e9ffefe7cc7d71914377f5a38c77522e09e73623e42fe689b",104475,"shark_zip_tsv"
"DS06","data/raw/stage2/ds06_smhi_shark/DS06_SMHI_SHARK_20260808T191500Z/SHARK_Phytoplankton_2004_UMSC_version_2025-03-09.zip","772ab939f48a9d65d811f9929afd6e01b4cd9b21233fdc69a0d9b3938941866b",53542,"shark_zip_tsv"
"DS06","data/raw/stage2/ds06_smhi_shark/DS06_SMHI_SHARK_20260808T191500Z/SHARK_Phytoplankton_2005_SMHI_version_2025-03-09.zip","628aa1e9d62a6a6e07aec4743210fc4d1ccca25569d8b96956118d7da32a543d",134297,"shark_zip_tsv"
"DS06","data/raw/stage2/ds06_smhi_shark/DS06_SMHI_SHARK_20260808T191500Z/SHARK_Phytoplankton_2005_SUSE_version_2025-03-09.zip","671957bed68a9e266831bdd75eea6ce5716069e5e086090c0dd7ca990d7dd242",105341,"shark_zip_tsv"
"DS06","data/raw/stage2/ds06_smhi_shark/DS06_SMHI_SHARK_20260808T191500Z/SHARK_Phytoplankton_2005_UMSC_version_2025-03-09.zip","1e0721682e1e1760bc62dec3070049184ea13b033a43cdde2e96d8c5908336fc",37236,"shark_zip_tsv"
"DS06","data/raw/stage2/ds06_smhi_shark/DS06_SMHI_SHARK_20260808T191500Z/SHARK_Phytoplankton_2006_SMHI_version_2025-03-09.zip","d339c82b0a4c8d09833c560d04b5caabcfb0c7516a88f2acf813197f5acb3820",151839,"shark_zip_tsv"
"DS06","data/raw/stage2/ds06_smhi_shark/DS06_SMHI_SHARK_20260808T191500Z/SHARK_Phytoplankton_2006_SUSE_version_2025-03-09.zip","bd1b54e59e68022c8c897b2c7820c3c1de3afbe209d3a1a98d04c02b4fe8a0c5",134884,"shark_zip_tsv"
"DS06","data/raw/stage2/ds06_smhi_shark/DS06_SMHI_SHARK_20260808T191500Z/SHARK_Phytoplankton_2006_UMSC_version_2025-03-09.zip","138312b6b5fe1fb4b91f860718506e728f2294b2052d42ee83419aba0cd366b5",59316,"shark_zip_tsv"
"DS06","data/raw/stage2/ds06_smhi_shark/DS06_SMHI_SHARK_20260808T191500Z/SHARK_Phytoplankton_2007_SMHI_version_2025-03-09.zip","bb446f1b463017e32fb330e8283e8f0c427d2f0a126020bbbfaa68fff43553db",129400,"shark_zip_tsv"
"DS06","data/raw/stage2/ds06_smhi_shark/DS06_SMHI_SHARK_20260808T191500Z/SHARK_Phytoplankton_2007_SUSE_version_2025-03-09.zip","b3dd73263f455ebfee2bccade6ad737cf95b713ab06ea23bd0a5cbebdab03662",149210,"shark_zip_tsv"
"DS06","data/raw/stage2/ds06_smhi_shark/DS06_SMHI_SHARK_20260808T191500Z/SHARK_Phytoplankton_2007_UMSC_version_2025-03-09.zip","71084704f0f5eba492a804273abde334188f0286bded7c6fa0ce1b61f7dcc834",67181,"shark_zip_tsv"
"DS06","data/raw/stage2/ds06_smhi_shark/DS06_SMHI_SHARK_20260808T191500Z/SHARK_Phytoplankton_2008_SMHI_version_2025-03-09.zip","a2d5d1e27ad8ab4d350efbc6f56f5dbc0dd38374ae9e5cb752e19302411c724b",200031,"shark_zip_tsv"
"DS06","data/raw/stage2/ds06_smhi_shark/DS06_SMHI_SHARK_20260808T191500Z/SHARK_Phytoplankton_2008_SUSE_version_2025-03-09.zip","35cda05eacf89b26c70edf8af60f2ceadd562a23e6ec12ad3332bfa03e6fe3a7",173095,"shark_zip_tsv"
"DS06","data/raw/stage2/ds06_smhi_shark/DS06_SMHI_SHARK_20260808T191500Z/SHARK_Phytoplankton_2008_UMSC_version_2025-03-09.zip","4f9aa26231255bfa93d0cb7cf112d5a88e57bff735d61d7bdce49e145bece655",80351,"shark_zip_tsv"
"DS06","data/raw/stage2/ds06_smhi_shark/DS06_SMHI_SHARK_20260808T191500Z/SHARK_Phytoplankton_2009_SMHI_version_2025-03-09.zip","73e4cb4347ba12fff9bd9158a23a97342b42bb9298ce4a8f3f1c87b963345f43",154426,"shark_zip_tsv"
"DS06","data/raw/stage2/ds06_smhi_shark/DS06_SMHI_SHARK_20260808T191500Z/SHARK_Phytoplankton_2009_SUSE_version_2025-03-09.zip","1761886c8a1a2cb348a73888ccf9472181ba5c3671eaf99254c73deb813ab2e1",250004,"shark_zip_tsv"
"DS06","data/raw/stage2/ds06_smhi_shark/DS06_SMHI_SHARK_20260808T191500Z/SHARK_Phytoplankton_2009_UMSC_version_2025-03-09.zip","56a6b4b4c7069aff8b1fd4a6fd699308adcc3159e798554a520009a0e037d745",72933,"shark_zip_tsv"
"DS06","data/raw/stage2/ds06_smhi_shark/DS06_SMHI_SHARK_20260808T191500Z/SHARK_Phytoplankton_2010_SMHI_version_2025-03-09.zip","afbdbc9ff5f1878017fad0b5d410f3580747d7a286fd071f4ad43d1c0e1723cb",221577,"shark_zip_tsv"
"DS06","data/raw/stage2/ds06_smhi_shark/DS06_SMHI_SHARK_20260808T191500Z/SHARK_Phytoplankton_2010_SMHI_Ferrybox_version_2025-03-09.zip","af75122eacb5e787867476d3a324a16c9a32ef98b841c3512bb7239f5d746b72",21627,"shark_zip_tsv"
"DS06","data/raw/stage2/ds06_smhi_shark/DS06_SMHI_SHARK_20260808T191500Z/SHARK_Phytoplankton_2010_SUSE_version_2025-03-09.zip","d074872af792b778beec7ff6446819e06f28c2a8c18f293ea2877ad75b2a09d7",236359,"shark_zip_tsv"
"DS06","data/raw/stage2/ds06_smhi_shark/DS06_SMHI_SHARK_20260808T191500Z/SHARK_Phytoplankton_2010_UMSC_version_2025-03-09.zip","438dea4632ad36535ed0e98903ecd34a67a9a5ef484866b113ddafd883889728",76104,"shark_zip_tsv"
"DS06","data/raw/stage2/ds06_smhi_shark/DS06_SMHI_SHARK_20260808T191500Z/SHARK_Phytoplankton_2011_SMHI_version_2025-03-09.zip","a1e991567256cb66502c43808d4447f8edb4e20ac57987545e18208999971769",156467,"shark_zip_tsv"
"DS06","data/raw/stage2/ds06_smhi_shark/DS06_SMHI_SHARK_20260808T191500Z/SHARK_Phytoplankton_2011_SUSE_version_2025-03-09.zip","f6c4ad8952af69ce063e3eb74538ca6e16355663b62ea2bc5204c54d7605ac8d",209287,"shark_zip_tsv"
"DS06","data/raw/stage2/ds06_smhi_shark/DS06_SMHI_SHARK_20260808T191500Z/SHARK_Phytoplankton_2011_UMSC_version_2025-03-09.zip","02b80eb14fb5b9465cf4cc06853508978e15e58d29f550ba9bb2c784c8add9b8",96521,"shark_zip_tsv"
"DS06","data/raw/stage2/ds06_smhi_shark/DS06_SMHI_SHARK_20260808T191500Z/SHARK_Phytoplankton_2012_SMHI_version_2025-03-09.zip","25597a6da83ece4fd9a70a531c685e9a0c1991e87a8ef2bdd7cfc6ab8cb04f44",147738,"shark_zip_tsv"
"DS06","data/raw/stage2/ds06_smhi_shark/DS06_SMHI_SHARK_20260808T191500Z/SHARK_Phytoplankton_2012_SUSE_version_2025-03-09.zip","bb8dba9ab9d54c41d7b5fd91ab4feaea6b1d7b20f5f6df1b8d26bf65972c5d33",197908,"shark_zip_tsv"
"DS06","data/raw/stage2/ds06_smhi_shark/DS06_SMHI_SHARK_20260808T191500Z/SHARK_Phytoplankton_2012_UMSC_version_2025-03-09.zip","a970cf6cc5553c9d3456e7018bdcd94816ae94c9d6c5d68e4bfd627338e78fcc",112396,"shark_zip_tsv"
"DS06","data/raw/stage2/ds06_smhi_shark/DS06_SMHI_SHARK_20260808T191500Z/SHARK_Phytoplankton_2013_DEEP_version_2025-03-09.zip","8a58e8808b5d530f5e63eb33638bad3d1da0da72982c272962141cf00cbe51f9",177137,"shark_zip_tsv"
"DS06","data/raw/stage2/ds06_smhi_shark/DS06_SMHI_SHARK_20260808T191500Z/SHARK_Phytoplankton_2013_SMHI_version_2025-03-09.zip","8ec67a1693bdb745f80182d8de47374fc5bbe2e468cee8ce1f52ea1879ab9273",181168,"shark_zip_tsv"
"DS06","data/raw/stage2/ds06_smhi_shark/DS06_SMHI_SHARK_20260808T191500Z/SHARK_Phytoplankton_2013_SMHI_TRANSPAPER_version_2025-03-09.zip","68ca56aa90ea50c4973fc949034d2bd754051de4af301c14a4527bb092a727fa",110716,"shark_zip_tsv"
"DS06","data/raw/stage2/ds06_smhi_shark/DS06_SMHI_SHARK_20260808T191500Z/SHARK_Phytoplankton_2013_UMSC_version_2025-03-09.zip","fedf1c0015ffa73e857452324cd09bcd6f581a59768a63968fe0f972e145e2cd",76599,"shark_zip_tsv"
"DS06","data/raw/stage2/ds06_smhi_shark/DS06_SMHI_SHARK_20260808T191500Z/SHARK_Phytoplankton_2014_DEEP_version_2025-03-09.zip","5c54adf5ea16ac64b10d3e8d90cc710462bbc6fff1f7fc015cf95b88272935a4",127705,"shark_zip_tsv"
"DS06","data/raw/stage2/ds06_smhi_shark/DS06_SMHI_SHARK_20260808T191500Z/SHARK_Phytoplankton_2014_SMHI_version_2025-03-09.zip","9d5fc80422db0f911d305a9f2d68f6bfb73cf0eaf47eb35e5ffacaf19ae710fb",131337,"shark_zip_tsv"
"DS06","data/raw/stage2/ds06_smhi_shark/DS06_SMHI_SHARK_20260808T191500Z/SHARK_Phytoplankton_2014_UMSC_version_2025-03-09.zip","f82064b57be6e2540dfc2c742deebf9731c368f2e229a3eb4876b2c7eb2fed36",80109,"shark_zip_tsv"
"DS06","data/raw/stage2/ds06_smhi_shark/DS06_SMHI_SHARK_20260808T191500Z/SHARK_Phytoplankton_2015_DEEP_version_2025-03-09.zip","8639424e29bb38cdfc707175cf8b446ecc3ec4784a71b0dc820ef880b13e529e",115181,"shark_zip_tsv"
"DS06","data/raw/stage2/ds06_smhi_shark/DS06_SMHI_SHARK_20260808T191500Z/SHARK_Phytoplankton_2015_SMHI_version_2025-03-09.zip","86c93bddc71bb92e6ff5d4b6a52bc0f3f1de48600db6a71419d0ccb051d6f0a5",164891,"shark_zip_tsv"
"DS06","data/raw/stage2/ds06_smhi_shark/DS06_SMHI_SHARK_20260808T191500Z/SHARK_Phytoplankton_2015_SMHI_ColorFantasy_version_2025-03-09.zip","3b09bd23db7438362fd149efa4820d9a6512e15f573aceeb48a5a0c873bbf623",25946,"shark_zip_tsv"
"DS06","data/raw/stage2/ds06_smhi_shark/DS06_SMHI_SHARK_20260808T191500Z/SHARK_Phytoplankton_2015_SMHI_TRANSPAPER_version_2025-03-09.zip","91b0cc5d24a66b4d50c07d3f0257ef9e8d16b156208dc7a49546beaf3ab9b991",45957,"shark_zip_tsv"
"DS06","data/raw/stage2/ds06_smhi_shark/DS06_SMHI_SHARK_20260808T191500Z/SHARK_Phytoplankton_2015_UMSC_version_2025-03-09.zip","b7793b15c8da8705facdffe7414cec964ff39d948c45b8a2a915727ca62cb2e8",75534,"shark_zip_tsv"
"DS06","data/raw/stage2/ds06_smhi_shark/DS06_SMHI_SHARK_20260808T191500Z/SHARK_Phytoplankton_2016_DEEP_version_2025-03-09.zip","1074d84cf6194fb53b1c5f09fcca4e6120dafe2d0b5e3f898685ef61e498b8d2",147173,"shark_zip_tsv"
"DS06","data/raw/stage2/ds06_smhi_shark/DS06_SMHI_SHARK_20260808T191500Z/SHARK_Phytoplankton_2016_SMHI_version_2025-03-09.zip","012a97d7759227d7594b9f3d4cd26431ad944d3da3303df9f20502271d7fe1ca",173422,"shark_zip_tsv"
"DS06","data/raw/stage2/ds06_smhi_shark/DS06_SMHI_SHARK_20260808T191500Z/SHARK_Phytoplankton_2016_UMSC_version_2025-03-09.zip","71e2e20b484fe3630095a8511235b644695b858902710c895ca9b7c68a0aee06",110615,"shark_zip_tsv"
"DS06","data/raw/stage2/ds06_smhi_shark/DS06_SMHI_SHARK_20260808T191500Z/SHARK_Phytoplankton_2017_2023_DEEP_NYKOM_version_2025-03-09.zip","58847e3b8d8fad7e3c4b0ef85ed7895ffb2f4db36d5324f6cbcc5c5372da3496",52639,"shark_zip_tsv"
"DS06","data/raw/stage2/ds06_smhi_shark/DS06_SMHI_SHARK_20260808T191500Z/SHARK_Phytoplankton_2017_DEEP_version_2025-03-09.zip","8e40d638f04579af9b623370d00b2b28624756233307b8d3635d424790b7f55d",140665,"shark_zip_tsv"
"DS06","data/raw/stage2/ds06_smhi_shark/DS06_SMHI_SHARK_20260808T191500Z/SHARK_Phytoplankton_2017_SMHI_version_2025-03-09.zip","3397671c1ef4e686f5e4b8848038cc9e7b3180a263a7b4d1d8c9aee12374356d",183595,"shark_zip_tsv"
"DS06","data/raw/stage2/ds06_smhi_shark/DS06_SMHI_SHARK_20260808T191500Z/SHARK_Phytoplankton_2017_SMHI_ColorFantasy_version_2025-03-09.zip","b21ef099234a581cae11a8b13ede9cfc8df67f5aad6b6ffa8ae65484e3bd006d",10400,"shark_zip_tsv"
"DS06","data/raw/stage2/ds06_smhi_shark/DS06_SMHI_SHARK_20260808T191500Z/SHARK_Phytoplankton_2017_SMHI_WEAQ_TRANSPAPER_version_2025-03-09.zip","aad92750e663cc56e9db11afc7388f2397cee36f79e94b46b3a0c336038c390e",74901,"shark_zip_tsv"
"DS06","data/raw/stage2/ds06_smhi_shark/DS06_SMHI_SHARK_20260808T191500Z/SHARK_Phytoplankton_2017_UMSC_version_2025-03-09.zip","b55e2ee00ba45af9bec70ab8bbe8651ab916eb210a1640f2bb1091cf452829b9",109152,"shark_zip_tsv"
"DS06","data/raw/stage2/ds06_smhi_shark/DS06_SMHI_SHARK_20260808T191500Z/SHARK_Phytoplankton_2018_2021_SLCK_version_2025-03-09.zip","c6b5ed4d1d55f2cc8bfc3fe46e297be76be8f7932909cb023d8695a72efef44e",151982,"shark_zip_tsv"
"DS06","data/raw/stage2/ds06_smhi_shark/DS06_SMHI_SHARK_20260808T191500Z/SHARK_Phytoplankton_2018_BDLST_version_2025-03-09.zip","a06147218d32a981d750da11d08a47287281c63f744f1375ebf409adf157c51c",145528,"shark_zip_tsv"
"DS06","data/raw/stage2/ds06_smhi_shark/DS06_SMHI_SHARK_20260808T191500Z/SHARK_Phytoplankton_2018_DEEP_version_2025-03-09.zip","8455ad02287b63f80c1dedd1d07e52d7c977de3baf3b398cf81429fabe133ae7",136312,"shark_zip_tsv"
"DS06","data/raw/stage2/ds06_smhi_shark/DS06_SMHI_SHARK_20260808T191500Z/SHARK_Phytoplankton_2018_DEEP_CLST_ABLST_SKVVF_version_2025-03-09.zip","ec86e74df76942c56b63b4537ba4463ac004de8cf9f2878ec70f3e6d352262d2",36329,"shark_zip_tsv"
"DS06","data/raw/stage2/ds06_smhi_shark/DS06_SMHI_SHARK_20260808T191500Z/SHARK_Phytoplankton_2018_DEEP_SKVVF_version_2025-03-09.zip","2e31b419570c6ef76770e5fdbe7d4e9d15c50477c33ed9180f938f84f7f327b5",231592,"shark_zip_tsv"
"DS06","data/raw/stage2/ds06_smhi_shark/DS06_SMHI_SHARK_20260808T191500Z/SHARK_Phytoplankton_2018_MEDINS_DVF_version_2025-03-09.zip","83f0ab0c6d6e7ab8bdd10014e4d0bbed37a75b65c2584c6c3391e2550be6d2b6",21945,"shark_zip_tsv"
"DS06","data/raw/stage2/ds06_smhi_shark/DS06_SMHI_SHARK_20260808T191500Z/SHARK_Phytoplankton_2018_MEDINS_LVX_version_2025-03-09.zip","7ca9f85a06a795dbde06122d52fb4a90726cda5145198e37e347d0d66393b1ba",13441,"shark_zip_tsv"
"DS06","data/raw/stage2/ds06_smhi_shark/DS06_SMHI_SHARK_20260808T191500Z/SHARK_Phytoplankton_2018_MEDINS_UVVVF_version_2025-03-09.zip","e947b4efeeb132de78d989ed7bd7c09569e669bf078e18e25204ab1fd07c6d07",31428,"shark_zip_tsv"
"DS06","data/raw/stage2/ds06_smhi_shark/DS06_SMHI_SHARK_20260808T191500Z/SHARK_Phytoplankton_2018_PELA_GVVF_version_2025-03-09.zip","c17e9e1d41e6fe346890141ccbfbd9e5efa2646427bad25bfad9e6fbfe515757",7114,"shark_zip_tsv"
"DS06","data/raw/stage2/ds06_smhi_shark/DS06_SMHI_SHARK_20260808T191500Z/SHARK_Phytoplankton_2018_PELA_SVAB_version_2025-03-09.zip","13a5473c7d26c714a2e7521ba174fce262f323b9e7f289a86bd37af9d4e05221",58794,"shark_zip_tsv"
"DS06","data/raw/stage2/ds06_smhi_shark/DS06_SMHI_SHARK_20260808T191500Z/SHARK_Phytoplankton_2018_SMHI_version_2025-03-09.zip","321dc2a43210842d0afefce655e39904e1eb347335ed310609bb49d3742df3b2",293920,"shark_zip_tsv"
"DS06","data/raw/stage2/ds06_smhi_shark/DS06_SMHI_SHARK_20260808T191500Z/SHARK_Phytoplankton_2018_SMHI_BVVF_version_2025-03-09.zip","f5e43e88427a58c957e8372ab20445d49371808bd452c4a56b3ed449b5d8a2c0",657255,"shark_zip_tsv"
"DS06","data/raw/stage2/ds06_smhi_shark/DS06_SMHI_SHARK_20260808T191500Z/SHARK_Phytoplankton_2018_SMHI_ColorFantasy_version_2025-03-09.zip","f35ae694fd5785a84d3de905518bcecf43a4baa55c31099c7170a9a146f2b7d6",30722,"shark_zip_tsv"
"DS06","data/raw/stage2/ds06_smhi_shark/DS06_SMHI_SHARK_20260808T191500Z/SHARK_Phytoplankton_2018_SMHI_OLST_version_2025-03-09.zip","5bb99de5aa147d41c758434d809e56c4299932159066414fba442ec5f56c74b4",97730,"shark_zip_tsv"
"DS06","data/raw/stage2/ds06_smhi_shark/DS06_SMHI_SHARK_20260808T191500Z/SHARK_Phytoplankton_2018_SMHI_SLV_biotox_version_2025-03-11.zip","c73ee55d2f87fca53a6b2025c78d621a8f74b84aba01af003d0e011760b1d7b1",33680,"shark_zip_tsv"
"DS06","data/raw/stage2/ds06_smhi_shark/DS06_SMHI_SHARK_20260808T191500Z/SHARK_Phytoplankton_2018_TOXICO_NVSKK_version_2025-03-09.zip","f24ef653d4903a30656397f2599f568f28bf83b57208873d06ccab0bf70ce4eb",17689,"shark_zip_tsv"
"DS06","data/raw/stage2/ds06_smhi_shark/DS06_SMHI_SHARK_20260808T191500Z/SHARK_Phytoplankton_2018_TOXICO_OVF_version_2025-03-09.zip","e42812b181b3b1b73d2e6b8a2f69d8b21bd04c9a85883157cfe0c99a68a20593",24607,"shark_zip_tsv"
"DS06","data/raw/stage2/ds06_smhi_shark/DS06_SMHI_SHARK_20260808T191500Z/SHARK_Phytoplankton_2018_UMSC_version_2025-03-09.zip","6d765a29d41f61786e734155f1b7b3d9323408d9bf0005045d210f7ce98ead81",161143,"shark_zip_tsv"
"DS06","data/raw/stage2/ds06_smhi_shark/DS06_SMHI_SHARK_20260808T191500Z/SHARK_Phytoplankton_2018_UMSC_YLST_version_2025-03-09.zip","afc765d2510c76ac2204ad2390b14302fa8a2d1aa009b5dd3db52bafae65d2eb",173129,"shark_zip_tsv"
"DS06","data/raw/stage2/ds06_smhi_shark/DS06_SMHI_SHARK_20260808T191500Z/SHARK_Phytoplankton_2018_WEAQ_NLST_version_2025-03-09.zip","8c1a4685d8d33bf549969c31850b030742f0a136308dc0d11efb0d0792b272bd",158223,"shark_zip_tsv"
"DS06","data/raw/stage2/ds06_smhi_shark/DS06_SMHI_SHARK_20260808T191500Z/SHARK_Phytoplankton_2018-2019_ACLST_UMEKOM_version_2025-03-09.zip","ed4e86395b65a38780c20428550942237e4487c455ec3a08b165c08df822f972",13467,"shark_zip_tsv"
"DS06","data/raw/stage2/ds06_smhi_shark/DS06_SMHI_SHARK_20260808T191500Z/SHARK_Phytoplankton_2019_2023_ACLST_version_2025-03-09.zip","14bc024545bf37c74296a3a71b6831effb44aa93b65c8843592907f95e9e6f18",22025,"shark_zip_tsv"
"DS06","data/raw/stage2/ds06_smhi_shark/DS06_SMHI_SHARK_20260808T191500Z/SHARK_Phytoplankton_2019_DEEP_version_2025-03-09.zip","7b1739fb36a63df27f6b1400f69b2bfe22359df4636509f04e47a57e246515ae",199011,"shark_zip_tsv"
"DS06","data/raw/stage2/ds06_smhi_shark/DS06_SMHI_SHARK_20260808T191500Z/SHARK_Phytoplankton_2019_DEEP_SKVVF_version_2025-03-09.zip","c7035089c52ce6c699e7db3133f5e8867b15d38551dce543446e515f41161ec0",246131,"shark_zip_tsv"
"DS06","data/raw/stage2/ds06_smhi_shark/DS06_SMHI_SHARK_20260808T191500Z/SHARK_Phytoplankton_2019_MEDINS_DVVF_version_2025-03-09.zip","e50873fd313084b2347dbaf96a4e7874e92f75b2112b0d94784fef0d13f748c9",24009,"shark_zip_tsv"
"DS06","data/raw/stage2/ds06_smhi_shark/DS06_SMHI_SHARK_20260808T191500Z/SHARK_Phytoplankton_2019_MEDINS_LVVVF_version_2025-03-09.zip","57ca650174e36372090f9c8c76d676e53a421916057db241bd6f9db7f33fcb20",13768,"shark_zip_tsv"
"DS06","data/raw/stage2/ds06_smhi_shark/DS06_SMHI_SHARK_20260808T191500Z/SHARK_Phytoplankton_2019_MEDINS_MSVVF_version_2025-03-09.zip","6935777d1058e799d7472d02fa525f12f8f5aff73a790ae361308b8f210b6d65",30931,"shark_zip_tsv"
"DS06","data/raw/stage2/ds06_smhi_shark/DS06_SMHI_SHARK_20260808T191500Z/SHARK_Phytoplankton_2019_MEDINS_NORKOM_version_2025-03-09.zip","7621bed0e202ffcf6ad6d4c4421b732828b6b146e8b7a7f7094d0208bdd36b1b",8418,"shark_zip_tsv"
"DS06","data/raw/stage2/ds06_smhi_shark/DS06_SMHI_SHARK_20260808T191500Z/SHARK_Phytoplankton_2019_MEDINS_UVVVF_version_2025-03-09.zip","57560a1aa53aed19362571607edc4af9103ade4565c46ad9ece100da52147bc5",43752,"shark_zip_tsv"
"DS06","data/raw/stage2/ds06_smhi_shark/DS06_SMHI_SHARK_20260808T191500Z/SHARK_Phytoplankton_2019_NIRAS_version_2025-03-09.zip","b287806c8c78244e60f2b4112bc4a5cd67bb2eaf8d3a9e5299d529404e7c538a",171449,"shark_zip_tsv"
"DS06","data/raw/stage2/ds06_smhi_shark/DS06_SMHI_SHARK_20260808T191500Z/SHARK_Phytoplankton_2019_PELA_SVAB_version_2025-03-09.zip","08bb4aa31fccfb5db22b32a9f45af69b46fc5f5e57f0ee7ed2561fa446065ecc",134702,"shark_zip_tsv"
"DS06","data/raw/stage2/ds06_smhi_shark/DS06_SMHI_SHARK_20260808T191500Z/SHARK_Phytoplankton_2019_SMHI_version_2025-03-09.zip","2a632ea422a1655c465a4fcfdeedd0b0770054dcdecf066a4a64705e60a344f7",316605,"shark_zip_tsv"
"DS06","data/raw/stage2/ds06_smhi_shark/DS06_SMHI_SHARK_20260808T191500Z/SHARK_Phytoplankton_2019_SMHI_BVVF_version_2025-03-09.zip","abfa93326a3c955cdfd11614bacae88c60bd32cc6f024d0aed2fd32ad14bce9c",700681,"shark_zip_tsv"
"DS06","data/raw/stage2/ds06_smhi_shark/DS06_SMHI_SHARK_20260808T191500Z/SHARK_Phytoplankton_2019_SMHI_ColorFantasy_version_2025-03-09.zip","b03c0f28205b13eea85e1319118022dc9c94fa5cc883e61025797ebf6160eae7",73059,"shark_zip_tsv"
"DS06","data/raw/stage2/ds06_smhi_shark/DS06_SMHI_SHARK_20260808T191500Z/SHARK_Phytoplankton_2019_SMHI_DNA_version_2025-03-09.zip","1cf7f1ebbb93837312d0f433e569208efac81002c2c2d63c2e5fcfe224d0d853",122501,"shark_zip_tsv"
"DS06","data/raw/stage2/ds06_smhi_shark/DS06_SMHI_SHARK_20260808T191500Z/SHARK_Phytoplankton_2019_SMHI_OLST_version_2025-03-09.zip","1985b712717197f14bf5e1e0b6e70a1b5b5fe48f5b8c674e6ba1e9a5f5fdabc8",117982,"shark_zip_tsv"
"DS06","data/raw/stage2/ds06_smhi_shark/DS06_SMHI_SHARK_20260808T191500Z/SHARK_Phytoplankton_2019_SMHI_SLV_biotox_version_2025-03-11.zip","ed0a8b5795bcca2f6df2d0d313d160bd24b9f60a4e3655328e2779489e88723c",32734,"shark_zip_tsv"
"DS06","data/raw/stage2/ds06_smhi_shark/DS06_SMHI_SHARK_20260808T191500Z/SHARK_Phytoplankton_2019_UMSC_version_2025-03-09.zip","fd2e4a16adeeb8727b9813e67d6af35f094abe5381a59cf5b71824fe40927424",178854,"shark_zip_tsv"
"DS06","data/raw/stage2/ds06_smhi_shark/DS06_SMHI_SHARK_20260808T191500Z/SHARK_Phytoplankton_2019_UMSC_DNA_version_2025-03-09.zip","688d4d1caf1cbf94cf7971c819b0b368db13f77a2303d79c76ec8f87baa2da56",55738,"shark_zip_tsv"
"DS06","data/raw/stage2/ds06_smhi_shark/DS06_SMHI_SHARK_20260808T191500Z/SHARK_Phytoplankton_2019_WEAQ_NLST_version_2025-03-09.zip","a9dfca883474d1856445d6ff2c3276bb12724bbdd6b72709b39fd20127eea10a",182098,"shark_zip_tsv"
"DS06","data/raw/stage2/ds06_smhi_shark/DS06_SMHI_SHARK_20260808T191500Z/SHARK_Phytoplankton_2020_2021_UMSC_HAV_version_2025-03-09.zip","5653dfb90b741de1d6bcae3f53591391e99ce8e2fb86e0f416d42ff0d3766f8f",32500,"shark_zip_tsv"
"DS06","data/raw/stage2/ds06_smhi_shark/DS06_SMHI_SHARK_20260808T191500Z/SHARK_Phytoplankton_2020_DEEP_version_2025-03-09.zip","8d59307e5bf7a15be552503d1fee87d7efc8c76dc858ee2a0aec8198f1734540",204754,"shark_zip_tsv"
"DS06","data/raw/stage2/ds06_smhi_shark/DS06_SMHI_SHARK_20260808T191500Z/SHARK_Phytoplankton_2020_DEEP_ELST_version_2025-03-09.zip","0235788ca27800348be67ab1a69055fbaaa52c34f7f0e8012b74a5f7cb6b5532",128250,"shark_zip_tsv"
"DS06","data/raw/stage2/ds06_smhi_shark/DS06_SMHI_SHARK_20260808T191500Z/SHARK_Phytoplankton_2020_DEEP_SKVVF_version_2025-03-09.zip","3ac7eb9ba03e250d82111ad28c50ede1b5c03a3635977988a6a5c021bd7511b5",363515,"shark_zip_tsv"
"DS06","data/raw/stage2/ds06_smhi_shark/DS06_SMHI_SHARK_20260808T191500Z/SHARK_Phytoplankton_2020_MEDINS_DVVF_version_2025-03-09.zip","b1a6f1d8883eecf1c42e6db21f834c4c838075d789c107ec019bcb230864b637",15980,"shark_zip_tsv"
"DS06","data/raw/stage2/ds06_smhi_shark/DS06_SMHI_SHARK_20260808T191500Z/SHARK_Phytoplankton_2020_MEDINS_LVVF_version_2025-03-09.zip","b11d5a592857dccedd4066fc55a18f0d9ca4c7af0884a98391ba77e076b54c5b",14408,"shark_zip_tsv"
"DS06","data/raw/stage2/ds06_smhi_shark/DS06_SMHI_SHARK_20260808T191500Z/SHARK_Phytoplankton_2020_MEDINS_MSVVF_version_2025-03-09.zip","dbb372c34d88c74908dea2b47fa71249cfa7306708f0442b9cab29951a6fc41f",47813,"shark_zip_tsv"
"DS06","data/raw/stage2/ds06_smhi_shark/DS06_SMHI_SHARK_20260808T191500Z/SHARK_Phytoplankton_2020_MEDINS_NORKOM_version_2025-03-09.zip","04ebecbfb38a5e298d783b23fe79ef6b4418965e6496ba7e924a4848b79128a9",7003,"shark_zip_tsv"
"DS06","data/raw/stage2/ds06_smhi_shark/DS06_SMHI_SHARK_20260808T191500Z/SHARK_Phytoplankton_2020_MEDINS_UVVVF_version_2025-03-09.zip","08e2b56e98751160a69e8088446b9280436624f41146e75ecca4a440b732f3be",52144,"shark_zip_tsv"
"DS06","data/raw/stage2/ds06_smhi_shark/DS06_SMHI_SHARK_20260808T191500Z/SHARK_Phytoplankton_2020_NIRAS_SYDVVF_VHVVF_NVSKK_OVVF_version_2025-03-09.zip","5c8d1679aad239304d611dae769a8d7524958ce15d8c23eb7568877b48e75469",145856,"shark_zip_tsv"
"DS06","data/raw/stage2/ds06_smhi_shark/DS06_SMHI_SHARK_20260808T191500Z/SHARK_Phytoplankton_2020_PELA_GVVF_version_2025-03-09.zip","f7830b540ffea95e0b9acf8a12c448c8bc5ceefebceff9aff6c3a75b1f29cba3",12479,"shark_zip_tsv"
"DS06","data/raw/stage2/ds06_smhi_shark/DS06_SMHI_SHARK_20260808T191500Z/SHARK_Phytoplankton_2020_PELA_SVAB_version_2025-03-09.zip","db06de206f0f3f70e7392e6f6fb6fe07b34fb0846e23d8b01497ad40e5889fdd",100164,"shark_zip_tsv"
"DS06","data/raw/stage2/ds06_smhi_shark/DS06_SMHI_SHARK_20260808T191500Z/SHARK_Phytoplankton_2020_SMHI_version_2025-03-09.zip","88422bcbe3297634874f0bb8c7b81cfa8ff8e5bdbdab1f58363121aa57084244",390519,"shark_zip_tsv"
"DS06","data/raw/stage2/ds06_smhi_shark/DS06_SMHI_SHARK_20260808T191500Z/SHARK_Phytoplankton_2020_SMHI_BVVF_version_2025-03-09.zip","e36ea8a561cf24699ce27f4442d412fbbebe7fb496d15c2e4a7f6dc4f27417cd",726392,"shark_zip_tsv"
"DS06","data/raw/stage2/ds06_smhi_shark/DS06_SMHI_SHARK_20260808T191500Z/SHARK_Phytoplankton_2020_SMHI_ColorFantasy_version_2025-03-09.zip","18ed35d0a3affc0815bfca9b33ed15cf985e0aa1ac07e0c08e732f22e0317e91",93323,"shark_zip_tsv"
"DS06","data/raw/stage2/ds06_smhi_shark/DS06_SMHI_SHARK_20260808T191500Z/SHARK_Phytoplankton_2020_SMHI_OLST_version_2025-03-09.zip","0d223fb25b17ef770c694612a6e0613459eb731bc717e3c4db1c5aeaf1ac06d6",191496,"shark_zip_tsv"
"DS06","data/raw/stage2/ds06_smhi_shark/DS06_SMHI_SHARK_20260808T191500Z/SHARK_Phytoplankton_2020_SMHI_SLV_biotox_version_2025-03-11.zip","1ac9b35cfb374ffb8cb4920ffbfdc747a383a16029c0ace75bc71ef3849d5d02",37704,"shark_zip_tsv"
"DS06","data/raw/stage2/ds06_smhi_shark/DS06_SMHI_SHARK_20260808T191500Z/SHARK_Phytoplankton_2020_UMSC_version_2025-03-09.zip","811fa323338b1822530a6eef36b7dabd43c5a6213c787b1ed9d4b53c3fe70287",211212,"shark_zip_tsv"
"DS06","data/raw/stage2/ds06_smhi_shark/DS06_SMHI_SHARK_20260808T191500Z/SHARK_Phytoplankton_2020_UMSC_ACLST_version_2025-03-09.zip","e95cf8efa70a4fc9b08f1167eb0a00ea12e8ad86ba6dab5d05a2493a6a6a18d8",41914,"shark_zip_tsv"
"DS06","data/raw/stage2/ds06_smhi_shark/DS06_SMHI_SHARK_20260808T191500Z/SHARK_Phytoplankton_2020_UMSC_YLST_version_2025-03-09.zip","f9e1e991a10f828b212a9dea932285670ff1ce3e8c3e910f990b0b52ff441f95",43098,"shark_zip_tsv"
"DS06","data/raw/stage2/ds06_smhi_shark/DS06_SMHI_SHARK_20260808T191500Z/SHARK_Phytoplankton_2020_WEAQ_NLST_version_2025-03-09.zip","7810a0af3b772fea034b09cf04821b08adfbe654e041ff2872189d0d39ce4c5e",173127,"shark_zip_tsv"
"DS06","data/raw/stage2/ds06_smhi_shark/DS06_SMHI_SHARK_20260808T191500Z/SHARK_Phytoplankton_2021_DEEP_version_2025-03-09.zip","e4ffff7777e7ddeede19de1738046c64de97beb0addd783913017437fed897ed",163548,"shark_zip_tsv"
"DS06","data/raw/stage2/ds06_smhi_shark/DS06_SMHI_SHARK_20260808T191500Z/SHARK_Phytoplankton_2021_DEEP_ELST_version_2025-03-09.zip","20e8bd7209718951f6cb4f2c376172a2505ffc4c1c1e0b08a7d28fb40c61065e",110044,"shark_zip_tsv"
"DS06","data/raw/stage2/ds06_smhi_shark/DS06_SMHI_SHARK_20260808T191500Z/SHARK_Phytoplankton_2021_DEEP_ILST_version_2025-03-09.zip","6843113fa6682541846523bd4d8c1a0c2e060bc067fc867dc23d276e5e7feaa8",20646,"shark_zip_tsv"
"DS06","data/raw/stage2/ds06_smhi_shark/DS06_SMHI_SHARK_20260808T191500Z/SHARK_Phytoplankton_2021_DEEP_SKVVF_version_2025-03-09.zip","ae0bed069e18ef9f668f5e001981acbd5c2b2f912cb38531bacb8cabc6bc7fbc",364967,"shark_zip_tsv"
"DS06","data/raw/stage2/ds06_smhi_shark/DS06_SMHI_SHARK_20260808T191500Z/SHARK_Phytoplankton_2021_MEDINS_BDLST_version_2025-03-09.zip","1389866df5069f3cdd3318e1e0d05586c198b7c9a8eb4f7c383c71e22786c84c",251982,"shark_zip_tsv"
"DS06","data/raw/stage2/ds06_smhi_shark/DS06_SMHI_SHARK_20260808T191500Z/SHARK_Phytoplankton_2021_MEDINS_DVVF_version_2025-03-09.zip","5fbea68076930fe45686c6265fdc92bd79ebcd6756b6b20e38ecb74e57efd063",28599,"shark_zip_tsv"
"DS06","data/raw/stage2/ds06_smhi_shark/DS06_SMHI_SHARK_20260808T191500Z/SHARK_Phytoplankton_2021_MEDINS_LVVVF_version_2025-03-09.zip","7cde289b19667271fea579ce504bf7e20301527ac7f756b1620a3f6ee0078945",17427,"shark_zip_tsv"
"DS06","data/raw/stage2/ds06_smhi_shark/DS06_SMHI_SHARK_20260808T191500Z/SHARK_Phytoplankton_2021_MEDINS_MSVVF_version_2025-03-09.zip","6b0488c7387a88152baf46dd345df972b4cb79adb74c1dc48408dbe192bc9a22",48724,"shark_zip_tsv"
"DS06","data/raw/stage2/ds06_smhi_shark/DS06_SMHI_SHARK_20260808T191500Z/SHARK_Phytoplankton_2021_MEDINS_NLST_version_2025-03-09.zip","c147507acef9232b2f04090d80e37377e82102df8142643a9cea938cef9b023f",247295,"shark_zip_tsv"
"DS06","data/raw/stage2/ds06_smhi_shark/DS06_SMHI_SHARK_20260808T191500Z/SHARK_Phytoplankton_2021_MEDINS_NORKOM_version_2025-03-09.zip","024638368516785ef686cc4c5fc1e6eadc083eac7c4b4f3f133cd6e930fe18d7",11364,"shark_zip_tsv"
"DS06","data/raw/stage2/ds06_smhi_shark/DS06_SMHI_SHARK_20260808T191500Z/SHARK_Phytoplankton_2021_MEDINS_UVVVF_version_2025-03-09.zip","07d3d28952ecf3e6c9485c60cf435f7b36f3c5d80c4e90df370e138182e9edde",66986,"shark_zip_tsv"
"DS06","data/raw/stage2/ds06_smhi_shark/DS06_SMHI_SHARK_20260808T191500Z/SHARK_Phytoplankton_2021_NIRAS_version_2025-03-09.zip","99ee0719d6b02f58fb0ed2609cf8b0a0f326b51bbae0112d85e680b54229ef10",67965,"shark_zip_tsv"
"DS06","data/raw/stage2/ds06_smhi_shark/DS06_SMHI_SHARK_20260808T191500Z/SHARK_Phytoplankton_2021_PELA_EDSVVS_version_2025-03-09.zip","209707fe405cffd52b830d485cb308e41c4c3a736f03ed496bb30b06e159f30f",7009,"shark_zip_tsv"
"DS06","data/raw/stage2/ds06_smhi_shark/DS06_SMHI_SHARK_20260808T191500Z/SHARK_Phytoplankton_2021_PELA_GVVF_version_2025-03-09.zip","b206b34a928deb739d334e8377b894499e7790bb1a4c779941be811dca8c194e",9374,"shark_zip_tsv"
"DS06","data/raw/stage2/ds06_smhi_shark/DS06_SMHI_SHARK_20260808T191500Z/SHARK_Phytoplankton_2021_PELA_SVAB_version_2025-03-09.zip","91e5a623e9b08ac14081f1afa2ca8dcfc8ab988d28081a7f01e192332fdeb86e",206905,"shark_zip_tsv"
"DS06","data/raw/stage2/ds06_smhi_shark/DS06_SMHI_SHARK_20260808T191500Z/SHARK_Phytoplankton_2021_PELA_SVAB_Brunnsviken_version_2025-03-09.zip","adb3f1dfbc886c11dcb12b25305c320bb5acd9330018c1f659b29e36d16a6272",9720,"shark_zip_tsv"
"DS06","data/raw/stage2/ds06_smhi_shark/DS06_SMHI_SHARK_20260808T191500Z/SHARK_Phytoplankton_2021_SMHI_version_2025-03-09.zip","e8b835b5b20539d2a4c7e9c863fe9ca23d0349d4d98c19e59b6bf7d3943d090a",454936,"shark_zip_tsv"
"DS06","data/raw/stage2/ds06_smhi_shark/DS06_SMHI_SHARK_20260808T191500Z/SHARK_Phytoplankton_2021_SMHI_BVVF_version_2025-03-09.zip","17bdb64b06c060c92a89375c40bf21fc1046b2fd0c6ee7b9509017c31c579bf3",795357,"shark_zip_tsv"
"DS06","data/raw/stage2/ds06_smhi_shark/DS06_SMHI_SHARK_20260808T191500Z/SHARK_Phytoplankton_2021_SMHI_ColorFantasy_version_2025-03-09.zip","3e970941d497f5a168fc67c899e47a795cad154927abb23e10b337d995c381b1",57891,"shark_zip_tsv"
"DS06","data/raw/stage2/ds06_smhi_shark/DS06_SMHI_SHARK_20260808T191500Z/SHARK_Phytoplankton_2021_SMHI_OLST_version_2025-03-09.zip","a8ec0e954a2674b8d3205718fc998a7416ff9c0046e62293939debc4217c8129",206193,"shark_zip_tsv"
"DS06","data/raw/stage2/ds06_smhi_shark/DS06_SMHI_SHARK_20260808T191500Z/SHARK_Phytoplankton_2021_SMHI_SLCK_version_2025-03-09.zip","2a8e40c8cea9b35ef0777129dafcb7ed50a6522bc216a718f62861209b855a92",335921,"shark_zip_tsv"
"DS06","data/raw/stage2/ds06_smhi_shark/DS06_SMHI_SHARK_20260808T191500Z/SHARK_Phytoplankton_2021_SMHI_SLV_biotox_version_2025-03-11.zip","1ee9c4d53fa5855c30a75232171fad9071e53215daedad6d9144966689e9a295",48271,"shark_zip_tsv"
"DS06","data/raw/stage2/ds06_smhi_shark/DS06_SMHI_SHARK_20260808T191500Z/SHARK_Phytoplankton_2021_UMSC_version_2025-03-09.zip","13d110e0ff3aa880a2e2d7b028ef3630b90bc776081cc1753929c4945421fbff",207361,"shark_zip_tsv"
"DS06","data/raw/stage2/ds06_smhi_shark/DS06_SMHI_SHARK_20260808T191500Z/SHARK_Phytoplankton_2021_UMSC_ACLST_version_2025-03-09.zip","821720626d7cd8e73fffc4abf2a21007d01f7d6fb76e613d7caf6a43db10e8a5",51161,"shark_zip_tsv"
"DS06","data/raw/stage2/ds06_smhi_shark/DS06_SMHI_SHARK_20260808T191500Z/SHARK_Phytoplankton_2022_DEEP_version_2025-03-09.zip","ff51ea9aef21e95d17398e105b5823d2b2966611ce4f44d21d3c0ed0e7c79f57",182551,"shark_zip_tsv"
"DS06","data/raw/stage2/ds06_smhi_shark/DS06_SMHI_SHARK_20260808T191500Z/SHARK_Phytoplankton_2022_DEEP_ELST_version_2025-03-09.zip","847c2974a4896ec87521454aafa6f29b6e63a4577a264dd35e50668e4c6b3624",122046,"shark_zip_tsv"
"DS06","data/raw/stage2/ds06_smhi_shark/DS06_SMHI_SHARK_20260808T191500Z/SHARK_Phytoplankton_2022_DEEP_ILST_version_2025-03-09.zip","d218ba8df393024c439a8e39d280a8c662ac27b718b1ecf06c5891a7b2ad349d",16212,"shark_zip_tsv"
"DS06","data/raw/stage2/ds06_smhi_shark/DS06_SMHI_SHARK_20260808T191500Z/SHARK_Phytoplankton_2022_DEEP_SKVVF_version_2025-03-09.zip","f87c0104f1e553c9f6ff8e52fb89a2019195091290fcd5de608005845a655ee0",372547,"shark_zip_tsv"
"DS06","data/raw/stage2/ds06_smhi_shark/DS06_SMHI_SHARK_20260808T191500Z/SHARK_Phytoplankton_2022_MEDINS_version_2025-03-09.zip","8ea50a2509139f235d75b742ae9877debc18a9a13996d2af4b5ed299aa1ee0ac",325295,"shark_zip_tsv"
"DS06","data/raw/stage2/ds06_smhi_shark/DS06_SMHI_SHARK_20260808T191500Z/SHARK_Phytoplankton_2022_MEDINS_BDLST_version_2025-03-09.zip","07d789ae5a89836e0ad2547bfd0efa9f45b06f401013a53d43f09a234f7bba5b",298793,"shark_zip_tsv"
"DS06","data/raw/stage2/ds06_smhi_shark/DS06_SMHI_SHARK_20260808T191500Z/SHARK_Phytoplankton_2022_MEDINS_DVVF_version_2025-03-09.zip","6ae7abb5f9a4c28caf022cff030666fe19d87f5ddf605dedf7e39d9d7552c899",39285,"shark_zip_tsv"
"DS06","data/raw/stage2/ds06_smhi_shark/DS06_SMHI_SHARK_20260808T191500Z/SHARK_Phytoplankton_2022_MEDINS_LVVVF_version_2025-03-09.zip","ad50dd161f4fd93d1474b9afca900087e5db1bc9a35d8a12a67f5f24a269514b",16348,"shark_zip_tsv"
"DS06","data/raw/stage2/ds06_smhi_shark/DS06_SMHI_SHARK_20260808T191500Z/SHARK_Phytoplankton_2022_MEDINS_MSVVF_version_2025-03-09.zip","f080873b93cb65fdb1a0e04d06fc27581930f980239fb6d125f513531efdcb25",33933,"shark_zip_tsv"
"DS06","data/raw/stage2/ds06_smhi_shark/DS06_SMHI_SHARK_20260808T191500Z/SHARK_Phytoplankton_2022_MEDINS_NLST_version_2025-03-09.zip","759d9e1fc3758f2fc5e1bad84f7106f9924c4e75d0c20fdca17d46f2d1f2d2cd",216907,"shark_zip_tsv"
"DS06","data/raw/stage2/ds06_smhi_shark/DS06_SMHI_SHARK_20260808T191500Z/SHARK_Phytoplankton_2022_MEDINS_NORKOM_version_2025-03-09.zip","a07bda95c8b53290ee035b7bde79165aaeb1e5f3321e7fc674ad1fb31d6768ea",10915,"shark_zip_tsv"
"DS06","data/raw/stage2/ds06_smhi_shark/DS06_SMHI_SHARK_20260808T191500Z/SHARK_Phytoplankton_2022_MEDINS_UVVVF_version_2025-03-09.zip","bfd03d1543bf506d1a8c1400136590b14d55e426e602e0f92a755e3e5877169c",99362,"shark_zip_tsv"
"DS06","data/raw/stage2/ds06_smhi_shark/DS06_SMHI_SHARK_20260808T191500Z/SHARK_Phytoplankton_2022_NATVAT_version_2025-03-09.zip","78c4cf461613481e8e33d29b54144247255eb80df295952afaca710e05f81137",30774,"shark_zip_tsv"
"DS06","data/raw/stage2/ds06_smhi_shark/DS06_SMHI_SHARK_20260808T191500Z/SHARK_Phytoplankton_2022_NIRAS_version_2025-03-09.zip","cd110c4e17af0e2e43e95350489bfc29579390ab8982ddb79aaaa998a46fab01",69188,"shark_zip_tsv"
"DS06","data/raw/stage2/ds06_smhi_shark/DS06_SMHI_SHARK_20260808T191500Z/SHARK_Phytoplankton_2022_PELA_EDSVVS_version_2025-03-09.zip","72bd5598b463ad8a1d754b09d2d24d9e12b128c2accc9cd3eb7061d2170efa47",5594,"shark_zip_tsv"
"DS06","data/raw/stage2/ds06_smhi_shark/DS06_SMHI_SHARK_20260808T191500Z/SHARK_Phytoplankton_2022_PELA_GVVF_version_2025-03-09.zip","28c0fa9095a406b3c6a7b82ae62ef649d9baf9ef415caee68ba8f04662dadd0a",32357,"shark_zip_tsv"
"DS06","data/raw/stage2/ds06_smhi_shark/DS06_SMHI_SHARK_20260808T191500Z/SHARK_Phytoplankton_2022_PELA_SVAB_version_2025-03-09.zip","b02a776c0695d519687870674061b6b32c26f12156a89c7697034d176c053d28",64807,"shark_zip_tsv"
"DS06","data/raw/stage2/ds06_smhi_shark/DS06_SMHI_SHARK_20260808T191500Z/SHARK_Phytoplankton_2022_PELA_SVAB_Brunnsviken_version_2025-03-09.zip","d58758da9b9ca9ae12c936e81ee84a2af345e94e238347a5cef886ce1247f951",7580,"shark_zip_tsv"
"DS06","data/raw/stage2/ds06_smhi_shark/DS06_SMHI_SHARK_20260808T191500Z/SHARK_Phytoplankton_2022_SLCK_version_2025-03-09.zip","d6c67572d92fdef2b9d8e7224f74411cc459c10d12a107c4f659f151223fdf55",37975,"shark_zip_tsv"
"DS06","data/raw/stage2/ds06_smhi_shark/DS06_SMHI_SHARK_20260808T191500Z/SHARK_Phytoplankton_2022_SMHI_version_2025-03-09.zip","de3a248668b83a3da4ab5c9db5351d9e0027a9168bd1adb0a6d9cc2f283bbb97",346749,"shark_zip_tsv"
"DS06","data/raw/stage2/ds06_smhi_shark/DS06_SMHI_SHARK_20260808T191500Z/SHARK_Phytoplankton_2022_SMHI_BVVF_version_2025-03-09.zip","be6ac0dd75d4855a7d6791f3f7a73b1791f0fafb8582d06bb175a75d6c76b92a",663110,"shark_zip_tsv"
"DS06","data/raw/stage2/ds06_smhi_shark/DS06_SMHI_SHARK_20260808T191500Z/SHARK_Phytoplankton_2022_SMHI_ColorFantasy_version_2025-03-09.zip","502055944a88f592d472b36952b0879ae13b302565e069df4059335390c4f837",61718,"shark_zip_tsv"
"DS06","data/raw/stage2/ds06_smhi_shark/DS06_SMHI_SHARK_20260808T191500Z/SHARK_Phytoplankton_2022_SMHI_EXT_version_2025-03-09.zip","f61d3bb5020e815077baa0d7b350894b541a366ab31cb1191336a294633248ed",14039,"shark_zip_tsv"
"DS06","data/raw/stage2/ds06_smhi_shark/DS06_SMHI_SHARK_20260808T191500Z/SHARK_Phytoplankton_2022_SMHI_OLST_version_2025-03-09.zip","080c4bda8383f6f473ea950840eab833bc4be4905db14f200da707166e90b1a1",156980,"shark_zip_tsv"
"DS06","data/raw/stage2/ds06_smhi_shark/DS06_SMHI_SHARK_20260808T191500Z/SHARK_Phytoplankton_2022_SMHI_SLV_biotox_version_2025-03-11.zip","584bda464a498ffd61e6353475a96968454a94b62f8338fc2e7e79ce9dec9b55",41700,"shark_zip_tsv"
"DS06","data/raw/stage2/ds06_smhi_shark/DS06_SMHI_SHARK_20260808T191500Z/SHARK_Phytoplankton_2022_SMHI_SLV_KALKOM_version_2025-03-11.zip","4554a0464a5c5ccf796eef6e1054701a6f9ff19233a5a12a41ee39e410b18965",11977,"shark_zip_tsv"
"DS06","data/raw/stage2/ds06_smhi_shark/DS06_SMHI_SHARK_20260808T191500Z/SHARK_Phytoplankton_2022_UMSC_version_2025-03-09.zip","29d077bef9348485989c699759f4d156e341b1d0421524c4f3f3c6e955f5da4d",207402,"shark_zip_tsv"
"DS06","data/raw/stage2/ds06_smhi_shark/DS06_SMHI_SHARK_20260808T191500Z/SHARK_Phytoplankton_2022_UMSC_ACLST_version_2025-03-09.zip","88623c0946d4b8cbb98df8f756d4627eb47141216ebcb2ee1c4209a7bdf316be",57714,"shark_zip_tsv"
"DS06","data/raw/stage2/ds06_smhi_shark/DS06_SMHI_SHARK_20260808T191500Z/SHARK_Phytoplankton_2023_DEEP_version_2025-03-09.zip","de0dfda74a118925241362230d2408d88ff4069c7645e01f302eea78f90d24e2",215600,"shark_zip_tsv"
"DS06","data/raw/stage2/ds06_smhi_shark/DS06_SMHI_SHARK_20260808T191500Z/SHARK_Phytoplankton_2023_DEEP_ILST_version_2025-03-09.zip","d45e1e2b48f480bf14ac958ce2b592e00f2fd06c892113052f591ad701148c37",16647,"shark_zip_tsv"
"DS06","data/raw/stage2/ds06_smhi_shark/DS06_SMHI_SHARK_20260808T191500Z/SHARK_Phytoplankton_2023_DEEP_SKVVF_version_2025-03-09.zip","20580f4bc470b585e4e8c0237b66a29af94babc367cbd4bdc7faea3588eb8a49",374840,"shark_zip_tsv"
"DS06","data/raw/stage2/ds06_smhi_shark/DS06_SMHI_SHARK_20260808T191500Z/SHARK_Phytoplankton_2023_MEDINS_DVVF_version_2025-03-09.zip","42eb00f930426da7d1d3b4ecdaa6e890c0b785ae1deda12157b3b183e67c680f",47802,"shark_zip_tsv"
"DS06","data/raw/stage2/ds06_smhi_shark/DS06_SMHI_SHARK_20260808T191500Z/SHARK_Phytoplankton_2023_MEDINS_LVVVF_version_2025-03-09.zip","5789b8a476dd9cb2688eaae17a418b0d5aedd6cdcb41c63fd1a6e429846ae90c",20103,"shark_zip_tsv"
"DS06","data/raw/stage2/ds06_smhi_shark/DS06_SMHI_SHARK_20260808T191500Z/SHARK_Phytoplankton_2023_MEDINS_NLST_version_2025-03-09.zip","b9d91a953a8dd0bbbafd1c8c5456d10fa4e3236d819b9691454b9d23317a9258",252939,"shark_zip_tsv"
"DS06","data/raw/stage2/ds06_smhi_shark/DS06_SMHI_SHARK_20260808T191500Z/SHARK_Phytoplankton_2023_MEDINS_NORKOM_version_2025-03-09.zip","34d28434c8bf99beed74eebb47d08ed1cde65c39e1f94e8dbdcb76ccf7ee361a",11315,"shark_zip_tsv"
"DS06","data/raw/stage2/ds06_smhi_shark/DS06_SMHI_SHARK_20260808T191500Z/SHARK_Phytoplankton_2023_NATVAT_version_2025-03-09.zip","78bafee8fe0043d8e9f7dfd8427193f462a712fa175986962ae82bdd9b914be8",63885,"shark_zip_tsv"
"DS06","data/raw/stage2/ds06_smhi_shark/DS06_SMHI_SHARK_20260808T191500Z/SHARK_Phytoplankton_2023_NIRAS_version_2025-03-09.zip","c90d8870a0d653e157c7a90fd798c0196c2b922ae7d80deb6685c957231f2646",77457,"shark_zip_tsv"
"DS06","data/raw/stage2/ds06_smhi_shark/DS06_SMHI_SHARK_20260808T191500Z/SHARK_Phytoplankton_2023_PELA_EDSVVS_version_2025-03-09.zip","a21b2d7a52b1abc6222d9c31bd9555fcc024d652b2f8de2ccdb6aacdf103507e",8472,"shark_zip_tsv"
"DS06","data/raw/stage2/ds06_smhi_shark/DS06_SMHI_SHARK_20260808T191500Z/SHARK_Phytoplankton_2023_PELA_GVVF_version_2025-03-09.zip","b01726af76029c36462ebf27ecf0a354fc37b687d41dbba98caf46116054e462",28894,"shark_zip_tsv"
"DS06","data/raw/stage2/ds06_smhi_shark/DS06_SMHI_SHARK_20260808T191500Z/SHARK_Phytoplankton_2023_PELA_SVAB_version_2025-03-09.zip","bcb10c61332c5bee1f8f62a5e774fe5c85997104ead89178360c821976ba7384",86309,"shark_zip_tsv"
"DS06","data/raw/stage2/ds06_smhi_shark/DS06_SMHI_SHARK_20260808T191500Z/SHARK_Phytoplankton_2023_PELA_SVAB_Brunnsviken_version_2025-03-09.zip","4369b867255df38d47c28c0373115549d4e79cde74de20e45864f4f204a20b38",7631,"shark_zip_tsv"
"DS06","data/raw/stage2/ds06_smhi_shark/DS06_SMHI_SHARK_20260808T191500Z/SHARK_Phytoplankton_2023_SLCK_SMHI_version_2025-03-09.zip","e6385de595eb281f1d60f7f281ca47f1a5b4be5525c96eba5aef7955e56413e5",7255,"shark_zip_tsv"
"DS06","data/raw/stage2/ds06_smhi_shark/DS06_SMHI_SHARK_20260808T191500Z/SHARK_Phytoplankton_2023_SMHI_version_2025-03-09.zip","6ad8c13ec56ae304b131cd665dc9ca16cbac250d2075406afee9d4dc7d007a0b",351139,"shark_zip_tsv"
"DS06","data/raw/stage2/ds06_smhi_shark/DS06_SMHI_SHARK_20260808T191500Z/SHARK_Phytoplankton_2023_SMHI_ALGG_version_2025-03-07.zip","77d212546a1f067d659390ca6dd3d38398479b5cf156e05945b35ea06fba373b",58909,"shark_zip_tsv"
"DS06","data/raw/stage2/ds06_smhi_shark/DS06_SMHI_SHARK_20260808T191500Z/SHARK_Phytoplankton_2023_SMHI_Algtox_version_2025-03-09.zip","a8e91e2b4fbc7177f78666e24ae88df28f6b858e8a518acacae823ea1b47d700",104956,"shark_zip_tsv"
"DS06","data/raw/stage2/ds06_smhi_shark/DS06_SMHI_SHARK_20260808T191500Z/SHARK_Phytoplankton_2023_SMHI_BVVF_version_2025-03-09.zip","9d945c4d534e761f76c16ad016194de8d1296175481395d04c4268edbb052729",727600,"shark_zip_tsv"
"DS06","data/raw/stage2/ds06_smhi_shark/DS06_SMHI_SHARK_20260808T191500Z/SHARK_Phytoplankton_2023_SMHI_ColorFantasy_version_2025-03-09.zip","768c473f6040c50206428085cea6e0d7bf1057ae17a492ecfe3c9f6741621bda",62628,"shark_zip_tsv"
"DS06","data/raw/stage2/ds06_smhi_shark/DS06_SMHI_SHARK_20260808T191500Z/SHARK_Phytoplankton_2023_SMHI_OLST_version_2025-03-09.zip","96e9fd617bcc27e5d1eee9dcc29516c0835bc80fe847d376cd27989458f61b66",143406,"shark_zip_tsv"
"DS06","data/raw/stage2/ds06_smhi_shark/DS06_SMHI_SHARK_20260808T191500Z/SHARK_Phytoplankton_2023_SMHI_SLV_biotox_version_2025-03-11.zip","c481d93ab640b90d6fc7025e4c99d5e4fe6140731b74d8c7d9791b796d3c2a89",46129,"shark_zip_tsv"
"DS06","data/raw/stage2/ds06_smhi_shark/DS06_SMHI_SHARK_20260808T191500Z/SHARK_Phytoplankton_2023_SWECO_MSVVF_version_2025-03-09.zip","6c3bf3d61ed15ff0c796febbda70a481c15398bec38ff06add981f3bbbe8664b",27154,"shark_zip_tsv"
"DS06","data/raw/stage2/ds06_smhi_shark/DS06_SMHI_SHARK_20260808T191500Z/SHARK_Phytoplankton_2023_SWECO_UVVVF_version_2025-03-09.zip","aaa8a727a590c4047404716932179b335863fa7ac87c564895bff626103258f0",74997,"shark_zip_tsv"
"DS06","data/raw/stage2/ds06_smhi_shark/DS06_SMHI_SHARK_20260808T191500Z/SHARK_Phytoplankton_2023_UMSC_version_2025-03-09.zip","c703097cccf86fe63faa8633760b9dad6c117dd19cd6920ae44d5d15f4541943",289485,"shark_zip_tsv"
"DS06","data/raw/stage2/ds06_smhi_shark/DS06_SMHI_SHARK_20260808T191500Z/SHARK_Phytoplankton_2023_UMSC_ACLST_version_2025-03-09.zip","a2f85b11677a4edc7cf7b6be19e6494d693c365def6d6417a86f3bc203e919af",12271,"shark_zip_tsv"
"DS06","data/raw/stage2/ds06_smhi_shark/DS06_SMHI_SHARK_20260808T191500Z/SHARK_Phytoplankton_2023_UMSC_FHK_version_2025-03-09.zip","765d447bf5ea945d856bd19e89ebdb56809152ceea7744fb2b183f179b15bc9a",25297,"shark_zip_tsv"
"DS06","data/raw/stage2/ds06_smhi_shark/DS06_SMHI_SHARK_20260808T191500Z/SHARK_Phytoplankton_2024_NIRAS_NVSKK_version_2025-03-09.zip","fac7ccec358b0daccd339dcace4627b50a1e8893432908380ee25d3c693fece8",27729,"shark_zip_tsv"
"DS06","data/raw/stage2/ds06_smhi_shark/DS06_SMHI_SHARK_20260808T191500Z/SHARK_Phytoplankton_2024_NIRAS_OVVF_version_2025-03-09.zip","e60c2a289195c2c90164e561a6c322c1be219746ac0f463afc365880b5cae78e",15444,"shark_zip_tsv"
"DS06","data/raw/stage2/ds06_smhi_shark/DS06_SMHI_SHARK_20260808T191500Z/SHARK_Phytoplankton_2024_NIRAS_VHVVF_BKVF_version_2025-03-09.zip","85bf1cb142d85293dfe0ba41b4019030ca6a6a69ef1f8e8a9b50213072d7c7ed",40840,"shark_zip_tsv"
"DS06","data/raw/stage2/ds06_smhi_shark/DS06_SMHI_SHARK_20260808T191500Z/SHARK_Phytoplankton_2024_SMHI_version_2025-03-13.zip","d0dc07cf72271fa3d8d51f7be870f4842ec06a609f4f44d4b156a923cf3ba38c",269346,"shark_zip_tsv"
"DS06","data/raw/stage2/ds06_smhi_shark/DS06_SMHI_SHARK_20260808T191500Z/SHARK_Phytoplankton_2024_SMHI_ALGX_version_2025-03-09.zip","724bc19c568424ac806668682717cf50f9d48ba0df9be0341acb63ccdd09d59d",62661,"shark_zip_tsv"
"DS06","data/raw/stage2/ds06_smhi_shark/DS06_SMHI_SHARK_20260808T191500Z/SHARK_Phytoplankton_2024_SMHI_BVVF_version_2025-03-09.zip","0203fb5575081d14048179e6469d715b21d76952d110f6e6be727232b5736625",670318,"shark_zip_tsv"
"DS06","data/raw/stage2/ds06_smhi_shark/DS06_SMHI_SHARK_20260808T191500Z/SHARK_Phytoplankton_2024_SMHI_SLV_biotox_version_2025-03-11.zip","1882aefb5e837fc7da5edf02d829eb049aff76c956cba5bad38bc373da27220d",32845,"shark_zip_tsv"
"DS06","data/raw/stage2/ds06_smhi_shark/DS06_SMHI_SHARK_20260808T191500Z/SHARK_Phytoplankton_2024_SWECO_DVVF_version_2025-03-09.zip","1739a5cded1694dc7d335503efa79b20180643bf892f53cbc68aa558e72eb09d",24792,"shark_zip_tsv"
"DS06","data/raw/stage2/ds06_smhi_shark/DS06_SMHI_SHARK_20260808T191500Z/SHARK_Phytoplankton_2024_SWECO_LVVVF_version_2025-03-09.zip","c9737a461562594278693bb590d80a8d393f1dcd3b65f2e7d89cfb8147530ee0",9971,"shark_zip_tsv"
"DS06","data/raw/stage2/ds06_smhi_shark/DS06_SMHI_SHARK_20260808T191500Z/SHARK_Phytoplankton_2024_SWECO_MSVVF_version_2025-03-17.zip","54ad64bd4cdf0e5b23858f87b93fe2999010525b98286b900bab3f4e7f5a8cfe",23193,"shark_zip_tsv"
"DS06","data/raw/stage2/ds06_smhi_shark/DS06_SMHI_SHARK_20260808T191500Z/SHARK_Phytoplankton_2024_SWECO_NLST_version_2025-03-09.zip","d1473686f704e1dd4a9370796cceebc43b644decb195ad2ce2fdd9d05584312a",196057,"shark_zip_tsv"
"DS06","data/raw/stage2/ds06_smhi_shark/DS06_SMHI_SHARK_20260808T191500Z/SHARK_Phytoplankton_2024_SWECO_NORKOM_version_2025-03-09.zip","f88f5f88dffa2311bde86901c4f152887bbde3b12446bc89a89075dabbc7aebe",8077,"shark_zip_tsv"
"DS06","data/raw/stage2/ds06_smhi_shark/DS06_SMHI_SHARK_20260808T191500Z/SHARK_Phytoplankton_2024_SWECO_UVVVF_version_2025-03-09.zip","ab9f139d8e8c6acc1335453e4219908630deade2253b50980059c039cde97848",66199,"shark_zip_tsv"
"DS07","data/raw/stage2/ds07_plet_cefas/DS07_PLET_CEFAS_20260809T103354Z/cefas_smartbuoy_abundance.csv","ab0fdd8cc18b885a99609b326e967efaa0689b99171eee6a2ac4840f101b6722",179481141,"plet_csv"
"DS16","data/raw/stage2/ds16_plet_stonehaven/DS16_PLET_STONEHAVEN_20260809T105042Z/mss_stonehaven_phyto.csv","9bcdd33168aac47a39514086a41aa0b43af556b54fdfda734d68e8c3232f4477",32405356,"plet_csv"
"DS22","data/raw/stage2/ds22_peg_bvol/DS22_PEG_BVOL_20260811T104017Z/request_parameters.json","1749efafdc408a7eb3372e91a469f7e67df1b4fb0305fbb67b5b97165682f0f3",290,"peg_bvol_outer_zip_xlsx"
"DS22","data/raw/stage2/ds22_peg_bvol/DS22_PEG_BVOL_20260811T104017Z/PEG_BVOL.zip","e5cb8b2f4c416e186c4a56f350fb855b866204892c3946e7fafca42d2f6e4492",1790602,"peg_bvol_outer_zip_xlsx"
