"ds_id","monitoring_network","subregion_id","year","sample_count","datetime_precision_count","distinct_utc_hours","time_of_day_support_state","tidal_phase_support_state"
"DS02","RWS_MWTL","southern_and_central_north_sea",2000,269,269,2,"reported_datetime_available","unknown_no_frozen_tide_source"
"DS02","RWS_MWTL","southern_and_central_north_sea",2001,261,261,2,"reported_datetime_available","unknown_no_frozen_tide_source"
"DS02","RWS_MWTL","southern_and_central_north_sea",2002,283,283,2,"reported_datetime_available","unknown_no_frozen_tide_source"
"DS02","RWS_MWTL","southern_and_central_north_sea",2003,273,273,2,"reported_datetime_available","unknown_no_frozen_tide_source"
"DS02","RWS_MWTL","southern_and_central_north_sea",2004,280,280,2,"reported_datetime_available","unknown_no_frozen_tide_source"
"DS02","RWS_MWTL","southern_and_central_north_sea",2005,288,288,2,"reported_datetime_available","unknown_no_frozen_tide_source"
"DS02","RWS_MWTL","southern_and_central_north_sea",2006,291,291,2,"reported_datetime_available","unknown_no_frozen_tide_source"
"DS02","RWS_MWTL","southern_and_central_north_sea",2007,272,272,2,"reported_datetime_available","unknown_no_frozen_tide_source"
"DS02","RWS_MWTL","southern_and_central_north_sea",2008,286,286,2,"reported_datetime_available","unknown_no_frozen_tide_source"
"DS02","RWS_MWTL","southern_and_central_north_sea",2009,300,300,2,"reported_datetime_available","unknown_no_frozen_tide_source"
"DS02","RWS_MWTL","southern_and_central_north_sea",2010,239,239,2,"reported_datetime_available","unknown_no_frozen_tide_source"
"DS02","RWS_MWTL","southern_and_central_north_sea",2011,173,173,2,"reported_datetime_available","unknown_no_frozen_tide_source"
"DS02","RWS_MWTL","southern_and_central_north_sea",2012,183,183,2,"reported_datetime_available","unknown_no_frozen_tide_source"
"DS02","RWS_MWTL","southern_and_central_north_sea",2013,183,183,2,"reported_datetime_available","unknown_no_frozen_tide_source"
"DS02","RWS_MWTL","southern_and_central_north_sea",2014,183,183,2,"reported_datetime_available","unknown_no_frozen_tide_source"
"DS02","RWS_MWTL","southern_and_central_north_sea",2015,183,183,2,"reported_datetime_available","unknown_no_frozen_tide_source"
"DS02","RWS_MWTL","southern_and_central_north_sea",2016,179,179,2,"reported_datetime_available","unknown_no_frozen_tide_source"
"DS02","RWS_MWTL","southern_and_central_north_sea",2017,179,179,2,"reported_datetime_available","unknown_no_frozen_tide_source"
"DS02","RWS_MWTL","southern_and_central_north_sea",2018,176,176,2,"reported_datetime_available","unknown_no_frozen_tide_source"
"DS02","RWS_MWTL","southern_and_central_north_sea",2019,181,181,21,"reported_datetime_available","unknown_no_frozen_tide_source"
"DS03","RWS_MWTL","outside_or_invalid",1990,25,0,0,"date_only_or_unknown","unknown_no_frozen_tide_source"
"DS03","RWS_MWTL","outside_or_invalid",1991,60,0,0,"date_only_or_unknown","unknown_no_frozen_tide_source"
"DS03","RWS_MWTL","outside_or_invalid",1992,40,0,0,"date_only_or_unknown","unknown_no_frozen_tide_source"
"DS03","RWS_MWTL","outside_or_invalid",1993,65,0,0,"date_only_or_unknown","unknown_no_frozen_tide_source"
"DS03","RWS_MWTL","outside_or_invalid",1994,51,0,0,"date_only_or_unknown","unknown_no_frozen_tide_source"
"DS03","RWS_MWTL","outside_or_invalid",1995,58,0,0,"date_only_or_unknown","unknown_no_frozen_tide_source"
"DS03","RWS_MWTL","outside_or_invalid",1996,49,0,0,"date_only_or_unknown","unknown_no_frozen_tide_source"
"DS03","RWS_MWTL","outside_or_invalid",1997,54,0,0,"date_only_or_unknown","unknown_no_frozen_tide_source"
"DS03","RWS_MWTL","outside_or_invalid",1998,56,0,0,"date_only_or_unknown","unknown_no_frozen_tide_source"
"DS03","RWS_MWTL","outside_or_invalid",1999,55,0,0,"date_only_or_unknown","unknown_no_frozen_tide_source"
"DS03","RWS_MWTL","outside_or_invalid",2000,54,0,0,"date_only_or_unknown","unknown_no_frozen_tide_source"
"DS03","RWS_MWTL","outside_or_invalid",2001,56,0,0,"date_only_or_unknown","unknown_no_frozen_tide_source"
"DS03","RWS_MWTL","outside_or_invalid",2002,58,0,0,"date_only_or_unknown","unknown_no_frozen_tide_source"
"DS03","RWS_MWTL","outside_or_invalid",2003,57,0,0,"date_only_or_unknown","unknown_no_frozen_tide_source"
"DS03","RWS_MWTL","outside_or_invalid",2004,57,0,0,"date_only_or_unknown","unknown_no_frozen_tide_source"
"DS03","RWS_MWTL","outside_or_invalid",2005,56,0,0,"date_only_or_unknown","unknown_no_frozen_tide_source"
"DS03","RWS_MWTL","outside_or_invalid",2006,57,0,0,"date_only_or_unknown","unknown_no_frozen_tide_source"
"DS03","RWS_MWTL","outside_or_invalid",2007,67,0,0,"date_only_or_unknown","unknown_no_frozen_tide_source"
"DS03","RWS_MWTL","outside_or_invalid",2008,68,0,0,"date_only_or_unknown","unknown_no_frozen_tide_source"
"DS03","RWS_MWTL","outside_or_invalid",2009,75,0,0,"date_only_or_unknown","unknown_no_frozen_tide_source"
"DS03","RWS_MWTL","outside_or_invalid",2010,72,0,0,"date_only_or_unknown","unknown_no_frozen_tide_source"
"DS03","RWS_MWTL","outside_or_invalid",2011,61,0,0,"date_only_or_unknown","unknown_no_frozen_tide_source"
"DS03","RWS_MWTL","outside_or_invalid",2012,60,0,0,"date_only_or_unknown","unknown_no_frozen_tide_source"
"DS03","RWS_MWTL","outside_or_invalid",2013,62,0,0,"date_only_or_unknown","unknown_no_frozen_tide_source"
"DS03","RWS_MWTL","outside_or_invalid",2014,81,0,0,"date_only_or_unknown","unknown_no_frozen_tide_source"
"DS03","RWS_MWTL","outside_or_invalid",2015,90,0,0,"date_only_or_unknown","unknown_no_frozen_tide_source"
"DS03","RWS_MWTL","outside_or_invalid",2016,90,0,0,"date_only_or_unknown","unknown_no_frozen_tide_source"
"DS03","RWS_MWTL","outside_or_invalid",2017,96,0,0,"date_only_or_unknown","unknown_no_frozen_tide_source"
"DS03","RWS_MWTL","outside_or_invalid",2018,100,0,0,"date_only_or_unknown","unknown_no_frozen_tide_source"
"DS03","RWS_MWTL","outside_or_invalid",2019,99,0,0,"date_only_or_unknown","unknown_no_frozen_tide_source"
"DS03","RWS_MWTL","outside_or_invalid",2020,42,0,0,"date_only_or_unknown","unknown_no_frozen_tide_source"
"DS03","RWS_MWTL","outside_or_invalid",2021,44,0,0,"date_only_or_unknown","unknown_no_frozen_tide_source"
"DS03","RWS_MWTL","outside_or_invalid",2022,42,0,0,"date_only_or_unknown","unknown_no_frozen_tide_source"
"DS03","RWS_MWTL","southern_and_central_north_sea",1990,410,0,0,"date_only_or_unknown","unknown_no_frozen_tide_source"
"DS03","RWS_MWTL","southern_and_central_north_sea",1991,481,0,0,"date_only_or_unknown","unknown_no_frozen_tide_source"
"DS03","RWS_MWTL","southern_and_central_north_sea",1992,464,0,0,"date_only_or_unknown","unknown_no_frozen_tide_source"
"DS03","RWS_MWTL","southern_and_central_north_sea",1993,444,0,0,"date_only_or_unknown","unknown_no_frozen_tide_source"
"DS03","RWS_MWTL","southern_and_central_north_sea",1994,495,0,0,"date_only_or_unknown","unknown_no_frozen_tide_source"
"DS03","RWS_MWTL","southern_and_central_north_sea",1995,530,0,0,"date_only_or_unknown","unknown_no_frozen_tide_source"
"DS03","RWS_MWTL","southern_and_central_north_sea",1996,509,0,0,"date_only_or_unknown","unknown_no_frozen_tide_source"
"DS03","RWS_MWTL","southern_and_central_north_sea",1997,517,0,0,"date_only_or_unknown","unknown_no_frozen_tide_source"
"DS03","RWS_MWTL","southern_and_central_north_sea",1998,486,0,0,"date_only_or_unknown","unknown_no_frozen_tide_source"
"DS03","RWS_MWTL","southern_and_central_north_sea",1999,526,0,0,"date_only_or_unknown","unknown_no_frozen_tide_source"
"DS03","RWS_MWTL","southern_and_central_north_sea",2000,541,0,0,"date_only_or_unknown","unknown_no_frozen_tide_source"
"DS03","RWS_MWTL","southern_and_central_north_sea",2001,523,0,0,"date_only_or_unknown","unknown_no_frozen_tide_source"
"DS03","RWS_MWTL","southern_and_central_north_sea",2002,567,0,0,"date_only_or_unknown","unknown_no_frozen_tide_source"
"DS03","RWS_MWTL","southern_and_central_north_sea",2003,538,0,0,"date_only_or_unknown","unknown_no_frozen_tide_source"
"DS03","RWS_MWTL","southern_and_central_north_sea",2004,555,0,0,"date_only_or_unknown","unknown_no_frozen_tide_source"
"DS03","RWS_MWTL","southern_and_central_north_sea",2005,551,0,0,"date_only_or_unknown","unknown_no_frozen_tide_source"
"DS03","RWS_MWTL","southern_and_central_north_sea",2006,564,0,0,"date_only_or_unknown","unknown_no_frozen_tide_source"
"DS03","RWS_MWTL","southern_and_central_north_sea",2007,557,0,0,"date_only_or_unknown","unknown_no_frozen_tide_source"
"DS03","RWS_MWTL","southern_and_central_north_sea",2008,561,0,0,"date_only_or_unknown","unknown_no_frozen_tide_source"
"DS03","RWS_MWTL","southern_and_central_north_sea",2009,602,0,0,"date_only_or_unknown","unknown_no_frozen_tide_source"
"DS03","RWS_MWTL","southern_and_central_north_sea",2010,477,0,0,"date_only_or_unknown","unknown_no_frozen_tide_source"
"DS03","RWS_MWTL","southern_and_central_north_sea",2011,377,0,0,"date_only_or_unknown","unknown_no_frozen_tide_source"
"DS03","RWS_MWTL","southern_and_central_north_sea",2012,388,0,0,"date_only_or_unknown","unknown_no_frozen_tide_source"
"DS03","RWS_MWTL","southern_and_central_north_sea",2013,395,0,0,"date_only_or_unknown","unknown_no_frozen_tide_source"
"DS03","RWS_MWTL","southern_and_central_north_sea",2014,370,0,0,"date_only_or_unknown","unknown_no_frozen_tide_source"
"DS03","RWS_MWTL","southern_and_central_north_sea",2015,360,0,0,"date_only_or_unknown","unknown_no_frozen_tide_source"
"DS03","RWS_MWTL","southern_and_central_north_sea",2016,350,0,0,"date_only_or_unknown","unknown_no_frozen_tide_source"
"DS03","RWS_MWTL","southern_and_central_north_sea",2017,356,0,0,"date_only_or_unknown","unknown_no_frozen_tide_source"
"DS03","RWS_MWTL","southern_and_central_north_sea",2018,352,0,0,"date_only_or_unknown","unknown_no_frozen_tide_source"
"DS03","RWS_MWTL","southern_and_central_north_sea",2019,346,0,0,"date_only_or_unknown","unknown_no_frozen_tide_source"
"DS03","RWS_MWTL","southern_and_central_north_sea",2020,145,0,0,"date_only_or_unknown","unknown_no_frozen_tide_source"
"DS03","RWS_MWTL","southern_and_central_north_sea",2021,149,0,0,"date_only_or_unknown","unknown_no_frozen_tide_source"
"DS03","RWS_MWTL","southern_and_central_north_sea",2022,155,0,0,"date_only_or_unknown","unknown_no_frozen_tide_source"
"DS04","BSH","outside_or_invalid",2008,56,56,22,"reported_datetime_available","unknown_no_frozen_tide_source"
"DS04","BSH","outside_or_invalid",2009,141,141,22,"reported_datetime_available","unknown_no_frozen_tide_source"
"DS04","BSH","outside_or_invalid",2010,132,132,19,"reported_datetime_available","unknown_no_frozen_tide_source"
"DS04","BSH","southern_and_central_north_sea",2008,53,51,18,"reported_datetime_available","unknown_no_frozen_tide_source"
"DS04","BSH","southern_and_central_north_sea",2009,58,58,21,"reported_datetime_available","unknown_no_frozen_tide_source"
"DS04","BSH","southern_and_central_north_sea",2010,105,105,18,"reported_datetime_available","unknown_no_frozen_tide_source"
"DS04","BSH","southern_and_central_north_sea",2011,10,10,9,"reported_datetime_available","unknown_no_frozen_tide_source"
"DS05","NOVANA","outside_or_invalid",2000,77,0,0,"date_only_or_unknown","unknown_no_frozen_tide_source"
"DS05","NOVANA","outside_or_invalid",2001,78,0,0,"date_only_or_unknown","unknown_no_frozen_tide_source"
"DS05","NOVANA","outside_or_invalid",2002,103,0,0,"date_only_or_unknown","unknown_no_frozen_tide_source"
"DS05","NOVANA","outside_or_invalid",2003,107,0,0,"date_only_or_unknown","unknown_no_frozen_tide_source"
"DS05","NOVANA","outside_or_invalid",2004,100,0,0,"date_only_or_unknown","unknown_no_frozen_tide_source"
"DS05","NOVANA","outside_or_invalid",2005,100,0,0,"date_only_or_unknown","unknown_no_frozen_tide_source"
"DS05","NOVANA","outside_or_invalid",2006,101,0,0,"date_only_or_unknown","unknown_no_frozen_tide_source"
"DS05","NOVANA","outside_or_invalid",2007,91,0,0,"date_only_or_unknown","unknown_no_frozen_tide_source"
"DS05","NOVANA","outside_or_invalid",2008,89,0,0,"date_only_or_unknown","unknown_no_frozen_tide_source"
"DS05","NOVANA","outside_or_invalid",2009,64,0,0,"date_only_or_unknown","unknown_no_frozen_tide_source"
"DS05","NOVANA","outside_or_invalid",2010,89,0,0,"date_only_or_unknown","unknown_no_frozen_tide_source"
"DS05","NOVANA","outside_or_invalid",2011,77,0,0,"date_only_or_unknown","unknown_no_frozen_tide_source"
"DS05","NOVANA","outside_or_invalid",2012,79,0,0,"date_only_or_unknown","unknown_no_frozen_tide_source"
"DS05","NOVANA","outside_or_invalid",2013,78,0,0,"date_only_or_unknown","unknown_no_frozen_tide_source"
"DS05","NOVANA","outside_or_invalid",2014,79,0,0,"date_only_or_unknown","unknown_no_frozen_tide_source"
"DS05","NOVANA","outside_or_invalid",2015,80,0,0,"date_only_or_unknown","unknown_no_frozen_tide_source"
"DS05","NOVANA","outside_or_invalid",2016,80,0,0,"date_only_or_unknown","unknown_no_frozen_tide_source"
"DS05","NOVANA","outside_or_invalid",2017,80,0,0,"date_only_or_unknown","unknown_no_frozen_tide_source"
"DS05","NOVANA","outside_or_invalid",2018,78,0,0,"date_only_or_unknown","unknown_no_frozen_tide_source"
"DS05","NOVANA","outside_or_invalid",2019,61,0,0,"date_only_or_unknown","unknown_no_frozen_tide_source"
"DS05","NOVANA","skagerrak_kattegat",2000,71,0,0,"date_only_or_unknown","unknown_no_frozen_tide_source"
"DS05","NOVANA","skagerrak_kattegat",2001,72,0,0,"date_only_or_unknown","unknown_no_frozen_tide_source"
"DS05","NOVANA","skagerrak_kattegat",2002,68,0,0,"date_only_or_unknown","unknown_no_frozen_tide_source"
"DS05","NOVANA","skagerrak_kattegat",2003,77,0,0,"date_only_or_unknown","unknown_no_frozen_tide_source"
"DS05","NOVANA","skagerrak_kattegat",2004,61,0,0,"date_only_or_unknown","unknown_no_frozen_tide_source"
"DS05","NOVANA","skagerrak_kattegat",2005,69,0,0,"date_only_or_unknown","unknown_no_frozen_tide_source"
"DS05","NOVANA","skagerrak_kattegat",2006,70,0,0,"date_only_or_unknown","unknown_no_frozen_tide_source"
"DS05","NOVANA","skagerrak_kattegat",2007,59,0,0,"date_only_or_unknown","unknown_no_frozen_tide_source"
"DS05","NOVANA","skagerrak_kattegat",2008,37,0,0,"date_only_or_unknown","unknown_no_frozen_tide_source"
"DS05","NOVANA","skagerrak_kattegat",2009,42,0,0,"date_only_or_unknown","unknown_no_frozen_tide_source"
"DS05","NOVANA","skagerrak_kattegat",2010,33,0,0,"date_only_or_unknown","unknown_no_frozen_tide_source"
"DS05","NOVANA","skagerrak_kattegat",2011,56,0,0,"date_only_or_unknown","unknown_no_frozen_tide_source"
"DS05","NOVANA","skagerrak_kattegat",2012,37,0,0,"date_only_or_unknown","unknown_no_frozen_tide_source"
"DS05","NOVANA","skagerrak_kattegat",2013,39,0,0,"date_only_or_unknown","unknown_no_frozen_tide_source"
"DS05","NOVANA","skagerrak_kattegat",2014,39,0,0,"date_only_or_unknown","unknown_no_frozen_tide_source"
"DS05","NOVANA","skagerrak_kattegat",2015,39,0,0,"date_only_or_unknown","unknown_no_frozen_tide_source"
"DS05","NOVANA","skagerrak_kattegat",2016,55,0,0,"date_only_or_unknown","unknown_no_frozen_tide_source"
"DS05","NOVANA","skagerrak_kattegat",2017,20,0,0,"date_only_or_unknown","unknown_no_frozen_tide_source"
"DS05","NOVANA","skagerrak_kattegat",2018,31,0,0,"date_only_or_unknown","unknown_no_frozen_tide_source"
"DS05","NOVANA","skagerrak_kattegat",2019,55,0,0,"date_only_or_unknown","unknown_no_frozen_tide_source"
"DS05","NOVANA","southern_and_central_north_sea",2000,39,0,0,"date_only_or_unknown","unknown_no_frozen_tide_source"
"DS05","NOVANA","southern_and_central_north_sea",2001,42,0,0,"date_only_or_unknown","unknown_no_frozen_tide_source"
"DS05","NOVANA","southern_and_central_north_sea",2002,43,0,0,"date_only_or_unknown","unknown_no_frozen_tide_source"
"DS05","NOVANA","southern_and_central_north_sea",2003,43,0,0,"date_only_or_unknown","unknown_no_frozen_tide_source"
"DS05","NOVANA","southern_and_central_north_sea",2004,38,0,0,"date_only_or_unknown","unknown_no_frozen_tide_source"
"DS05","NOVANA","southern_and_central_north_sea",2005,39,0,0,"date_only_or_unknown","unknown_no_frozen_tide_source"
"DS05","NOVANA","southern_and_central_north_sea",2006,36,0,0,"date_only_or_unknown","unknown_no_frozen_tide_source"
"DS05","NOVANA","southern_and_central_north_sea",2007,37,0,0,"date_only_or_unknown","unknown_no_frozen_tide_source"
"DS05","NOVANA","southern_and_central_north_sea",2008,14,0,0,"date_only_or_unknown","unknown_no_frozen_tide_source"
"DS05","NOVANA","southern_and_central_north_sea",2009,42,0,0,"date_only_or_unknown","unknown_no_frozen_tide_source"
"DS05","NOVANA","southern_and_central_north_sea",2010,18,0,0,"date_only_or_unknown","unknown_no_frozen_tide_source"
"DS05","NOVANA","southern_and_central_north_sea",2015,1,0,0,"date_only_or_unknown","unknown_no_frozen_tide_source"
"DS05","NOVANA","southern_and_central_north_sea",2016,16,0,0,"date_only_or_unknown","unknown_no_frozen_tide_source"
"DS05","NOVANA","southern_and_central_north_sea",2017,1,0,0,"date_only_or_unknown","unknown_no_frozen_tide_source"
"DS06","SMHI_SHARK","skagerrak_kattegat",1994,3,0,0,"date_only_or_unknown","unknown_no_frozen_tide_source"
"DS06","SMHI_SHARK","skagerrak_kattegat",1995,3,0,0,"date_only_or_unknown","unknown_no_frozen_tide_source"
"DS06","SMHI_SHARK","skagerrak_kattegat",1996,3,0,0,"date_only_or_unknown","unknown_no_frozen_tide_source"
"DS06","SMHI_SHARK","skagerrak_kattegat",1997,18,18,14,"reported_datetime_available","unknown_no_frozen_tide_source"
"DS06","SMHI_SHARK","skagerrak_kattegat",2000,23,23,17,"reported_datetime_available","unknown_no_frozen_tide_source"
"DS06","SMHI_SHARK","skagerrak_kattegat",2001,33,33,6,"reported_datetime_available","unknown_no_frozen_tide_source"
"DS06","SMHI_SHARK","skagerrak_kattegat",2002,66,35,18,"reported_datetime_available","unknown_no_frozen_tide_source"
"DS06","SMHI_SHARK","skagerrak_kattegat",2003,37,37,18,"reported_datetime_available","unknown_no_frozen_tide_source"
"DS06","SMHI_SHARK","skagerrak_kattegat",2004,37,37,19,"reported_datetime_available","unknown_no_frozen_tide_source"
"DS06","SMHI_SHARK","skagerrak_kattegat",2005,35,35,17,"reported_datetime_available","unknown_no_frozen_tide_source"
"DS06","SMHI_SHARK","skagerrak_kattegat",2006,36,0,0,"date_only_or_unknown","unknown_no_frozen_tide_source"
"DS06","SMHI_SHARK","skagerrak_kattegat",2007,30,0,0,"date_only_or_unknown","unknown_no_frozen_tide_source"
"DS06","SMHI_SHARK","skagerrak_kattegat",2008,38,0,0,"date_only_or_unknown","unknown_no_frozen_tide_source"
"DS06","SMHI_SHARK","skagerrak_kattegat",2009,38,0,0,"date_only_or_unknown","unknown_no_frozen_tide_source"
"DS06","SMHI_SHARK","skagerrak_kattegat",2010,40,0,0,"date_only_or_unknown","unknown_no_frozen_tide_source"
"DS06","SMHI_SHARK","skagerrak_kattegat",2011,29,0,0,"date_only_or_unknown","unknown_no_frozen_tide_source"
"DS06","SMHI_SHARK","skagerrak_kattegat",2012,30,0,0,"date_only_or_unknown","unknown_no_frozen_tide_source"
"DS06","SMHI_SHARK","skagerrak_kattegat",2013,43,0,0,"date_only_or_unknown","unknown_no_frozen_tide_source"
"DS06","SMHI_SHARK","skagerrak_kattegat",2014,23,0,0,"date_only_or_unknown","unknown_no_frozen_tide_source"
"DS06","SMHI_SHARK","skagerrak_kattegat",2015,38,0,0,"date_only_or_unknown","unknown_no_frozen_tide_source"
"DS06","SMHI_SHARK","skagerrak_kattegat",2016,34,0,0,"date_only_or_unknown","unknown_no_frozen_tide_source"
"DS06","SMHI_SHARK","skagerrak_kattegat",2017,30,0,0,"date_only_or_unknown","unknown_no_frozen_tide_source"
"DS06","SMHI_SHARK","skagerrak_kattegat",2018,294,23,4,"reported_datetime_available","unknown_no_frozen_tide_source"
"DS06","SMHI_SHARK","skagerrak_kattegat",2019,327,45,5,"reported_datetime_available","unknown_no_frozen_tide_source"
"DS06","SMHI_SHARK","skagerrak_kattegat",2020,379,310,22,"reported_datetime_available","unknown_no_frozen_tide_source"
"DS06","SMHI_SHARK","skagerrak_kattegat",2021,467,346,21,"reported_datetime_available","unknown_no_frozen_tide_source"
"DS06","SMHI_SHARK","skagerrak_kattegat",2022,433,382,21,"reported_datetime_available","unknown_no_frozen_tide_source"
"DS06","SMHI_SHARK","skagerrak_kattegat",2023,343,308,19,"reported_datetime_available","unknown_no_frozen_tide_source"
"DS06","SMHI_SHARK","skagerrak_kattegat",2024,226,207,21,"reported_datetime_available","unknown_no_frozen_tide_source"
"DS06","SMHI_SHARK","southern_and_central_north_sea",2018,14,0,0,"date_only_or_unknown","unknown_no_frozen_tide_source"
"DS06","SMHI_SHARK","southern_and_central_north_sea",2019,56,0,0,"date_only_or_unknown","unknown_no_frozen_tide_source"
"DS06","SMHI_SHARK","southern_and_central_north_sea",2020,56,0,0,"date_only_or_unknown","unknown_no_frozen_tide_source"
"DS07","CEFAS_SMARTBUOY","outside_or_invalid",2002,3,3,1,"reported_datetime_available","unknown_no_frozen_tide_source"
"DS07","CEFAS_SMARTBUOY","outside_or_invalid",2003,37,37,1,"reported_datetime_available","unknown_no_frozen_tide_source"
"DS07","CEFAS_SMARTBUOY","outside_or_invalid",2004,67,67,1,"reported_datetime_available","unknown_no_frozen_tide_source"
"DS07","CEFAS_SMARTBUOY","outside_or_invalid",2005,3,3,1,"reported_datetime_available","unknown_no_frozen_tide_source"
"DS07","CEFAS_SMARTBUOY","outside_or_invalid",2006,20,20,1,"reported_datetime_available","unknown_no_frozen_tide_source"
"DS07","CEFAS_SMARTBUOY","outside_or_invalid",2007,12,12,1,"reported_datetime_available","unknown_no_frozen_tide_source"
"DS07","CEFAS_SMARTBUOY","outside_or_invalid",2008,12,12,1,"reported_datetime_available","unknown_no_frozen_tide_source"
"DS07","CEFAS_SMARTBUOY","outside_or_invalid",2009,8,8,1,"reported_datetime_available","unknown_no_frozen_tide_source"
"DS07","CEFAS_SMARTBUOY","outside_or_invalid",2010,5,5,1,"reported_datetime_available","unknown_no_frozen_tide_source"
"DS07","CEFAS_SMARTBUOY","outside_or_invalid",2011,16,16,1,"reported_datetime_available","unknown_no_frozen_tide_source"
"DS07","CEFAS_SMARTBUOY","outside_or_invalid",2012,10,10,2,"reported_datetime_available","unknown_no_frozen_tide_source"
"DS07","CEFAS_SMARTBUOY","outside_or_invalid",2013,14,14,2,"reported_datetime_available","unknown_no_frozen_tide_source"
"DS07","CEFAS_SMARTBUOY","outside_or_invalid",2014,6,6,1,"reported_datetime_available","unknown_no_frozen_tide_source"
"DS07","CEFAS_SMARTBUOY","outside_or_invalid",2015,10,10,2,"reported_datetime_available","unknown_no_frozen_tide_source"
"DS07","CEFAS_SMARTBUOY","outside_or_invalid",2016,4,4,1,"reported_datetime_available","unknown_no_frozen_tide_source"
"DS07","CEFAS_SMARTBUOY","outside_or_invalid",2017,14,14,1,"reported_datetime_available","unknown_no_frozen_tide_source"
"DS07","CEFAS_SMARTBUOY","outside_or_invalid",2018,9,9,1,"reported_datetime_available","unknown_no_frozen_tide_source"
"DS07","CEFAS_SMARTBUOY","outside_or_invalid",2019,12,12,2,"reported_datetime_available","unknown_no_frozen_tide_source"
"DS07","CEFAS_SMARTBUOY","southern_and_central_north_sea",2001,57,57,1,"reported_datetime_available","unknown_no_frozen_tide_source"
"DS07","CEFAS_SMARTBUOY","southern_and_central_north_sea",2002,14,14,1,"reported_datetime_available","unknown_no_frozen_tide_source"
"DS07","CEFAS_SMARTBUOY","southern_and_central_north_sea",2003,20,20,1,"reported_datetime_available","unknown_no_frozen_tide_source"
"DS07","CEFAS_SMARTBUOY","southern_and_central_north_sea",2004,36,36,1,"reported_datetime_available","unknown_no_frozen_tide_source"
"DS07","CEFAS_SMARTBUOY","southern_and_central_north_sea",2005,18,18,1,"reported_datetime_available","unknown_no_frozen_tide_source"
"DS07","CEFAS_SMARTBUOY","southern_and_central_north_sea",2006,23,23,1,"reported_datetime_available","unknown_no_frozen_tide_source"
"DS07","CEFAS_SMARTBUOY","southern_and_central_north_sea",2007,21,21,1,"reported_datetime_available","unknown_no_frozen_tide_source"
"DS07","CEFAS_SMARTBUOY","southern_and_central_north_sea",2008,27,27,2,"reported_datetime_available","unknown_no_frozen_tide_source"
"DS07","CEFAS_SMARTBUOY","southern_and_central_north_sea",2009,36,36,2,"reported_datetime_available","unknown_no_frozen_tide_source"
"DS07","CEFAS_SMARTBUOY","southern_and_central_north_sea",2010,34,34,2,"reported_datetime_available","unknown_no_frozen_tide_source"
"DS07","CEFAS_SMARTBUOY","southern_and_central_north_sea",2011,32,32,2,"reported_datetime_available","unknown_no_frozen_tide_source"
"DS07","CEFAS_SMARTBUOY","southern_and_central_north_sea",2012,88,88,1,"reported_datetime_available","unknown_no_frozen_tide_source"
"DS07","CEFAS_SMARTBUOY","southern_and_central_north_sea",2013,24,24,1,"reported_datetime_available","unknown_no_frozen_tide_source"
"DS07","CEFAS_SMARTBUOY","southern_and_central_north_sea",2014,20,20,1,"reported_datetime_available","unknown_no_frozen_tide_source"
"DS07","CEFAS_SMARTBUOY","southern_and_central_north_sea",2015,30,30,1,"reported_datetime_available","unknown_no_frozen_tide_source"
"DS07","CEFAS_SMARTBUOY","southern_and_central_north_sea",2016,34,34,1,"reported_datetime_available","unknown_no_frozen_tide_source"
"DS07","CEFAS_SMARTBUOY","southern_and_central_north_sea",2017,35,35,1,"reported_datetime_available","unknown_no_frozen_tide_source"
"DS07","CEFAS_SMARTBUOY","southern_and_central_north_sea",2018,17,17,5,"reported_datetime_available","unknown_no_frozen_tide_source"
"DS07","CEFAS_SMARTBUOY","southern_and_central_north_sea",2019,40,40,6,"reported_datetime_available","unknown_no_frozen_tide_source"
"DS09","AWI_SYLT","outside_or_invalid",1992,12,0,0,"date_only_or_unknown","unknown_no_frozen_tide_source"
"DS09","AWI_SYLT","outside_or_invalid",1993,48,0,0,"date_only_or_unknown","unknown_no_frozen_tide_source"
"DS09","AWI_SYLT","outside_or_invalid",1994,6,0,0,"date_only_or_unknown","unknown_no_frozen_tide_source"
"DS09","AWI_SYLT","outside_or_invalid",1995,84,0,0,"date_only_or_unknown","unknown_no_frozen_tide_source"
"DS09","AWI_SYLT","outside_or_invalid",1996,66,0,0,"date_only_or_unknown","unknown_no_frozen_tide_source"
"DS09","AWI_SYLT","outside_or_invalid",1997,75,0,0,"date_only_or_unknown","unknown_no_frozen_tide_source"
"DS09","AWI_SYLT","outside_or_invalid",1998,33,0,0,"date_only_or_unknown","unknown_no_frozen_tide_source"
"DS09","AWI_SYLT","outside_or_invalid",1999,20,0,0,"date_only_or_unknown","unknown_no_frozen_tide_source"
"DS09","AWI_SYLT","outside_or_invalid",2000,38,0,0,"date_only_or_unknown","unknown_no_frozen_tide_source"
"DS09","AWI_SYLT","outside_or_invalid",2001,22,0,0,"date_only_or_unknown","unknown_no_frozen_tide_source"
"DS09","AWI_SYLT","outside_or_invalid",2002,18,0,0,"date_only_or_unknown","unknown_no_frozen_tide_source"
"DS09","AWI_SYLT","outside_or_invalid",2003,36,0,0,"date_only_or_unknown","unknown_no_frozen_tide_source"
"DS09","AWI_SYLT","outside_or_invalid",2004,27,0,0,"date_only_or_unknown","unknown_no_frozen_tide_source"
"DS09","AWI_SYLT","southern_and_central_north_sea",1992,36,0,0,"date_only_or_unknown","unknown_no_frozen_tide_source"
"DS09","AWI_SYLT","southern_and_central_north_sea",1993,105,0,0,"date_only_or_unknown","unknown_no_frozen_tide_source"
"DS09","AWI_SYLT","southern_and_central_north_sea",1994,237,0,0,"date_only_or_unknown","unknown_no_frozen_tide_source"
"DS09","AWI_SYLT","southern_and_central_north_sea",1995,339,0,0,"date_only_or_unknown","unknown_no_frozen_tide_source"
"DS09","AWI_SYLT","southern_and_central_north_sea",1996,270,0,0,"date_only_or_unknown","unknown_no_frozen_tide_source"
"DS09","AWI_SYLT","southern_and_central_north_sea",1997,363,0,0,"date_only_or_unknown","unknown_no_frozen_tide_source"
"DS09","AWI_SYLT","southern_and_central_north_sea",1998,282,0,0,"date_only_or_unknown","unknown_no_frozen_tide_source"
"DS09","AWI_SYLT","southern_and_central_north_sea",1999,120,0,0,"date_only_or_unknown","unknown_no_frozen_tide_source"
"DS09","AWI_SYLT","southern_and_central_north_sea",2000,128,0,0,"date_only_or_unknown","unknown_no_frozen_tide_source"
"DS09","AWI_SYLT","southern_and_central_north_sea",2001,110,0,0,"date_only_or_unknown","unknown_no_frozen_tide_source"
"DS09","AWI_SYLT","southern_and_central_north_sea",2002,98,0,0,"date_only_or_unknown","unknown_no_frozen_tide_source"
"DS09","AWI_SYLT","southern_and_central_north_sea",2003,120,0,0,"date_only_or_unknown","unknown_no_frozen_tide_source"
"DS09","AWI_SYLT","southern_and_central_north_sea",2004,129,0,0,"date_only_or_unknown","unknown_no_frozen_tide_source"
"DS10","VLIZ_LIFEWATCH","southern_and_central_north_sea",2017,127,127,24,"reported_datetime_available","unknown_no_frozen_tide_source"
"DS10","VLIZ_LIFEWATCH","southern_and_central_north_sea",2018,174,174,24,"reported_datetime_available","unknown_no_frozen_tide_source"
"DS10","VLIZ_LIFEWATCH","southern_and_central_north_sea",2019,140,140,24,"reported_datetime_available","unknown_no_frozen_tide_source"
"DS11","VLIZ_LIFEWATCH","outside_or_invalid",2000,25,25,7,"reported_datetime_available","unknown_no_frozen_tide_source"
"DS11","VLIZ_LIFEWATCH","outside_or_invalid",2001,32,32,6,"reported_datetime_available","unknown_no_frozen_tide_source"
"DS11","VLIZ_LIFEWATCH","outside_or_invalid",2002,250,250,10,"reported_datetime_available","unknown_no_frozen_tide_source"
"DS11","VLIZ_LIFEWATCH","outside_or_invalid",2003,188,188,7,"reported_datetime_available","unknown_no_frozen_tide_source"
"DS11","VLIZ_LIFEWATCH","outside_or_invalid",2004,169,169,6,"reported_datetime_available","unknown_no_frozen_tide_source"
"DS11","VLIZ_LIFEWATCH","outside_or_invalid",2005,173,173,8,"reported_datetime_available","unknown_no_frozen_tide_source"
"DS11","VLIZ_LIFEWATCH","outside_or_invalid",2006,164,164,5,"reported_datetime_available","unknown_no_frozen_tide_source"
"DS11","VLIZ_LIFEWATCH","outside_or_invalid",2007,111,111,7,"reported_datetime_available","unknown_no_frozen_tide_source"
"DS11","VLIZ_LIFEWATCH","outside_or_invalid",2008,159,159,9,"reported_datetime_available","unknown_no_frozen_tide_source"
"DS11","VLIZ_LIFEWATCH","outside_or_invalid",2009,183,183,11,"reported_datetime_available","unknown_no_frozen_tide_source"
"DS11","VLIZ_LIFEWATCH","outside_or_invalid",2010,270,270,10,"reported_datetime_available","unknown_no_frozen_tide_source"
"DS11","VLIZ_LIFEWATCH","outside_or_invalid",2011,325,325,10,"reported_datetime_available","unknown_no_frozen_tide_source"
"DS11","VLIZ_LIFEWATCH","outside_or_invalid",2012,287,287,10,"reported_datetime_available","unknown_no_frozen_tide_source"
"DS11","VLIZ_LIFEWATCH","outside_or_invalid",2013,288,288,11,"reported_datetime_available","unknown_no_frozen_tide_source"
"DS11","VLIZ_LIFEWATCH","outside_or_invalid",2014,345,345,10,"reported_datetime_available","unknown_no_frozen_tide_source"
"DS11","VLIZ_LIFEWATCH","outside_or_invalid",2015,316,316,10,"reported_datetime_available","unknown_no_frozen_tide_source"
"DS11","VLIZ_LIFEWATCH","outside_or_invalid",2016,321,321,8,"reported_datetime_available","unknown_no_frozen_tide_source"
"DS11","VLIZ_LIFEWATCH","outside_or_invalid",2017,389,389,9,"reported_datetime_available","unknown_no_frozen_tide_source"
"DS11","VLIZ_LIFEWATCH","outside_or_invalid",2018,305,305,9,"reported_datetime_available","unknown_no_frozen_tide_source"
"DS11","VLIZ_LIFEWATCH","outside_or_invalid",2019,271,271,9,"reported_datetime_available","unknown_no_frozen_tide_source"
"DS11","VLIZ_LIFEWATCH","skagerrak_kattegat",2000,206,206,17,"reported_datetime_available","unknown_no_frozen_tide_source"
"DS11","VLIZ_LIFEWATCH","skagerrak_kattegat",2001,253,253,20,"reported_datetime_available","unknown_no_frozen_tide_source"
"DS11","VLIZ_LIFEWATCH","skagerrak_kattegat",2002,281,281,15,"reported_datetime_available","unknown_no_frozen_tide_source"
"DS11","VLIZ_LIFEWATCH","skagerrak_kattegat",2003,406,406,22,"reported_datetime_available","unknown_no_frozen_tide_source"
"DS11","VLIZ_LIFEWATCH","skagerrak_kattegat",2004,351,351,23,"reported_datetime_available","unknown_no_frozen_tide_source"
"DS11","VLIZ_LIFEWATCH","skagerrak_kattegat",2005,389,389,20,"reported_datetime_available","unknown_no_frozen_tide_source"
"DS11","VLIZ_LIFEWATCH","skagerrak_kattegat",2006,371,371,20,"reported_datetime_available","unknown_no_frozen_tide_source"
"DS11","VLIZ_LIFEWATCH","skagerrak_kattegat",2007,306,306,21,"reported_datetime_available","unknown_no_frozen_tide_source"
"DS11","VLIZ_LIFEWATCH","skagerrak_kattegat",2008,307,307,21,"reported_datetime_available","unknown_no_frozen_tide_source"
"DS11","VLIZ_LIFEWATCH","skagerrak_kattegat",2009,242,242,20,"reported_datetime_available","unknown_no_frozen_tide_source"
"DS11","VLIZ_LIFEWATCH","skagerrak_kattegat",2010,283,283,21,"reported_datetime_available","unknown_no_frozen_tide_source"
"DS11","VLIZ_LIFEWATCH","skagerrak_kattegat",2011,499,499,23,"reported_datetime_available","unknown_no_frozen_tide_source"
"DS11","VLIZ_LIFEWATCH","skagerrak_kattegat",2012,377,377,20,"reported_datetime_available","unknown_no_frozen_tide_source"
"DS11","VLIZ_LIFEWATCH","skagerrak_kattegat",2013,338,338,21,"reported_datetime_available","unknown_no_frozen_tide_source"
"DS11","VLIZ_LIFEWATCH","skagerrak_kattegat",2014,274,274,22,"reported_datetime_available","unknown_no_frozen_tide_source"
"DS11","VLIZ_LIFEWATCH","skagerrak_kattegat",2015,297,297,22,"reported_datetime_available","unknown_no_frozen_tide_source"
"DS11","VLIZ_LIFEWATCH","skagerrak_kattegat",2016,326,326,22,"reported_datetime_available","unknown_no_frozen_tide_source"
"DS11","VLIZ_LIFEWATCH","skagerrak_kattegat",2017,297,297,20,"reported_datetime_available","unknown_no_frozen_tide_source"
"DS11","VLIZ_LIFEWATCH","skagerrak_kattegat",2018,308,308,23,"reported_datetime_available","unknown_no_frozen_tide_source"
"DS11","VLIZ_LIFEWATCH","skagerrak_kattegat",2019,282,282,23,"reported_datetime_available","unknown_no_frozen_tide_source"
"DS11","VLIZ_LIFEWATCH","southern_and_central_north_sea",2000,51,51,1,"reported_datetime_available","unknown_no_frozen_tide_source"
"DS11","VLIZ_LIFEWATCH","southern_and_central_north_sea",2001,45,45,1,"reported_datetime_available","unknown_no_frozen_tide_source"
"DS11","VLIZ_LIFEWATCH","southern_and_central_north_sea",2002,44,44,1,"reported_datetime_available","unknown_no_frozen_tide_source"
"DS11","VLIZ_LIFEWATCH","southern_and_central_north_sea",2003,53,53,1,"reported_datetime_available","unknown_no_frozen_tide_source"
"DS11","VLIZ_LIFEWATCH","southern_and_central_north_sea",2004,49,49,1,"reported_datetime_available","unknown_no_frozen_tide_source"
"DS11","VLIZ_LIFEWATCH","southern_and_central_north_sea",2005,45,45,1,"reported_datetime_available","unknown_no_frozen_tide_source"
"DS11","VLIZ_LIFEWATCH","southern_and_central_north_sea",2006,47,47,1,"reported_datetime_available","unknown_no_frozen_tide_source"
"DS11","VLIZ_LIFEWATCH","southern_and_central_north_sea",2007,46,46,1,"reported_datetime_available","unknown_no_frozen_tide_source"
"DS11","VLIZ_LIFEWATCH","southern_and_central_north_sea",2008,97,97,5,"reported_datetime_available","unknown_no_frozen_tide_source"
"DS11","VLIZ_LIFEWATCH","southern_and_central_north_sea",2009,197,197,11,"reported_datetime_available","unknown_no_frozen_tide_source"
"DS11","VLIZ_LIFEWATCH","southern_and_central_north_sea",2010,108,108,12,"reported_datetime_available","unknown_no_frozen_tide_source"
"DS11","VLIZ_LIFEWATCH","southern_and_central_north_sea",2011,178,178,11,"reported_datetime_available","unknown_no_frozen_tide_source"
"DS11","VLIZ_LIFEWATCH","southern_and_central_north_sea",2012,157,157,16,"reported_datetime_available","unknown_no_frozen_tide_source"
"DS11","VLIZ_LIFEWATCH","southern_and_central_north_sea",2013,162,162,12,"reported_datetime_available","unknown_no_frozen_tide_source"
"DS11","VLIZ_LIFEWATCH","southern_and_central_north_sea",2014,196,196,24,"reported_datetime_available","unknown_no_frozen_tide_source"
"DS11","VLIZ_LIFEWATCH","southern_and_central_north_sea",2015,197,197,24,"reported_datetime_available","unknown_no_frozen_tide_source"
"DS11","VLIZ_LIFEWATCH","southern_and_central_north_sea",2016,214,214,24,"reported_datetime_available","unknown_no_frozen_tide_source"
"DS11","VLIZ_LIFEWATCH","southern_and_central_north_sea",2017,155,155,23,"reported_datetime_available","unknown_no_frozen_tide_source"
"DS11","VLIZ_LIFEWATCH","southern_and_central_north_sea",2018,241,241,24,"reported_datetime_available","unknown_no_frozen_tide_source"
"DS11","VLIZ_LIFEWATCH","southern_and_central_north_sea",2019,244,244,24,"reported_datetime_available","unknown_no_frozen_tide_source"
"DS12","CPR_SURVEY","outside_or_invalid",1946,88,88,24,"reported_datetime_available","unknown_no_frozen_tide_source"
"DS12","CPR_SURVEY","outside_or_invalid",1947,185,185,24,"reported_datetime_available","unknown_no_frozen_tide_source"
"DS12","CPR_SURVEY","outside_or_invalid",1948,581,581,24,"reported_datetime_available","unknown_no_frozen_tide_source"
"DS12","CPR_SURVEY","outside_or_invalid",1949,644,644,24,"reported_datetime_available","unknown_no_frozen_tide_source"
"DS12","CPR_SURVEY","outside_or_invalid",1950,868,868,24,"reported_datetime_available","unknown_no_frozen_tide_source"
"DS12","CPR_SURVEY","outside_or_invalid",1951,875,875,24,"reported_datetime_available","unknown_no_frozen_tide_source"
"DS12","CPR_SURVEY","outside_or_invalid",1952,1060,1060,24,"reported_datetime_available","unknown_no_frozen_tide_source"
"DS12","CPR_SURVEY","outside_or_invalid",1953,883,883,24,"reported_datetime_available","unknown_no_frozen_tide_source"
"DS12","CPR_SURVEY","outside_or_invalid",1954,757,757,24,"reported_datetime_available","unknown_no_frozen_tide_source"
"DS12","CPR_SURVEY","outside_or_invalid",1955,1251,1251,24,"reported_datetime_available","unknown_no_frozen_tide_source"
"DS12","CPR_SURVEY","outside_or_invalid",1956,987,987,24,"reported_datetime_available","unknown_no_frozen_tide_source"
"DS12","CPR_SURVEY","outside_or_invalid",1957,1699,1699,24,"reported_datetime_available","unknown_no_frozen_tide_source"
"DS12","CPR_SURVEY","outside_or_invalid",1958,1334,1334,24,"reported_datetime_available","unknown_no_frozen_tide_source"
"DS12","CPR_SURVEY","outside_or_invalid",1959,1782,1782,24,"reported_datetime_available","unknown_no_frozen_tide_source"
"DS12","CPR_SURVEY","outside_or_invalid",1960,1765,1765,24,"reported_datetime_available","unknown_no_frozen_tide_source"
"DS12","CPR_SURVEY","outside_or_invalid",1961,2218,2218,24,"reported_datetime_available","unknown_no_frozen_tide_source"
"DS12","CPR_SURVEY","outside_or_invalid",1962,3307,3307,24,"reported_datetime_available","unknown_no_frozen_tide_source"
"DS12","CPR_SURVEY","outside_or_invalid",1963,3124,3124,24,"reported_datetime_available","unknown_no_frozen_tide_source"
"DS12","CPR_SURVEY","outside_or_invalid",1964,3585,3585,24,"reported_datetime_available","unknown_no_frozen_tide_source"
"DS12","CPR_SURVEY","outside_or_invalid",1965,3736,3736,24,"reported_datetime_available","unknown_no_frozen_tide_source"
"DS12","CPR_SURVEY","outside_or_invalid",1966,3749,3749,24,"reported_datetime_available","unknown_no_frozen_tide_source"
"DS12","CPR_SURVEY","outside_or_invalid",1967,4054,4054,24,"reported_datetime_available","unknown_no_frozen_tide_source"
"DS12","CPR_SURVEY","outside_or_invalid",1968,3631,3631,24,"reported_datetime_available","unknown_no_frozen_tide_source"
"DS12","CPR_SURVEY","outside_or_invalid",1969,4091,4091,24,"reported_datetime_available","unknown_no_frozen_tide_source"
"DS12","CPR_SURVEY","outside_or_invalid",1970,4252,4252,24,"reported_datetime_available","unknown_no_frozen_tide_source"
"DS12","CPR_SURVEY","outside_or_invalid",1971,4001,4001,24,"reported_datetime_available","unknown_no_frozen_tide_source"
"DS12","CPR_SURVEY","outside_or_invalid",1972,4142,4142,24,"reported_datetime_available","unknown_no_frozen_tide_source"
"DS12","CPR_SURVEY","outside_or_invalid",1973,3593,3593,24,"reported_datetime_available","unknown_no_frozen_tide_source"
"DS12","CPR_SURVEY","outside_or_invalid",1974,3066,3066,24,"reported_datetime_available","unknown_no_frozen_tide_source"
"DS12","CPR_SURVEY","outside_or_invalid",1975,2919,2919,24,"reported_datetime_available","unknown_no_frozen_tide_source"
"DS12","CPR_SURVEY","outside_or_invalid",1976,3013,3013,24,"reported_datetime_available","unknown_no_frozen_tide_source"
"DS12","CPR_SURVEY","outside_or_invalid",1977,2713,2713,24,"reported_datetime_available","unknown_no_frozen_tide_source"
"DS12","CPR_SURVEY","outside_or_invalid",1978,2086,2086,24,"reported_datetime_available","unknown_no_frozen_tide_source"
"DS12","CPR_SURVEY","outside_or_invalid",1979,2239,2239,24,"reported_datetime_available","unknown_no_frozen_tide_source"
"DS12","CPR_SURVEY","outside_or_invalid",1980,2056,2056,24,"reported_datetime_available","unknown_no_frozen_tide_source"
"DS12","CPR_SURVEY","outside_or_invalid",1981,1743,1743,24,"reported_datetime_available","unknown_no_frozen_tide_source"
"DS12","CPR_SURVEY","outside_or_invalid",1982,1928,1928,24,"reported_datetime_available","unknown_no_frozen_tide_source"
"DS12","CPR_SURVEY","outside_or_invalid",1983,2058,2058,24,"reported_datetime_available","unknown_no_frozen_tide_source"
"DS12","CPR_SURVEY","outside_or_invalid",1984,2067,2067,24,"reported_datetime_available","unknown_no_frozen_tide_source"
"DS12","CPR_SURVEY","outside_or_invalid",1985,1889,1889,24,"reported_datetime_available","unknown_no_frozen_tide_source"
"DS12","CPR_SURVEY","outside_or_invalid",1986,2008,2008,24,"reported_datetime_available","unknown_no_frozen_tide_source"
"DS12","CPR_SURVEY","outside_or_invalid",1987,1112,1112,24,"reported_datetime_available","unknown_no_frozen_tide_source"
"DS12","CPR_SURVEY","outside_or_invalid",1988,971,971,24,"reported_datetime_available","unknown_no_frozen_tide_source"
"DS12","CPR_SURVEY","outside_or_invalid",1989,1075,1075,24,"reported_datetime_available","unknown_no_frozen_tide_source"
"DS12","CPR_SURVEY","outside_or_invalid",1990,1120,1120,24,"reported_datetime_available","unknown_no_frozen_tide_source"
"DS12","CPR_SURVEY","outside_or_invalid",1991,1872,1872,24,"reported_datetime_available","unknown_no_frozen_tide_source"
"DS12","CPR_SURVEY","outside_or_invalid",1992,2117,2117,24,"reported_datetime_available","unknown_no_frozen_tide_source"
"DS12","CPR_SURVEY","outside_or_invalid",1993,2390,2390,24,"reported_datetime_available","unknown_no_frozen_tide_source"
"DS12","CPR_SURVEY","outside_or_invalid",1994,2508,2508,24,"reported_datetime_available","unknown_no_frozen_tide_source"
"DS12","CPR_SURVEY","outside_or_invalid",1995,2607,2607,24,"reported_datetime_available","unknown_no_frozen_tide_source"
"DS12","CPR_SURVEY","outside_or_invalid",1996,1940,1940,24,"reported_datetime_available","unknown_no_frozen_tide_source"
"DS12","CPR_SURVEY","outside_or_invalid",1997,2908,2908,24,"reported_datetime_available","unknown_no_frozen_tide_source"
"DS12","CPR_SURVEY","outside_or_invalid",1998,3102,3102,24,"reported_datetime_available","unknown_no_frozen_tide_source"
"DS12","CPR_SURVEY","outside_or_invalid",1999,3126,3126,24,"reported_datetime_available","unknown_no_frozen_tide_source"
"DS12","CPR_SURVEY","outside_or_invalid",2000,3258,3258,24,"reported_datetime_available","unknown_no_frozen_tide_source"
"DS12","CPR_SURVEY","outside_or_invalid",2001,3445,3445,24,"reported_datetime_available","unknown_no_frozen_tide_source"
"DS12","CPR_SURVEY","outside_or_invalid",2002,3920,3920,24,"reported_datetime_available","unknown_no_frozen_tide_source"
"DS12","CPR_SURVEY","outside_or_invalid",2003,4038,4038,24,"reported_datetime_available","unknown_no_frozen_tide_source"
"DS12","CPR_SURVEY","outside_or_invalid",2004,4017,4017,24,"reported_datetime_available","unknown_no_frozen_tide_source"
"DS12","CPR_SURVEY","outside_or_invalid",2005,3996,3996,24,"reported_datetime_available","unknown_no_frozen_tide_source"
"DS12","CPR_SURVEY","outside_or_invalid",2006,4102,4102,24,"reported_datetime_available","unknown_no_frozen_tide_source"
"DS12","CPR_SURVEY","outside_or_invalid",2007,2911,2911,24,"reported_datetime_available","unknown_no_frozen_tide_source"
"DS12","CPR_SURVEY","outside_or_invalid",2008,3415,3415,24,"reported_datetime_available","unknown_no_frozen_tide_source"
"DS12","CPR_SURVEY","outside_or_invalid",2009,3589,3589,24,"reported_datetime_available","unknown_no_frozen_tide_source"
"DS12","CPR_SURVEY","outside_or_invalid",2010,3743,3743,24,"reported_datetime_available","unknown_no_frozen_tide_source"
"DS12","CPR_SURVEY","outside_or_invalid",2011,3924,3924,24,"reported_datetime_available","unknown_no_frozen_tide_source"
"DS12","CPR_SURVEY","outside_or_invalid",2012,4063,4063,24,"reported_datetime_available","unknown_no_frozen_tide_source"
"DS12","CPR_SURVEY","outside_or_invalid",2013,4684,4684,24,"reported_datetime_available","unknown_no_frozen_tide_source"
"DS12","CPR_SURVEY","outside_or_invalid",2014,4158,4158,24,"reported_datetime_available","unknown_no_frozen_tide_source"
"DS12","CPR_SURVEY","outside_or_invalid",2015,3525,3525,24,"reported_datetime_available","unknown_no_frozen_tide_source"
"DS12","CPR_SURVEY","outside_or_invalid",2016,3713,3713,24,"reported_datetime_available","unknown_no_frozen_tide_source"
"DS12","CPR_SURVEY","outside_or_invalid",2017,2971,2971,24,"reported_datetime_available","unknown_no_frozen_tide_source"
"DS12","CPR_SURVEY","outside_or_invalid",2018,3020,3020,24,"reported_datetime_available","unknown_no_frozen_tide_source"
"DS12","CPR_SURVEY","outside_or_invalid",2019,3047,3047,24,"reported_datetime_available","unknown_no_frozen_tide_source"
"DS12","CPR_SURVEY","outside_or_invalid",2020,1482,1482,24,"reported_datetime_available","unknown_no_frozen_tide_source"
"DS12","CPR_SURVEY","skagerrak_kattegat",1946,6,6,5,"reported_datetime_available","unknown_no_frozen_tide_source"
"DS12","CPR_SURVEY","skagerrak_kattegat",1947,25,25,14,"reported_datetime_available","unknown_no_frozen_tide_source"
"DS12","CPR_SURVEY","skagerrak_kattegat",1948,49,49,16,"reported_datetime_available","unknown_no_frozen_tide_source"
"DS12","CPR_SURVEY","skagerrak_kattegat",1949,32,32,19,"reported_datetime_available","unknown_no_frozen_tide_source"
"DS12","CPR_SURVEY","skagerrak_kattegat",1950,29,29,13,"reported_datetime_available","unknown_no_frozen_tide_source"
"DS12","CPR_SURVEY","skagerrak_kattegat",1951,44,44,21,"reported_datetime_available","unknown_no_frozen_tide_source"
"DS12","CPR_SURVEY","skagerrak_kattegat",1952,68,68,22,"reported_datetime_available","unknown_no_frozen_tide_source"
"DS12","CPR_SURVEY","skagerrak_kattegat",1953,70,70,21,"reported_datetime_available","unknown_no_frozen_tide_source"
"DS12","CPR_SURVEY","skagerrak_kattegat",1954,37,37,14,"reported_datetime_available","unknown_no_frozen_tide_source"
"DS12","CPR_SURVEY","skagerrak_kattegat",1955,32,32,14,"reported_datetime_available","unknown_no_frozen_tide_source"
"DS12","CPR_SURVEY","skagerrak_kattegat",1956,58,58,22,"reported_datetime_available","unknown_no_frozen_tide_source"
"DS12","CPR_SURVEY","skagerrak_kattegat",1957,51,51,18,"reported_datetime_available","unknown_no_frozen_tide_source"
"DS12","CPR_SURVEY","skagerrak_kattegat",1958,30,30,10,"reported_datetime_available","unknown_no_frozen_tide_source"
"DS12","CPR_SURVEY","skagerrak_kattegat",1959,27,27,11,"reported_datetime_available","unknown_no_frozen_tide_source"
"DS12","CPR_SURVEY","skagerrak_kattegat",1960,33,33,20,"reported_datetime_available","unknown_no_frozen_tide_source"
"DS12","CPR_SURVEY","skagerrak_kattegat",1961,31,31,15,"reported_datetime_available","unknown_no_frozen_tide_source"
"DS12","CPR_SURVEY","skagerrak_kattegat",1962,30,30,15,"reported_datetime_available","unknown_no_frozen_tide_source"
"DS12","CPR_SURVEY","skagerrak_kattegat",1963,24,24,15,"reported_datetime_available","unknown_no_frozen_tide_source"
"DS12","CPR_SURVEY","skagerrak_kattegat",1964,21,21,11,"reported_datetime_available","unknown_no_frozen_tide_source"
"DS12","CPR_SURVEY","skagerrak_kattegat",1965,22,22,13,"reported_datetime_available","unknown_no_frozen_tide_source"
"DS12","CPR_SURVEY","skagerrak_kattegat",1966,29,29,18,"reported_datetime_available","unknown_no_frozen_tide_source"
"DS12","CPR_SURVEY","skagerrak_kattegat",1967,25,25,13,"reported_datetime_available","unknown_no_frozen_tide_source"
"DS12","CPR_SURVEY","skagerrak_kattegat",1968,24,24,15,"reported_datetime_available","unknown_no_frozen_tide_source"
"DS12","CPR_SURVEY","skagerrak_kattegat",1969,28,28,17,"reported_datetime_available","unknown_no_frozen_tide_source"
"DS12","CPR_SURVEY","skagerrak_kattegat",1970,33,33,16,"reported_datetime_available","unknown_no_frozen_tide_source"
"DS12","CPR_SURVEY","skagerrak_kattegat",1971,19,19,10,"reported_datetime_available","unknown_no_frozen_tide_source"
"DS12","CPR_SURVEY","skagerrak_kattegat",1972,17,17,11,"reported_datetime_available","unknown_no_frozen_tide_source"
"DS12","CPR_SURVEY","skagerrak_kattegat",1973,16,16,10,"reported_datetime_available","unknown_no_frozen_tide_source"
"DS12","CPR_SURVEY","skagerrak_kattegat",1974,12,12,7,"reported_datetime_available","unknown_no_frozen_tide_source"
"DS12","CPR_SURVEY","skagerrak_kattegat",1975,11,11,9,"reported_datetime_available","unknown_no_frozen_tide_source"
"DS12","CPR_SURVEY","skagerrak_kattegat",1976,17,17,12,"reported_datetime_available","unknown_no_frozen_tide_source"
"DS12","CPR_SURVEY","skagerrak_kattegat",1977,22,22,11,"reported_datetime_available","unknown_no_frozen_tide_source"
"DS12","CPR_SURVEY","skagerrak_kattegat",1978,10,10,9,"reported_datetime_available","unknown_no_frozen_tide_source"
"DS12","CPR_SURVEY","skagerrak_kattegat",1979,6,6,4,"reported_datetime_available","unknown_no_frozen_tide_source"
"DS12","CPR_SURVEY","skagerrak_kattegat",1980,10,10,7,"reported_datetime_available","unknown_no_frozen_tide_source"
"DS12","CPR_SURVEY","skagerrak_kattegat",1981,8,8,7,"reported_datetime_available","unknown_no_frozen_tide_source"
"DS12","CPR_SURVEY","skagerrak_kattegat",1982,14,14,11,"reported_datetime_available","unknown_no_frozen_tide_source"
"DS12","CPR_SURVEY","skagerrak_kattegat",1983,6,6,6,"reported_datetime_available","unknown_no_frozen_tide_source"
"DS12","CPR_SURVEY","skagerrak_kattegat",1984,9,9,8,"reported_datetime_available","unknown_no_frozen_tide_source"
"DS12","CPR_SURVEY","skagerrak_kattegat",1988,61,61,17,"reported_datetime_available","unknown_no_frozen_tide_source"
"DS12","CPR_SURVEY","skagerrak_kattegat",1989,63,63,19,"reported_datetime_available","unknown_no_frozen_tide_source"
"DS12","CPR_SURVEY","skagerrak_kattegat",1990,34,34,22,"reported_datetime_available","unknown_no_frozen_tide_source"
"DS12","CPR_SURVEY","skagerrak_kattegat",1991,80,80,22,"reported_datetime_available","unknown_no_frozen_tide_source"
"DS12","CPR_SURVEY","skagerrak_kattegat",1992,36,36,17,"reported_datetime_available","unknown_no_frozen_tide_source"
"DS12","CPR_SURVEY","skagerrak_kattegat",1993,57,57,13,"reported_datetime_available","unknown_no_frozen_tide_source"
"DS12","CPR_SURVEY","skagerrak_kattegat",1994,53,53,18,"reported_datetime_available","unknown_no_frozen_tide_source"
"DS12","CPR_SURVEY","skagerrak_kattegat",1995,56,56,24,"reported_datetime_available","unknown_no_frozen_tide_source"
"DS12","CPR_SURVEY","skagerrak_kattegat",1996,41,41,16,"reported_datetime_available","unknown_no_frozen_tide_source"
"DS12","CPR_SURVEY","skagerrak_kattegat",1997,62,62,24,"reported_datetime_available","unknown_no_frozen_tide_source"
"DS12","CPR_SURVEY","skagerrak_kattegat",1998,39,39,16,"reported_datetime_available","unknown_no_frozen_tide_source"
"DS12","CPR_SURVEY","skagerrak_kattegat",1999,50,50,9,"reported_datetime_available","unknown_no_frozen_tide_source"
"DS12","CPR_SURVEY","skagerrak_kattegat",2000,48,48,14,"reported_datetime_available","unknown_no_frozen_tide_source"
"DS12","CPR_SURVEY","skagerrak_kattegat",2001,49,49,12,"reported_datetime_available","unknown_no_frozen_tide_source"
"DS12","CPR_SURVEY","skagerrak_kattegat",2002,43,43,14,"reported_datetime_available","unknown_no_frozen_tide_source"
"DS12","CPR_SURVEY","skagerrak_kattegat",2003,53,53,14,"reported_datetime_available","unknown_no_frozen_tide_source"
"DS12","CPR_SURVEY","skagerrak_kattegat",2004,52,52,12,"reported_datetime_available","unknown_no_frozen_tide_source"
"DS12","CPR_SURVEY","skagerrak_kattegat",2005,40,40,11,"reported_datetime_available","unknown_no_frozen_tide_source"
"DS12","CPR_SURVEY","skagerrak_kattegat",2006,50,50,21,"reported_datetime_available","unknown_no_frozen_tide_source"
"DS12","CPR_SURVEY","skagerrak_kattegat",2007,33,33,22,"reported_datetime_available","unknown_no_frozen_tide_source"
"DS12","CPR_SURVEY","skagerrak_kattegat",2008,57,57,22,"reported_datetime_available","unknown_no_frozen_tide_source"
"DS12","CPR_SURVEY","skagerrak_kattegat",2009,41,41,20,"reported_datetime_available","unknown_no_frozen_tide_source"
"DS12","CPR_SURVEY","skagerrak_kattegat",2010,32,32,18,"reported_datetime_available","unknown_no_frozen_tide_source"
"DS12","CPR_SURVEY","skagerrak_kattegat",2011,26,26,17,"reported_datetime_available","unknown_no_frozen_tide_source"
"DS12","CPR_SURVEY","skagerrak_kattegat",2012,48,48,19,"reported_datetime_available","unknown_no_frozen_tide_source"
"DS12","CPR_SURVEY","skagerrak_kattegat",2013,34,34,17,"reported_datetime_available","unknown_no_frozen_tide_source"
"DS12","CPR_SURVEY","skagerrak_kattegat",2014,49,49,16,"reported_datetime_available","unknown_no_frozen_tide_source"
"DS12","CPR_SURVEY","skagerrak_kattegat",2015,45,45,23,"reported_datetime_available","unknown_no_frozen_tide_source"
"DS12","CPR_SURVEY","skagerrak_kattegat",2016,42,42,15,"reported_datetime_available","unknown_no_frozen_tide_source"
"DS12","CPR_SURVEY","skagerrak_kattegat",2017,40,40,12,"reported_datetime_available","unknown_no_frozen_tide_source"
"DS12","CPR_SURVEY","skagerrak_kattegat",2018,51,51,15,"reported_datetime_available","unknown_no_frozen_tide_source"
"DS12","CPR_SURVEY","skagerrak_kattegat",2019,56,56,13,"reported_datetime_available","unknown_no_frozen_tide_source"
"DS12","CPR_SURVEY","skagerrak_kattegat",2020,6,6,6,"reported_datetime_available","unknown_no_frozen_tide_source"
"DS12","CPR_SURVEY","southern_and_central_north_sea",1946,412,412,24,"reported_datetime_available","unknown_no_frozen_tide_source"
"DS12","CPR_SURVEY","southern_and_central_north_sea",1947,750,750,24,"reported_datetime_available","unknown_no_frozen_tide_source"
"DS12","CPR_SURVEY","southern_and_central_north_sea",1948,851,851,24,"reported_datetime_available","unknown_no_frozen_tide_source"
"DS12","CPR_SURVEY","southern_and_central_north_sea",1949,795,795,24,"reported_datetime_available","unknown_no_frozen_tide_source"
"DS12","CPR_SURVEY","southern_and_central_north_sea",1950,819,819,24,"reported_datetime_available","unknown_no_frozen_tide_source"
"DS12","CPR_SURVEY","southern_and_central_north_sea",1951,767,767,24,"reported_datetime_available","unknown_no_frozen_tide_source"
"DS12","CPR_SURVEY","southern_and_central_north_sea",1952,829,829,24,"reported_datetime_available","unknown_no_frozen_tide_source"
"DS12","CPR_SURVEY","southern_and_central_north_sea",1953,881,881,24,"reported_datetime_available","unknown_no_frozen_tide_source"
"DS12","CPR_SURVEY","southern_and_central_north_sea",1954,920,920,24,"reported_datetime_available","unknown_no_frozen_tide_source"
"DS12","CPR_SURVEY","southern_and_central_north_sea",1955,692,692,24,"reported_datetime_available","unknown_no_frozen_tide_source"
"DS12","CPR_SURVEY","southern_and_central_north_sea",1956,882,882,24,"reported_datetime_available","unknown_no_frozen_tide_source"
"DS12","CPR_SURVEY","southern_and_central_north_sea",1957,938,938,24,"reported_datetime_available","unknown_no_frozen_tide_source"
"DS12","CPR_SURVEY","southern_and_central_north_sea",1958,849,849,24,"reported_datetime_available","unknown_no_frozen_tide_source"
"DS12","CPR_SURVEY","southern_and_central_north_sea",1959,957,957,24,"reported_datetime_available","unknown_no_frozen_tide_source"
"DS12","CPR_SURVEY","southern_and_central_north_sea",1960,966,966,24,"reported_datetime_available","unknown_no_frozen_tide_source"
"DS12","CPR_SURVEY","southern_and_central_north_sea",1961,940,940,24,"reported_datetime_available","unknown_no_frozen_tide_source"
"DS12","CPR_SURVEY","southern_and_central_north_sea",1962,947,947,24,"reported_datetime_available","unknown_no_frozen_tide_source"
"DS12","CPR_SURVEY","southern_and_central_north_sea",1963,1028,1028,24,"reported_datetime_available","unknown_no_frozen_tide_source"
"DS12","CPR_SURVEY","southern_and_central_north_sea",1964,965,965,24,"reported_datetime_available","unknown_no_frozen_tide_source"
"DS12","CPR_SURVEY","southern_and_central_north_sea",1965,1142,1142,24,"reported_datetime_available","unknown_no_frozen_tide_source"
"DS12","CPR_SURVEY","southern_and_central_north_sea",1966,1036,1036,24,"reported_datetime_available","unknown_no_frozen_tide_source"
"DS12","CPR_SURVEY","southern_and_central_north_sea",1967,1015,1015,24,"reported_datetime_available","unknown_no_frozen_tide_source"
"DS12","CPR_SURVEY","southern_and_central_north_sea",1968,1115,1115,24,"reported_datetime_available","unknown_no_frozen_tide_source"
"DS12","CPR_SURVEY","southern_and_central_north_sea",1969,1148,1148,24,"reported_datetime_available","unknown_no_frozen_tide_source"
"DS12","CPR_SURVEY","southern_and_central_north_sea",1970,1020,1020,24,"reported_datetime_available","unknown_no_frozen_tide_source"
"DS12","CPR_SURVEY","southern_and_central_north_sea",1971,1217,1217,24,"reported_datetime_available","unknown_no_frozen_tide_source"
"DS12","CPR_SURVEY","southern_and_central_north_sea",1972,1040,1040,24,"reported_datetime_available","unknown_no_frozen_tide_source"
"DS12","CPR_SURVEY","southern_and_central_north_sea",1973,1062,1062,24,"reported_datetime_available","unknown_no_frozen_tide_source"
"DS12","CPR_SURVEY","southern_and_central_north_sea",1974,996,996,24,"reported_datetime_available","unknown_no_frozen_tide_source"
"DS12","CPR_SURVEY","southern_and_central_north_sea",1975,923,923,24,"reported_datetime_available","unknown_no_frozen_tide_source"
"DS12","CPR_SURVEY","southern_and_central_north_sea",1976,924,924,24,"reported_datetime_available","unknown_no_frozen_tide_source"
"DS12","CPR_SURVEY","southern_and_central_north_sea",1977,964,964,24,"reported_datetime_available","unknown_no_frozen_tide_source"
"DS12","CPR_SURVEY","southern_and_central_north_sea",1978,646,646,24,"reported_datetime_available","unknown_no_frozen_tide_source"
"DS12","CPR_SURVEY","southern_and_central_north_sea",1979,662,662,24,"reported_datetime_available","unknown_no_frozen_tide_source"
"DS12","CPR_SURVEY","southern_and_central_north_sea",1980,740,740,24,"reported_datetime_available","unknown_no_frozen_tide_source"
"DS12","CPR_SURVEY","southern_and_central_north_sea",1981,978,978,24,"reported_datetime_available","unknown_no_frozen_tide_source"
"DS12","CPR_SURVEY","southern_and_central_north_sea",1982,701,701,24,"reported_datetime_available","unknown_no_frozen_tide_source"
"DS12","CPR_SURVEY","southern_and_central_north_sea",1983,848,848,24,"reported_datetime_available","unknown_no_frozen_tide_source"
"DS12","CPR_SURVEY","southern_and_central_north_sea",1984,717,717,24,"reported_datetime_available","unknown_no_frozen_tide_source"
"DS12","CPR_SURVEY","southern_and_central_north_sea",1985,1025,1025,24,"reported_datetime_available","unknown_no_frozen_tide_source"
"DS12","CPR_SURVEY","southern_and_central_north_sea",1986,985,985,24,"reported_datetime_available","unknown_no_frozen_tide_source"
"DS12","CPR_SURVEY","southern_and_central_north_sea",1987,870,870,24,"reported_datetime_available","unknown_no_frozen_tide_source"
"DS12","CPR_SURVEY","southern_and_central_north_sea",1988,996,996,24,"reported_datetime_available","unknown_no_frozen_tide_source"
"DS12","CPR_SURVEY","southern_and_central_north_sea",1989,804,804,24,"reported_datetime_available","unknown_no_frozen_tide_source"
"DS12","CPR_SURVEY","southern_and_central_north_sea",1990,760,760,24,"reported_datetime_available","unknown_no_frozen_tide_source"
"DS12","CPR_SURVEY","southern_and_central_north_sea",1991,937,937,24,"reported_datetime_available","unknown_no_frozen_tide_source"
"DS12","CPR_SURVEY","southern_and_central_north_sea",1992,937,937,24,"reported_datetime_available","unknown_no_frozen_tide_source"
"DS12","CPR_SURVEY","southern_and_central_north_sea",1993,1055,1055,24,"reported_datetime_available","unknown_no_frozen_tide_source"
"DS12","CPR_SURVEY","southern_and_central_north_sea",1994,972,972,24,"reported_datetime_available","unknown_no_frozen_tide_source"
"DS12","CPR_SURVEY","southern_and_central_north_sea",1995,955,955,24,"reported_datetime_available","unknown_no_frozen_tide_source"
"DS12","CPR_SURVEY","southern_and_central_north_sea",1996,908,908,24,"reported_datetime_available","unknown_no_frozen_tide_source"
"DS12","CPR_SURVEY","southern_and_central_north_sea",1997,1094,1094,24,"reported_datetime_available","unknown_no_frozen_tide_source"
"DS12","CPR_SURVEY","southern_and_central_north_sea",1998,932,932,24,"reported_datetime_available","unknown_no_frozen_tide_source"
"DS12","CPR_SURVEY","southern_and_central_north_sea",1999,1019,1019,24,"reported_datetime_available","unknown_no_frozen_tide_source"
"DS12","CPR_SURVEY","southern_and_central_north_sea",2000,909,909,24,"reported_datetime_available","unknown_no_frozen_tide_source"
"DS12","CPR_SURVEY","southern_and_central_north_sea",2001,1088,1088,24,"reported_datetime_available","unknown_no_frozen_tide_source"
"DS12","CPR_SURVEY","southern_and_central_north_sea",2002,1042,1042,24,"reported_datetime_available","unknown_no_frozen_tide_source"
"DS12","CPR_SURVEY","southern_and_central_north_sea",2003,961,961,24,"reported_datetime_available","unknown_no_frozen_tide_source"
"DS12","CPR_SURVEY","southern_and_central_north_sea",2004,1115,1115,24,"reported_datetime_available","unknown_no_frozen_tide_source"
"DS12","CPR_SURVEY","southern_and_central_north_sea",2005,1111,1111,24,"reported_datetime_available","unknown_no_frozen_tide_source"
"DS12","CPR_SURVEY","southern_and_central_north_sea",2006,1062,1062,24,"reported_datetime_available","unknown_no_frozen_tide_source"
"DS12","CPR_SURVEY","southern_and_central_north_sea",2007,957,957,24,"reported_datetime_available","unknown_no_frozen_tide_source"
"DS12","CPR_SURVEY","southern_and_central_north_sea",2008,1100,1100,24,"reported_datetime_available","unknown_no_frozen_tide_source"
"DS12","CPR_SURVEY","southern_and_central_north_sea",2009,1021,1021,24,"reported_datetime_available","unknown_no_frozen_tide_source"
"DS12","CPR_SURVEY","southern_and_central_north_sea",2010,1061,1061,24,"reported_datetime_available","unknown_no_frozen_tide_source"
"DS12","CPR_SURVEY","southern_and_central_north_sea",2011,1079,1079,24,"reported_datetime_available","unknown_no_frozen_tide_source"
"DS12","CPR_SURVEY","southern_and_central_north_sea",2012,1029,1029,24,"reported_datetime_available","unknown_no_frozen_tide_source"
"DS12","CPR_SURVEY","southern_and_central_north_sea",2013,1135,1135,24,"reported_datetime_available","unknown_no_frozen_tide_source"
"DS12","CPR_SURVEY","southern_and_central_north_sea",2014,1269,1269,24,"reported_datetime_available","unknown_no_frozen_tide_source"
"DS12","CPR_SURVEY","southern_and_central_north_sea",2015,1185,1185,24,"reported_datetime_available","unknown_no_frozen_tide_source"
"DS12","CPR_SURVEY","southern_and_central_north_sea",2016,1249,1249,24,"reported_datetime_available","unknown_no_frozen_tide_source"
"DS12","CPR_SURVEY","southern_and_central_north_sea",2017,1018,1018,24,"reported_datetime_available","unknown_no_frozen_tide_source"
"DS12","CPR_SURVEY","southern_and_central_north_sea",2018,996,996,24,"reported_datetime_available","unknown_no_frozen_tide_source"
"DS12","CPR_SURVEY","southern_and_central_north_sea",2019,1017,1017,24,"reported_datetime_available","unknown_no_frozen_tide_source"
"DS12","CPR_SURVEY","southern_and_central_north_sea",2020,91,91,23,"reported_datetime_available","unknown_no_frozen_tide_source"
"DS16","MSS_STONEHAVEN","southern_and_central_north_sea",2000,49,49,1,"reported_datetime_available","unknown_no_frozen_tide_source"
"DS16","MSS_STONEHAVEN","southern_and_central_north_sea",2001,44,44,1,"reported_datetime_available","unknown_no_frozen_tide_source"
"DS16","MSS_STONEHAVEN","southern_and_central_north_sea",2002,42,42,1,"reported_datetime_available","unknown_no_frozen_tide_source"
"DS16","MSS_STONEHAVEN","southern_and_central_north_sea",2003,44,44,1,"reported_datetime_available","unknown_no_frozen_tide_source"
"DS16","MSS_STONEHAVEN","southern_and_central_north_sea",2004,42,42,1,"reported_datetime_available","unknown_no_frozen_tide_source"
"DS16","MSS_STONEHAVEN","southern_and_central_north_sea",2005,46,46,1,"reported_datetime_available","unknown_no_frozen_tide_source"
"DS16","MSS_STONEHAVEN","southern_and_central_north_sea",2006,46,46,1,"reported_datetime_available","unknown_no_frozen_tide_source"
"DS16","MSS_STONEHAVEN","southern_and_central_north_sea",2007,44,44,1,"reported_datetime_available","unknown_no_frozen_tide_source"
"DS16","MSS_STONEHAVEN","southern_and_central_north_sea",2008,48,48,1,"reported_datetime_available","unknown_no_frozen_tide_source"
"DS16","MSS_STONEHAVEN","southern_and_central_north_sea",2009,44,44,1,"reported_datetime_available","unknown_no_frozen_tide_source"
"DS16","MSS_STONEHAVEN","southern_and_central_north_sea",2010,44,44,1,"reported_datetime_available","unknown_no_frozen_tide_source"
"DS16","MSS_STONEHAVEN","southern_and_central_north_sea",2011,39,39,1,"reported_datetime_available","unknown_no_frozen_tide_source"
"DS16","MSS_STONEHAVEN","southern_and_central_north_sea",2012,38,38,1,"reported_datetime_available","unknown_no_frozen_tide_source"
"DS16","MSS_STONEHAVEN","southern_and_central_north_sea",2013,41,41,1,"reported_datetime_available","unknown_no_frozen_tide_source"
"DS16","MSS_STONEHAVEN","southern_and_central_north_sea",2014,44,44,1,"reported_datetime_available","unknown_no_frozen_tide_source"
"DS16","MSS_STONEHAVEN","southern_and_central_north_sea",2015,42,42,1,"reported_datetime_available","unknown_no_frozen_tide_source"
"DS16","MSS_STONEHAVEN","southern_and_central_north_sea",2016,46,46,1,"reported_datetime_available","unknown_no_frozen_tide_source"
"DS16","MSS_STONEHAVEN","southern_and_central_north_sea",2017,38,38,1,"reported_datetime_available","unknown_no_frozen_tide_source"
"DS16","MSS_STONEHAVEN","southern_and_central_north_sea",2018,41,41,1,"reported_datetime_available","unknown_no_frozen_tide_source"
"DS16","MSS_STONEHAVEN","southern_and_central_north_sea",2019,43,43,1,"reported_datetime_available","unknown_no_frozen_tide_source"
"DS24","ICES_OSPAR_COMP4","outside_or_invalid",2014,4114,4114,24,"reported_datetime_available","unknown_no_frozen_tide_source"
"DS24","ICES_OSPAR_COMP4","outside_or_invalid",2015,68964,68964,24,"reported_datetime_available","unknown_no_frozen_tide_source"
"DS24","ICES_OSPAR_COMP4","outside_or_invalid",2016,17180,17180,24,"reported_datetime_available","unknown_no_frozen_tide_source"
"DS24","ICES_OSPAR_COMP4","outside_or_invalid",2017,7122,7122,24,"reported_datetime_available","unknown_no_frozen_tide_source"
"DS24","ICES_OSPAR_COMP4","outside_or_invalid",2018,1963,1963,24,"reported_datetime_available","unknown_no_frozen_tide_source"
"DS24","ICES_OSPAR_COMP4","outside_or_invalid",2019,52093,52093,24,"reported_datetime_available","unknown_no_frozen_tide_source"
"DS24","ICES_OSPAR_COMP4","outside_or_invalid",2020,31418,31418,24,"reported_datetime_available","unknown_no_frozen_tide_source"
"DS24","ICES_OSPAR_COMP4","skagerrak_kattegat",2014,161,161,21,"reported_datetime_available","unknown_no_frozen_tide_source"
"DS24","ICES_OSPAR_COMP4","skagerrak_kattegat",2015,1831,1831,24,"reported_datetime_available","unknown_no_frozen_tide_source"
"DS24","ICES_OSPAR_COMP4","skagerrak_kattegat",2016,1926,1926,24,"reported_datetime_available","unknown_no_frozen_tide_source"
"DS24","ICES_OSPAR_COMP4","skagerrak_kattegat",2017,1429,1429,24,"reported_datetime_available","unknown_no_frozen_tide_source"
"DS24","ICES_OSPAR_COMP4","skagerrak_kattegat",2018,1650,1650,24,"reported_datetime_available","unknown_no_frozen_tide_source"
"DS24","ICES_OSPAR_COMP4","skagerrak_kattegat",2019,1649,1649,24,"reported_datetime_available","unknown_no_frozen_tide_source"
"DS24","ICES_OSPAR_COMP4","skagerrak_kattegat",2020,1683,1683,24,"reported_datetime_available","unknown_no_frozen_tide_source"
"DS24","ICES_OSPAR_COMP4","southern_and_central_north_sea",2014,1206,1206,24,"reported_datetime_available","unknown_no_frozen_tide_source"
"DS24","ICES_OSPAR_COMP4","southern_and_central_north_sea",2015,117868,117868,24,"reported_datetime_available","unknown_no_frozen_tide_source"
"DS24","ICES_OSPAR_COMP4","southern_and_central_north_sea",2016,33629,33629,24,"reported_datetime_available","unknown_no_frozen_tide_source"
"DS24","ICES_OSPAR_COMP4","southern_and_central_north_sea",2017,12623,12623,24,"reported_datetime_available","unknown_no_frozen_tide_source"
"DS24","ICES_OSPAR_COMP4","southern_and_central_north_sea",2018,7525,7525,24,"reported_datetime_available","unknown_no_frozen_tide_source"
"DS24","ICES_OSPAR_COMP4","southern_and_central_north_sea",2019,75113,75113,24,"reported_datetime_available","unknown_no_frozen_tide_source"
"DS24","ICES_OSPAR_COMP4","southern_and_central_north_sea",2020,65727,65727,24,"reported_datetime_available","unknown_no_frozen_tide_source"
"DS26","SMHI_IFCB","skagerrak_kattegat",2016,2743,2743,24,"reported_datetime_available","unknown_no_frozen_tide_source"
"DS26","SMHI_IFCB","skagerrak_kattegat",2022,80,80,22,"reported_datetime_available","unknown_no_frozen_tide_source"
"DS26","SMHI_IFCB","skagerrak_kattegat",2023,665,665,24,"reported_datetime_available","unknown_no_frozen_tide_source"
"DS26","SMHI_IFCB","skagerrak_kattegat",2024,373,373,24,"reported_datetime_available","unknown_no_frozen_tide_source"
"DS26","SMHI_IFCB","southern_and_central_north_sea",2022,36,36,18,"reported_datetime_available","unknown_no_frozen_tide_source"
"DS26","SMHI_IFCB","southern_and_central_north_sea",2023,153,153,24,"reported_datetime_available","unknown_no_frozen_tide_source"
"DS26","SMHI_IFCB","southern_and_central_north_sea",2024,108,108,24,"reported_datetime_available","unknown_no_frozen_tide_source"
"DS27","HEREON_FERRYBOX","outside_or_invalid",2003,1,1,1,"reported_datetime_available","unknown_no_frozen_tide_source"
"DS27","HEREON_FERRYBOX","outside_or_invalid",2004,13,13,2,"reported_datetime_available","unknown_no_frozen_tide_source"
"DS27","HEREON_FERRYBOX","outside_or_invalid",2005,2,2,1,"reported_datetime_available","unknown_no_frozen_tide_source"
"DS27","HEREON_FERRYBOX","southern_and_central_north_sea",2002,199,199,9,"reported_datetime_available","unknown_no_frozen_tide_source"
"DS27","HEREON_FERRYBOX","southern_and_central_north_sea",2003,56,56,7,"reported_datetime_available","unknown_no_frozen_tide_source"
"DS27","HEREON_FERRYBOX","southern_and_central_north_sea",2004,216,216,6,"reported_datetime_available","unknown_no_frozen_tide_source"
"DS27","HEREON_FERRYBOX","southern_and_central_north_sea",2005,192,192,6,"reported_datetime_available","unknown_no_frozen_tide_source"
