"provider_dataset_id","provider_version","raw_relative_path","source_rows","unique_sample_ids","unique_dates","earliest_date","latest_date","unique_stations","core_rows","external_transfer_rows","outside_domain_rows","carbon_rows","biovolume_rows","abundance_or_count_rows","method_metadata_rows","parameters","units"
"SHARK_Phytoplankton_1986_2007_SMHI_natdata_planktondb","2025-03-09","stage2/ds06_smhi_shark/DS06_SMHI_SHARK_20260808T191500Z/SHARK_Phytoplankton_1986_2007_SMHI_natdata_planktondb_version_2025-03-09.zip",576,4,4,"2007-02-05","2007-12-13",2,0,576,0,0,192,384,576,"# counted|Abundance|Biovolume concentration","ind/analysed sample fraction|ind/l or 100 um pieces/l|mm3/l"
"SHARK_Phytoplankton_1994_1996_SMHI_Anholt","2025-03-09","stage2/ds06_smhi_shark/DS06_SMHI_SHARK_20260808T191500Z/SHARK_Phytoplankton_1994_1996_SMHI_Anholt_version_2025-03-09.zip",404,9,9,"1994-04-12","1996-11-05",1,0,404,0,0,202,202,0,"Abundance|Biovolume concentration","ind/l or 100 um pieces/l|mm3/l"
"SHARK_Phytoplankton_1995_2001_UMSC","2025-03-09","stage2/ds06_smhi_shark/DS06_SMHI_SHARK_20260808T191500Z/SHARK_Phytoplankton_1995_2001_UMSC_version_2025-03-09.zip",6628,201,196,"1995-01-10","2001-12-06",4,0,0,6628,0,3311,3317,6628,"Abundance|Biovolume concentration","ind/l or 100 um pieces/l|mm3/l"
"SHARK_Phytoplankton_1997_SMHI_Anholt","2025-03-09","stage2/ds06_smhi_shark/DS06_SMHI_SHARK_20260808T191500Z/SHARK_Phytoplankton_1997_SMHI_Anholt_version_2025-03-09.zip",1392,18,18,"1997-01-25","1997-12-16",1,0,1392,0,0,464,928,1392,"# counted|Abundance|Biovolume concentration","ind/analysed sample fraction|ind/l or 100 um pieces/l|mm3/l"
"SHARK_Phytoplankton_1999_SUSE","2025-03-09","stage2/ds06_smhi_shark/DS06_SMHI_SHARK_20260808T191500Z/SHARK_Phytoplankton_1999_SUSE_version_2025-03-09.zip",2617,34,23,"1999-02-24","1999-12-14",3,0,0,2617,0,1295,1322,2617,"Abundance|Biovolume concentration","ind/l or 100 um pieces/l|mm3/l"
"SHARK_Phytoplankton_2000_SMHI_Anholt","2025-03-09","stage2/ds06_smhi_shark/DS06_SMHI_SHARK_20260808T191500Z/SHARK_Phytoplankton_2000_SMHI_Anholt_version_2025-03-09.zip",1734,23,23,"2000-01-22","2000-12-16",1,0,1734,0,578,578,578,1734,"Abundance|Biovolume concentration|Carbon concentration","ind/l or 100 um pieces/l|mm3/l|ugC/l"
"SHARK_Phytoplankton_2000_SUSE","2025-03-09","stage2/ds06_smhi_shark/DS06_SMHI_SHARK_20260808T191500Z/SHARK_Phytoplankton_2000_SUSE_version_2025-03-09.zip",2574,35,26,"2000-01-18","2000-12-07",3,0,0,2574,0,1281,1293,2574,"Abundance|Biovolume concentration","ind/l or 100 um pieces/l|mm3/l"
"SHARK_Phytoplankton_2001_SMHI_A17","2025-03-09","stage2/ds06_smhi_shark/DS06_SMHI_SHARK_20260808T191500Z/SHARK_Phytoplankton_2001_SMHI_A17_version_2025-03-09.zip",1122,12,12,"2001-01-15","2001-12-13",1,0,1122,0,279,281,562,1122,"# counted|Abundance|Biovolume concentration|Carbon concentration","ind/analysed sample fraction|ind/l or 100 um pieces/l|mm3/l|ugC/l"
"SHARK_Phytoplankton_2001_SMHI_Anholt","2025-03-09","stage2/ds06_smhi_shark/DS06_SMHI_SHARK_20260808T191500Z/SHARK_Phytoplankton_2001_SMHI_Anholt_version_2025-03-09.zip",1555,21,21,"2001-01-16","2001-12-12",1,0,1555,0,774,0,781,1555,"Abundance|Carbon concentration","ind/l or 100 um pieces/l|ugC/l"
"SHARK_Phytoplankton_2001_SUSE","2025-03-09","stage2/ds06_smhi_shark/DS06_SMHI_SHARK_20260808T191500Z/SHARK_Phytoplankton_2001_SUSE_version_2025-03-09.zip",2384,36,26,"2001-01-17","2001-12-12",3,0,0,2384,0,1192,1192,2384,"Abundance|Biovolume concentration","ind/l or 100 um pieces/l|mm3/l"
"SHARK_Phytoplankton_2002_SMHI","2025-03-09","stage2/ds06_smhi_shark/DS06_SMHI_SHARK_20260808T191500Z/SHARK_Phytoplankton_2002_SMHI_version_2025-03-09.zip",3642,35,35,"2002-01-11","2002-12-12",2,0,3642,0,909,911,1822,3642,"# counted|Abundance|Biovolume concentration|Carbon concentration","ind/analysed sample fraction|ind/l or 100 um pieces/l|mm3/l|ugC/l"
"SHARK_Phytoplankton_2002_SMHI_HABILE","2025-03-09","stage2/ds06_smhi_shark/DS06_SMHI_SHARK_20260808T191500Z/SHARK_Phytoplankton_2002_SMHI_HABILE_version_2025-03-09.zip",9622,93,20,"2002-01-12","2002-12-11",2,0,9622,0,0,0,9622,9622,"# counted|Abundance","ind/analysed sample fraction|ind/l or 100 um pieces/l"
"SHARK_Phytoplankton_2002_SUSE","2025-03-09","stage2/ds06_smhi_shark/DS06_SMHI_SHARK_20260808T191500Z/SHARK_Phytoplankton_2002_SUSE_version_2025-03-09.zip",1896,33,27,"2002-01-13","2002-12-10",3,0,0,1896,0,948,948,1896,"Abundance|Biovolume concentration","ind/l or 100 um pieces/l|mm3/l"
"SHARK_Phytoplankton_2002_UMSC","2025-03-09","stage2/ds06_smhi_shark/DS06_SMHI_SHARK_20260808T191500Z/SHARK_Phytoplankton_2002_UMSC_version_2025-03-09.zip",1854,24,24,"2002-01-15","2002-12-05",4,0,0,1854,612,0,1242,1854,"# counted|Abundance|Carbon concentration","ind/analysed sample fraction|ind/l or 100 um pieces/l|ugC/l"
"SHARK_Phytoplankton_2003_SMHI","2025-03-09","stage2/ds06_smhi_shark/DS06_SMHI_SHARK_20260808T191500Z/SHARK_Phytoplankton_2003_SMHI_version_2025-03-09.zip",1262,24,24,"2003-01-19","2003-12-10",1,0,1262,0,624,0,638,1262,"Abundance|Carbon concentration","ind/l or 100 um pieces/l|ugC/l"
"SHARK_Phytoplankton_2003_SMHI_A17","2025-03-09","stage2/ds06_smhi_shark/DS06_SMHI_SHARK_20260808T191500Z/SHARK_Phytoplankton_2003_SMHI_A17_version_2025-03-09.zip",1362,13,13,"2003-01-13","2003-12-11",1,0,1362,0,339,341,682,1362,"# counted|Abundance|Biovolume concentration|Carbon concentration","ind/analysed sample fraction|ind/l or 100 um pieces/l|mm3/l|ugC/l"
"SHARK_Phytoplankton_2003_SUSE","2025-03-09","stage2/ds06_smhi_shark/DS06_SMHI_SHARK_20260808T191500Z/SHARK_Phytoplankton_2003_SUSE_version_2025-03-09.zip",2136,39,34,"2003-01-15","2003-12-09",3,0,0,2136,0,1068,1068,2136,"Abundance|Biovolume concentration","ind/l or 100 um pieces/l|mm3/l"
"SHARK_Phytoplankton_2003_UMSC","2025-03-09","stage2/ds06_smhi_shark/DS06_SMHI_SHARK_20260808T191500Z/SHARK_Phytoplankton_2003_UMSC_version_2025-03-09.zip",2159,24,24,"2003-01-13","2003-12-03",3,0,0,2159,717,0,1442,2159,"# counted|Abundance|Carbon concentration","ind/analysed sample fraction|ind/l or 100 um pieces/l|ugC/l"
"SHARK_Phytoplankton_2004_SMHI","2025-03-09","stage2/ds06_smhi_shark/DS06_SMHI_SHARK_20260808T191500Z/SHARK_Phytoplankton_2004_SMHI_version_2025-03-09.zip",4411,37,37,"2004-01-12","2004-12-09",2,0,4411,0,1102,1103,2206,4411,"# counted|Abundance|Biovolume concentration|Carbon concentration","ind/analysed sample fraction|ind/l or 100 um pieces/l|mm3/l|ugC/l"
"SHARK_Phytoplankton_2004_SUSE","2025-03-09","stage2/ds06_smhi_shark/DS06_SMHI_SHARK_20260808T191500Z/SHARK_Phytoplankton_2004_SUSE_version_2025-03-09.zip",2468,39,33,"2004-01-14","2004-12-08",3,0,0,2468,0,1234,1234,2468,"Abundance|Biovolume concentration","ind/l or 100 um pieces/l|mm3/l"
"SHARK_Phytoplankton_2004_UMSC","2025-03-09","stage2/ds06_smhi_shark/DS06_SMHI_SHARK_20260808T191500Z/SHARK_Phytoplankton_2004_UMSC_version_2025-03-09.zip",1713,16,16,"2004-01-23","2004-11-04",3,0,0,1713,571,0,1142,1713,"# counted|Abundance|Carbon concentration","ind/analysed sample fraction|ind/l or 100 um pieces/l|ugC/l"
"SHARK_Phytoplankton_2005_SMHI","2025-03-09","stage2/ds06_smhi_shark/DS06_SMHI_SHARK_20260808T191500Z/SHARK_Phytoplankton_2005_SMHI_version_2025-03-09.zip",4028,35,35,"2005-01-17","2005-12-15",2,0,4028,0,1007,1007,2014,4028,"# counted|Abundance|Biovolume concentration|Carbon concentration","ind/analysed sample fraction|ind/l or 100 um pieces/l|mm3/l|ugC/l"
"SHARK_Phytoplankton_2005_SUSE","2025-03-09","stage2/ds06_smhi_shark/DS06_SMHI_SHARK_20260808T191500Z/SHARK_Phytoplankton_2005_SUSE_version_2025-03-09.zip",2600,38,32,"2005-01-19","2005-12-13",3,0,0,2600,0,1300,1300,2600,"Abundance|Biovolume concentration","ind/l or 100 um pieces/l|mm3/l"
"SHARK_Phytoplankton_2005_UMSC","2025-03-09","stage2/ds06_smhi_shark/DS06_SMHI_SHARK_20260808T191500Z/SHARK_Phytoplankton_2005_UMSC_version_2025-03-09.zip",1219,16,16,"2005-01-18","2005-12-02",2,0,0,1219,407,0,812,1219,"# counted|Abundance|Carbon concentration","ind/analysed sample fraction|ind/l or 100 um pieces/l|ugC/l"
"SHARK_Phytoplankton_2006_SMHI","2025-03-09","stage2/ds06_smhi_shark/DS06_SMHI_SHARK_20260808T191500Z/SHARK_Phytoplankton_2006_SMHI_version_2025-03-09.zip",4158,36,35,"2006-01-16","2006-12-14",2,0,4158,0,0,1386,2772,4158,"# counted|Abundance|Biovolume concentration","ind/analysed sample fraction|ind/l or 100 um pieces/l|mm3/l"
"SHARK_Phytoplankton_2006_SUSE","2025-03-09","stage2/ds06_smhi_shark/DS06_SMHI_SHARK_20260808T191500Z/SHARK_Phytoplankton_2006_SUSE_version_2025-03-09.zip",3609,36,32,"2006-01-18","2006-11-16",3,0,0,3609,1195,8,2406,3609,"# counted|Abundance|Biovolume concentration|Carbon concentration","ind/analysed sample fraction|ind/l or 100 um pieces/l|mm3/l|ugC/l"
"SHARK_Phytoplankton_2006_UMSC","2025-03-09","stage2/ds06_smhi_shark/DS06_SMHI_SHARK_20260808T191500Z/SHARK_Phytoplankton_2006_UMSC_version_2025-03-09.zip",1905,20,20,"2006-01-23","2006-12-06",2,0,0,1905,635,0,1270,1905,"# counted|Abundance|Carbon concentration","ind/analysed sample fraction|ind/l or 100 um pieces/l|ugC/l"
"SHARK_Phytoplankton_2007_SMHI","2025-03-09","stage2/ds06_smhi_shark/DS06_SMHI_SHARK_20260808T191500Z/SHARK_Phytoplankton_2007_SMHI_version_2025-03-09.zip",3003,26,25,"2007-02-07","2007-11-13",2,0,3003,0,999,2,2002,3003,"# counted|Abundance|Biovolume concentration|Carbon concentration","ind/analysed sample fraction|ind/l or 100 um pieces/l|mm3/l|ugC/l"
"SHARK_Phytoplankton_2007_SUSE","2025-03-09","stage2/ds06_smhi_shark/DS06_SMHI_SHARK_20260808T191500Z/SHARK_Phytoplankton_2007_SUSE_version_2025-03-09.zip",3723,34,28,"2007-01-16","2007-11-15",3,0,0,3723,1231,10,2482,3723,"# counted|Abundance|Biovolume concentration|Carbon concentration","ind/analysed sample fraction|ind/l or 100 um pieces/l|mm3/l|ugC/l"
"SHARK_Phytoplankton_2007_UMSC","2025-03-09","stage2/ds06_smhi_shark/DS06_SMHI_SHARK_20260808T191500Z/SHARK_Phytoplankton_2007_UMSC_version_2025-03-09.zip",2136,20,20,"2007-01-15","2007-12-18",2,0,0,2136,712,0,1424,2136,"# counted|Abundance|Carbon concentration","ind/analysed sample fraction|ind/l or 100 um pieces/l|ugC/l"
"SHARK_Phytoplankton_2008_SMHI","2025-03-09","stage2/ds06_smhi_shark/DS06_SMHI_SHARK_20260808T191500Z/SHARK_Phytoplankton_2008_SMHI_version_2025-03-09.zip",5560,38,37,"2008-01-14","2008-12-11",2,0,5560,0,1390,1390,2780,5560,"# counted|Abundance|Biovolume concentration|Carbon concentration","ind/analysed sample fraction|ind/l or 100 um pieces/l|mm3/l|ugC/l"
"SHARK_Phytoplankton_2008_SUSE","2025-03-09","stage2/ds06_smhi_shark/DS06_SMHI_SHARK_20260808T191500Z/SHARK_Phytoplankton_2008_SUSE_version_2025-03-09.zip",3957,36,27,"2008-01-16","2008-11-13",3,0,0,3957,1307,8,2642,3957,"# counted|Abundance|Biovolume concentration|Carbon concentration","ind/analysed sample fraction|ind/l or 100 um pieces/l|mm3/l|ugC/l"
"SHARK_Phytoplankton_2008_UMSC","2025-03-09","stage2/ds06_smhi_shark/DS06_SMHI_SHARK_20260808T191500Z/SHARK_Phytoplankton_2008_UMSC_version_2025-03-09.zip",2425,21,21,"2008-01-14","2008-12-03",3,0,0,2425,805,0,1620,2425,"# counted|Abundance|Carbon concentration","ind/analysed sample fraction|ind/l or 100 um pieces/l|ugC/l"
"SHARK_Phytoplankton_2009_SMHI","2025-03-09","stage2/ds06_smhi_shark/DS06_SMHI_SHARK_20260808T191500Z/SHARK_Phytoplankton_2009_SMHI_version_2025-03-09.zip",4192,38,37,"2009-01-17","2009-12-10",2,0,4192,0,1368,0,2824,0,"# counted|Abundance|Carbon concentration","ind/analysed sample fraction|ind/l or 100 um pieces/l|ugC/l"
"SHARK_Phytoplankton_2009_SUSE","2025-03-09","stage2/ds06_smhi_shark/DS06_SMHI_SHARK_20260808T191500Z/SHARK_Phytoplankton_2009_SUSE_version_2025-03-09.zip",5601,36,25,"2009-01-13","2009-11-12",3,0,0,5601,1855,6,3740,5601,"# counted|Abundance|Biovolume concentration|Carbon concentration","ind/analysed sample fraction|ind/l or 100 um pieces/l|mm3/l|ugC/l"
"SHARK_Phytoplankton_2009_UMSC","2025-03-09","stage2/ds06_smhi_shark/DS06_SMHI_SHARK_20260808T191500Z/SHARK_Phytoplankton_2009_UMSC_version_2025-03-09.zip",2296,21,21,"2009-01-12","2009-12-03",2,0,0,2296,762,0,1534,2296,"# counted|Abundance|Carbon concentration","ind/analysed sample fraction|ind/l or 100 um pieces/l|ugC/l"
"SHARK_Phytoplankton_2010_SMHI","2025-03-09","stage2/ds06_smhi_shark/DS06_SMHI_SHARK_20260808T191500Z/SHARK_Phytoplankton_2010_SMHI_version_2025-03-09.zip",6417,38,37,"2010-01-17","2010-12-07",2,0,6417,0,1612,1581,3224,0,"# counted|Abundance|Biovolume concentration|Carbon concentration","ind/analysed sample fraction|ind/l or 100 um pieces/l|mm3/l|ugC/l"
"SHARK_Phytoplankton_2010_SMHI_Ferrybox","2025-03-09","stage2/ds06_smhi_shark/DS06_SMHI_SHARK_20260808T191500Z/SHARK_Phytoplankton_2010_SMHI_Ferrybox_version_2025-03-09.zip",548,6,4,"2010-05-24","2010-06-09",1,0,206,342,176,0,372,0,"# counted|Abundance|Carbon concentration","ind/analysed sample fraction|ind/l or 100 um pieces/l|ugC/l"
"SHARK_Phytoplankton_2010_SUSE","2025-03-09","stage2/ds06_smhi_shark/DS06_SMHI_SHARK_20260808T191500Z/SHARK_Phytoplankton_2010_SUSE_version_2025-03-09.zip",5484,82,32,"2010-01-19","2010-12-06",3,0,0,5484,1819,9,3656,5484,"# counted|Abundance|Biovolume concentration|Carbon concentration","ind/analysed sample fraction|ind/l or 100 um pieces/l|mm3/l|ugC/l"
"SHARK_Phytoplankton_2010_UMSC","2025-03-09","stage2/ds06_smhi_shark/DS06_SMHI_SHARK_20260808T191500Z/SHARK_Phytoplankton_2010_UMSC_version_2025-03-09.zip",2190,20,20,"2010-01-20","2010-12-09",2,0,0,2190,722,0,1468,2190,"# counted|Abundance|Carbon concentration","ind/analysed sample fraction|ind/l or 100 um pieces/l|ugC/l"
"SHARK_Phytoplankton_2011_SMHI","2025-03-09","stage2/ds06_smhi_shark/DS06_SMHI_SHARK_20260808T191500Z/SHARK_Phytoplankton_2011_SMHI_version_2025-03-09.zip",4584,29,28,"2011-01-10","2011-12-16",2,0,4584,0,1522,0,3062,4584,"# counted|Abundance|Carbon concentration","ind/analysed sample fraction|ind/l or 100 um pieces/l|ugC/l"
"SHARK_Phytoplankton_2011_SUSE","2025-03-09","stage2/ds06_smhi_shark/DS06_SMHI_SHARK_20260808T191500Z/SHARK_Phytoplankton_2011_SUSE_version_2025-03-09.zip",4688,30,22,"2011-01-12","2011-12-08",3,0,0,4688,1556,6,3126,4688,"# counted|Abundance|Biovolume concentration|Carbon concentration","ind/analysed sample fraction|ind/l or 100 um pieces/l|mm3/l|ugC/l"
"SHARK_Phytoplankton_2011_UMSC","2025-03-09","stage2/ds06_smhi_shark/DS06_SMHI_SHARK_20260808T191500Z/SHARK_Phytoplankton_2011_UMSC_version_2025-03-09.zip",2908,19,19,"2011-01-19","2011-12-08",3,0,0,2908,727,727,1454,2908,"# counted|Abundance|Biovolume concentration|Carbon concentration","ind/analysed sample fraction|ind/l or 100 um pieces/l|mm3/l|ugC/l"
"SHARK_Phytoplankton_2012_SMHI","2025-03-09","stage2/ds06_smhi_shark/DS06_SMHI_SHARK_20260808T191500Z/SHARK_Phytoplankton_2012_SMHI_version_2025-03-09.zip",4296,30,27,"2012-01-09","2012-12-22",2,0,4296,0,1428,0,2868,4296,"# counted|Abundance|Carbon concentration","ind/analysed sample fraction|ind/l or 100 um pieces/l|ugC/l"
"SHARK_Phytoplankton_2012_SUSE","2025-03-09","stage2/ds06_smhi_shark/DS06_SMHI_SHARK_20260808T191500Z/SHARK_Phytoplankton_2012_SUSE_version_2025-03-09.zip",4972,24,20,"2012-01-11","2012-11-09",5,0,0,4972,1237,1245,2490,4972,"# counted|Abundance|Biovolume concentration|Carbon concentration","ind/analysed sample fraction|ind/l or 100 um pieces/l|mm3/l|ugC/l"
"SHARK_Phytoplankton_2012_UMSC","2025-03-09","stage2/ds06_smhi_shark/DS06_SMHI_SHARK_20260808T191500Z/SHARK_Phytoplankton_2012_UMSC_version_2025-03-09.zip",2910,21,21,"2012-01-17","2012-12-23",2,0,0,2910,960,0,1950,2910,"# counted|Abundance|Carbon concentration","ind/analysed sample fraction|ind/l or 100 um pieces/l|ugC/l"
"SHARK_Phytoplankton_2013_DEEP","2025-03-09","stage2/ds06_smhi_shark/DS06_SMHI_SHARK_20260808T191500Z/SHARK_Phytoplankton_2013_DEEP_version_2025-03-09.zip",5262,34,23,"2013-01-30","2013-12-17",4,0,0,5262,1314,1316,2632,5262,"# counted|Abundance|Biovolume concentration|Carbon concentration","ind/analysed sample fraction|ind/l or 100 um pieces/l|mm3/l|ugC/l"
"SHARK_Phytoplankton_2013_SMHI","2025-03-09","stage2/ds06_smhi_shark/DS06_SMHI_SHARK_20260808T191500Z/SHARK_Phytoplankton_2013_SMHI_version_2025-03-09.zip",5447,34,32,"2013-01-29","2013-12-18",2,0,5447,0,1802,1,3644,5447,"# counted|Abundance|Biovolume concentration|Carbon concentration","ind/analysed sample fraction|ind/l or 100 um pieces/l|mm3/l|ugC/l"
"SHARK_Phytoplankton_2013_SMHI_TRANSPAPER","2025-03-09","stage2/ds06_smhi_shark/DS06_SMHI_SHARK_20260808T191500Z/SHARK_Phytoplankton_2013_SMHI_TRANSPAPER_version_2025-03-09.zip",3239,37,20,"2013-03-08","2013-09-20",1,0,703,2536,921,438,1880,3239,"# counted|Abundance|Biovolume concentration|Carbon concentration","ind/analysed sample fraction|ind/l or 100 um pieces/l|mm3/l|ugC/l"
"SHARK_Phytoplankton_2013_UMSC","2025-03-09","stage2/ds06_smhi_shark/DS06_SMHI_SHARK_20260808T191500Z/SHARK_Phytoplankton_2013_UMSC_version_2025-03-09.zip",2276,20,20,"2013-01-14","2013-12-05",2,0,0,2276,754,0,1522,2276,"# counted|Abundance|Carbon concentration","ind/analysed sample fraction|ind/l or 100 um pieces/l|ugC/l"
"SHARK_Phytoplankton_2014_DEEP","2025-03-09","stage2/ds06_smhi_shark/DS06_SMHI_SHARK_20260808T191500Z/SHARK_Phytoplankton_2014_DEEP_version_2025-03-09.zip",4008,31,24,"2014-02-10","2014-12-12",3,0,0,4008,1002,1002,2004,4008,"# counted|Abundance|Biovolume concentration|Carbon concentration","ind/analysed sample fraction|ind/l or 100 um pieces/l|mm3/l|ugC/l"
"SHARK_Phytoplankton_2014_SMHI","2025-03-09","stage2/ds06_smhi_shark/DS06_SMHI_SHARK_20260808T191500Z/SHARK_Phytoplankton_2014_SMHI_version_2025-03-09.zip",3877,23,20,"2014-02-06","2014-12-08",2,0,3877,0,1287,0,2590,3877,"# counted|Abundance|Carbon concentration","ind/analysed sample fraction|ind/l or 100 um pieces/l|ugC/l"
"SHARK_Phytoplankton_2014_UMSC","2025-03-09","stage2/ds06_smhi_shark/DS06_SMHI_SHARK_20260808T191500Z/SHARK_Phytoplankton_2014_UMSC_version_2025-03-09.zip",2363,19,19,"2014-01-14","2014-12-02",2,0,0,2363,783,0,1580,2363,"# counted|Abundance|Carbon concentration","ind/analysed sample fraction|ind/l or 100 um pieces/l|ugC/l"
"SHARK_Phytoplankton_2015_DEEP","2025-03-09","stage2/ds06_smhi_shark/DS06_SMHI_SHARK_20260808T191500Z/SHARK_Phytoplankton_2015_DEEP_version_2025-03-09.zip",3448,25,20,"2015-01-13","2015-12-10",4,0,0,3448,862,862,1724,3448,"# counted|Abundance|Biovolume concentration|Carbon concentration","ind/analysed sample fraction|ind/l or 100 um pieces/l|mm3/l|ugC/l"
"SHARK_Phytoplankton_2015_SMHI","2025-03-09","stage2/ds06_smhi_shark/DS06_SMHI_SHARK_20260808T191500Z/SHARK_Phytoplankton_2015_SMHI_version_2025-03-09.zip",4860,29,25,"2015-01-12","2015-12-11",2,0,4860,0,1602,0,3258,4860,"# counted|Abundance|Carbon concentration","ind/analysed sample fraction|ind/l or 100 um pieces/l|ugC/l"
"SHARK_Phytoplankton_2015_SMHI_ColorFantasy","2025-03-09","stage2/ds06_smhi_shark/DS06_SMHI_SHARK_20260808T191500Z/SHARK_Phytoplankton_2015_SMHI_ColorFantasy_version_2025-03-09.zip",738,9,9,"2015-02-01","2015-10-30",1,0,738,0,243,0,495,738,"# counted|Abundance|Carbon concentration","ind/analysed sample fraction|ind/l or 100 um pieces/l|ugC/l"
"SHARK_Phytoplankton_2015_SMHI_TRANSPAPER","2025-03-09","stage2/ds06_smhi_shark/DS06_SMHI_SHARK_20260808T191500Z/SHARK_Phytoplankton_2015_SMHI_TRANSPAPER_version_2025-03-09.zip",1397,20,11,"2015-06-20","2015-09-14",1,0,0,1397,453,0,944,1397,"# counted|Abundance|Carbon concentration","ind/analysed sample fraction|ind/l or 100 um pieces/l|ugC/l"
"SHARK_Phytoplankton_2015_UMSC","2025-03-09","stage2/ds06_smhi_shark/DS06_SMHI_SHARK_20260808T191500Z/SHARK_Phytoplankton_2015_UMSC_version_2025-03-09.zip",2174,18,18,"2015-01-13","2015-12-03",2,0,0,2174,720,0,1454,2174,"# counted|Abundance|Carbon concentration","ind/analysed sample fraction|ind/l or 100 um pieces/l|ugC/l"
"SHARK_Phytoplankton_2016_DEEP","2025-03-09","stage2/ds06_smhi_shark/DS06_SMHI_SHARK_20260808T191500Z/SHARK_Phytoplankton_2016_DEEP_version_2025-03-09.zip",4240,36,28,"2016-01-08","2016-12-13",3,0,0,4240,1060,1060,2120,4240,"# counted|Abundance|Biovolume concentration|Carbon concentration","ind/analysed sample fraction|ind/l or 100 um pieces/l|mm3/l|ugC/l"
"SHARK_Phytoplankton_2016_SMHI","2025-03-09","stage2/ds06_smhi_shark/DS06_SMHI_SHARK_20260808T191500Z/SHARK_Phytoplankton_2016_SMHI_version_2025-03-09.zip",5210,34,26,"2016-01-11","2016-12-12",2,0,5210,0,1726,0,3484,0,"# counted|Abundance|Carbon concentration","ind/analysed sample fraction|ind/l or 100 um pieces/l|ugC/l"
"SHARK_Phytoplankton_2016_UMSC","2025-03-09","stage2/ds06_smhi_shark/DS06_SMHI_SHARK_20260808T191500Z/SHARK_Phytoplankton_2016_UMSC_version_2025-03-09.zip",3310,20,20,"2016-01-26","2016-12-08",2,0,0,3310,825,829,1656,3310,"# counted|Abundance|Biovolume concentration|Carbon concentration","ind/analysed sample fraction|ind/l or 100 um pieces/l|mm3/l|ugC/l"
"SHARK_Phytoplankton_2017_2023_DEEP_NYKOM","2025-03-09","stage2/ds06_smhi_shark/DS06_SMHI_SHARK_20260808T191500Z/SHARK_Phytoplankton_2017_2023_DEEP_NYKOM_version_2025-03-09.zip",1576,4,4,"2020-07-14","2020-08-28",1,0,0,1576,394,394,788,1576,"# counted|Abundance|Biovolume concentration|Carbon concentration","ind/analysed sample fraction|ind/l or 100 um pieces/l|mm3/l|ugC/l"
"SHARK_Phytoplankton_2017_DEEP","2025-03-09","stage2/ds06_smhi_shark/DS06_SMHI_SHARK_20260808T191500Z/SHARK_Phytoplankton_2017_DEEP_version_2025-03-09.zip",4844,32,27,"2017-01-09","2017-12-16",3,0,0,4844,1211,1211,2422,4844,"# counted|Abundance|Biovolume concentration|Carbon concentration","ind/analysed sample fraction|ind/l or 100 um pieces/l|mm3/l|ugC/l"
"SHARK_Phytoplankton_2017_SMHI","2025-03-09","stage2/ds06_smhi_shark/DS06_SMHI_SHARK_20260808T191500Z/SHARK_Phytoplankton_2017_SMHI_version_2025-03-09.zip",6243,28,25,"2017-01-13","2017-12-19",2,0,6243,0,1561,1560,3122,0,"# counted|Abundance|Biovolume concentration|Carbon concentration","ind/analysed sample fraction|ind/l or 100 um pieces/l|mm3/l|ugC/l"
"SHARK_Phytoplankton_2017_SMHI_ColorFantasy","2025-03-09","stage2/ds06_smhi_shark/DS06_SMHI_SHARK_20260808T191500Z/SHARK_Phytoplankton_2017_SMHI_ColorFantasy_version_2025-03-09.zip",268,2,2,"2017-02-28","2017-03-06",1,0,268,0,67,67,134,0,"# counted|Abundance|Biovolume concentration|Carbon concentration","ind/analysed sample fraction|ind/l or 100 um pieces/l|mm3/l|ugC/l"
"SHARK_Phytoplankton_2017_SMHI_WEAQ_TRANSPAPER","2025-03-09","stage2/ds06_smhi_shark/DS06_SMHI_SHARK_20260808T191500Z/SHARK_Phytoplankton_2017_SMHI_WEAQ_TRANSPAPER_version_2025-03-09.zip",2762,25,13,"2017-04-08","2017-09-04",1,0,0,2762,920,0,1842,0,"# counted|Abundance|Carbon concentration","ind/analysed sample fraction|ind/l or 100 um pieces/l|ugC/l"
"SHARK_Phytoplankton_2017_UMSC","2025-03-09","stage2/ds06_smhi_shark/DS06_SMHI_SHARK_20260808T191500Z/SHARK_Phytoplankton_2017_UMSC_version_2025-03-09.zip",3716,22,21,"2017-01-16","2017-12-07",4,0,0,3716,929,929,1858,3716,"# counted|Abundance|Biovolume concentration|Carbon concentration","ind/analysed sample fraction|ind/l or 100 um pieces/l|mm3/l|ugC/l"
"SHARK_Phytoplankton_2018_2021_SLCK","2025-03-09","stage2/ds06_smhi_shark/DS06_SMHI_SHARK_20260808T191500Z/SHARK_Phytoplankton_2018_2021_SLCK_version_2025-03-09.zip",7528,163,154,"2018-03-22","2021-12-21",4,0,7528,0,1837,1837,3854,7528,"# counted|Abundance|Biovolume concentration|Carbon concentration","ind/analysed sample fraction|ind/l or 100 um pieces/l|mm3/l|ugC/l"
"SHARK_Phytoplankton_2018_BDLST","2025-03-09","stage2/ds06_smhi_shark/DS06_SMHI_SHARK_20260808T191500Z/SHARK_Phytoplankton_2018_BDLST_version_2025-03-09.zip",6004,23,6,"2018-06-13","2018-09-18",2,0,0,6004,1201,1201,3602,6004,"# counted|Abundance|Abundance class|Biovolume concentration|Carbon concentration","class|ind/analysed sample fraction|ind/l or 100 um pieces/l|mm3/l|ugC/l"
"SHARK_Phytoplankton_2018_DEEP","2025-03-09","stage2/ds06_smhi_shark/DS06_SMHI_SHARK_20260808T191500Z/SHARK_Phytoplankton_2018_DEEP_version_2025-03-09.zip",4660,30,25,"2018-01-26","2018-12-06",4,0,0,4660,1165,1165,2330,4660,"# counted|Abundance|Biovolume concentration|Carbon concentration","ind/analysed sample fraction|ind/l or 100 um pieces/l|mm3/l|ugC/l"
"SHARK_Phytoplankton_2018_DEEP_CLST_ABLST_SKVVF","2025-03-09","stage2/ds06_smhi_shark/DS06_SMHI_SHARK_20260808T191500Z/SHARK_Phytoplankton_2018_DEEP_CLST_ABLST_SKVVF_version_2025-03-09.zip",1160,5,3,"2018-07-14","2018-08-14",4,0,0,1160,290,290,580,1160,"# counted|Abundance|Biovolume concentration|Carbon concentration","ind/analysed sample fraction|ind/l or 100 um pieces/l|mm3/l|ugC/l"
"SHARK_Phytoplankton_2018_DEEP_SKVVF","2025-03-09","stage2/ds06_smhi_shark/DS06_SMHI_SHARK_20260808T191500Z/SHARK_Phytoplankton_2018_DEEP_SKVVF_version_2025-03-09.zip",7937,37,13,"2018-07-13","2018-08-16",20,0,0,7937,1967,1990,3980,7937,"# counted|Abundance|Biovolume concentration|Carbon concentration","ind/analysed sample fraction|ind/l or 100 um pieces/l|mm3/l|ugC/l"
"SHARK_Phytoplankton_2018_MEDINS_DVF","2025-03-09","stage2/ds06_smhi_shark/DS06_SMHI_SHARK_20260808T191500Z/SHARK_Phytoplankton_2018_MEDINS_DVF_version_2025-03-09.zip",659,4,1,"2018-08-07","2018-08-07",4,0,0,659,164,165,330,659,"# counted|Abundance|Biovolume concentration|Carbon concentration","ind/analysed sample fraction|ind/l or 100 um pieces/l|mm3/l|ugC/l"
"SHARK_Phytoplankton_2018_MEDINS_LVX","2025-03-09","stage2/ds06_smhi_shark/DS06_SMHI_SHARK_20260808T191500Z/SHARK_Phytoplankton_2018_MEDINS_LVX_version_2025-03-09.zip",368,3,3,"2018-06-14","2018-08-11",1,0,0,368,92,92,184,368,"# counted|Abundance|Biovolume concentration|Carbon concentration","ind/analysed sample fraction|ind/l or 100 um pieces/l|mm3/l|ugC/l"
"SHARK_Phytoplankton_2018_MEDINS_UVVVF","2025-03-09","stage2/ds06_smhi_shark/DS06_SMHI_SHARK_20260808T191500Z/SHARK_Phytoplankton_2018_MEDINS_UVVVF_version_2025-03-09.zip",943,6,3,"2018-06-28","2018-08-20",2,0,0,943,235,236,472,943,"# counted|Abundance|Biovolume concentration|Carbon concentration","ind/analysed sample fraction|ind/l or 100 um pieces/l|mm3/l|ugC/l"
"SHARK_Phytoplankton_2018_PELA_GVVF","2025-03-09","stage2/ds06_smhi_shark/DS06_SMHI_SHARK_20260808T191500Z/SHARK_Phytoplankton_2018_PELA_GVVF_version_2025-03-09.zip",192,6,3,"2018-06-15","2018-08-14",2,0,0,192,0,96,96,192,"Abundance|Biovolume concentration","ind/l or 100 um pieces/l|mm3/l"
"SHARK_Phytoplankton_2018_PELA_SVAB","2025-03-09","stage2/ds06_smhi_shark/DS06_SMHI_SHARK_20260808T191500Z/SHARK_Phytoplankton_2018_PELA_SVAB_version_2025-03-09.zip",2706,88,44,"2018-01-24","2018-12-11",7,0,0,2706,0,1353,1353,2706,"Abundance|Biovolume concentration","ind/l or 100 um pieces/l|mm3/l"
"SHARK_Phytoplankton_2018_SMHI","2025-03-09","stage2/ds06_smhi_shark/DS06_SMHI_SHARK_20260808T191500Z/SHARK_Phytoplankton_2018_SMHI_version_2025-03-09.zip",9950,41,32,"2018-01-10","2018-12-08",3,0,9950,0,2486,2488,4976,0,"# counted|Abundance|Biovolume concentration|Carbon concentration","ind/analysed sample fraction|ind/l or 100 um pieces/l|mm3/l|ugC/l"
"SHARK_Phytoplankton_2018_SMHI_BVVF","2025-03-09","stage2/ds06_smhi_shark/DS06_SMHI_SHARK_20260808T191500Z/SHARK_Phytoplankton_2018_SMHI_BVVF_version_2025-03-09.zip",21170,144,27,"2018-01-09","2018-12-05",6,0,21170,0,4001,4001,13168,0,"# counted|Abundance|Biovolume concentration|Carbon concentration","ind/analysed sample fraction|ind/l or 100 um pieces/l|mm3/l|ugC/l"
"SHARK_Phytoplankton_2018_SMHI_ColorFantasy","2025-03-09","stage2/ds06_smhi_shark/DS06_SMHI_SHARK_20260808T191500Z/SHARK_Phytoplankton_2018_SMHI_ColorFantasy_version_2025-03-09.zip",1080,10,8,"2018-06-07","2018-11-07",1,0,1080,0,270,270,540,0,"# counted|Abundance|Biovolume concentration|Carbon concentration","ind/analysed sample fraction|ind/l or 100 um pieces/l|mm3/l|ugC/l"
"SHARK_Phytoplankton_2018_SMHI_OLST","2025-03-09","stage2/ds06_smhi_shark/DS06_SMHI_SHARK_20260808T191500Z/SHARK_Phytoplankton_2018_SMHI_OLST_version_2025-03-09.zip",2855,15,10,"2018-05-02","2018-09-11",3,0,1896,959,713,714,1428,0,"# counted|Abundance|Biovolume concentration|Carbon concentration","ind/analysed sample fraction|ind/l or 100 um pieces/l|mm3/l|ugC/l"
"SHARK_Phytoplankton_2018_SMHI_SLV_biotox","2025-03-11","stage2/ds06_smhi_shark/DS06_SMHI_SHARK_20260808T191500Z/SHARK_Phytoplankton_2018_SMHI_SLV_biotox_version_2025-03-11.zip",1472,177,57,"2018-01-14","2018-12-17",5,0,1472,0,0,0,1472,0,"# counted HAB|Abundance HAB","ind/analysed sample fraction|ind/l or 100 um pieces/l"
"SHARK_Phytoplankton_2018_TOXICO_NVSKK","2025-03-09","stage2/ds06_smhi_shark/DS06_SMHI_SHARK_20260808T191500Z/SHARK_Phytoplankton_2018_TOXICO_NVSKK_version_2025-03-09.zip",657,24,12,"2018-01-04","2018-12-03",1,0,657,0,0,226,431,0,"Abundance|Abundance class|Biovolume concentration","class|ind/l or 100 um pieces/l|mm3/l"
"SHARK_Phytoplankton_2018_TOXICO_OVF","2025-03-09","stage2/ds06_smhi_shark/DS06_SMHI_SHARK_20260808T191500Z/SHARK_Phytoplankton_2018_TOXICO_OVF_version_2025-03-09.zip",986,50,23,"2018-01-18","2018-12-13",2,588,0,398,0,327,659,0,"Abundance|Abundance class|Biovolume concentration","class|ind/l or 100 um pieces/l|mm3/l"
"SHARK_Phytoplankton_2018_UMSC","2025-03-09","stage2/ds06_smhi_shark/DS06_SMHI_SHARK_20260808T191500Z/SHARK_Phytoplankton_2018_UMSC_version_2025-03-09.zip",5408,34,33,"2018-01-16","2018-12-13",7,0,0,5408,1352,1352,2704,5408,"# counted|Abundance|Biovolume concentration|Carbon concentration","ind/analysed sample fraction|ind/l or 100 um pieces/l|mm3/l|ugC/l"
"SHARK_Phytoplankton_2018_UMSC_YLST","2025-03-09","stage2/ds06_smhi_shark/DS06_SMHI_SHARK_20260808T191500Z/SHARK_Phytoplankton_2018_UMSC_YLST_version_2025-03-09.zip",5904,36,7,"2018-06-04","2018-08-01",1,0,0,5904,1476,1476,2952,5904,"# counted|Abundance|Biovolume concentration|Carbon concentration","ind/analysed sample fraction|ind/l or 100 um pieces/l|mm3/l|ugC/l"
"SHARK_Phytoplankton_2018_WEAQ_NLST","2025-03-09","stage2/ds06_smhi_shark/DS06_SMHI_SHARK_20260808T191500Z/SHARK_Phytoplankton_2018_WEAQ_NLST_version_2025-03-09.zip",5475,48,12,"2018-01-11","2018-12-06",2,0,5475,0,1100,1037,3338,0,"# counted|Abundance|Biovolume concentration|Carbon concentration","ind/analysed sample fraction|ind/l or 100 um pieces/l|mm3/l|ugC/l"
"SHARK_Phytoplankton_2018-2019_ACLST_UMEKOM","2025-03-09","stage2/ds06_smhi_shark/DS06_SMHI_SHARK_20260808T191500Z/SHARK_Phytoplankton_2018-2019_ACLST_UMEKOM_version_2025-03-09.zip",487,10,6,"2018-07-01","2019-08-23",2,0,0,487,119,184,184,487,"Abundance|Biovolume concentration|Carbon concentration","ind/l or 100 um pieces/l|mm3/l|ugC/l"
"SHARK_Phytoplankton_2019_2023_ACLST","2025-03-09","stage2/ds06_smhi_shark/DS06_SMHI_SHARK_20260808T191500Z/SHARK_Phytoplankton_2019_2023_ACLST_version_2025-03-09.zip",916,15,11,"2019-07-17","2023-07-11",3,0,0,916,228,228,460,916,"# counted|Abundance|Biovolume concentration|Carbon concentration","ind/analysed sample fraction|ind/l or 100 um pieces/l|mm3/l|ugC/l"
"SHARK_Phytoplankton_2019_DEEP","2025-03-09","stage2/ds06_smhi_shark/DS06_SMHI_SHARK_20260808T191500Z/SHARK_Phytoplankton_2019_DEEP_version_2025-03-09.zip",6816,42,35,"2019-01-11","2019-12-14",4,0,0,6816,1704,1704,3408,6816,"# counted|Abundance|Biovolume concentration|Carbon concentration","ind/analysed sample fraction|ind/l or 100 um pieces/l|mm3/l|ugC/l"
"SHARK_Phytoplankton_2019_DEEP_SKVVF","2025-03-09","stage2/ds06_smhi_shark/DS06_SMHI_SHARK_20260808T191500Z/SHARK_Phytoplankton_2019_DEEP_SKVVF_version_2025-03-09.zip",8503,42,12,"2019-07-13","2019-08-15",21,0,0,8503,2089,2138,4276,8503,"# counted|Abundance|Biovolume concentration|Carbon concentration","ind/analysed sample fraction|ind/l or 100 um pieces/l|mm3/l|ugC/l"
"SHARK_Phytoplankton_2019_MEDINS_DVVF","2025-03-09","stage2/ds06_smhi_shark/DS06_SMHI_SHARK_20260808T191500Z/SHARK_Phytoplankton_2019_MEDINS_DVVF_version_2025-03-09.zip",664,4,1,"2019-08-25","2019-08-25",4,0,0,664,166,166,332,664,"# counted|Abundance|Biovolume concentration|Carbon concentration","ind/analysed sample fraction|ind/l or 100 um pieces/l|mm3/l|ugC/l"
"SHARK_Phytoplankton_2019_MEDINS_LVVVF","2025-03-09","stage2/ds06_smhi_shark/DS06_SMHI_SHARK_20260808T191500Z/SHARK_Phytoplankton_2019_MEDINS_LVVVF_version_2025-03-09.zip",376,4,3,"2019-06-19","2019-08-13",1,0,0,376,94,94,188,376,"# counted|Abundance|Biovolume concentration|Carbon concentration","ind/analysed sample fraction|ind/l or 100 um pieces/l|mm3/l|ugC/l"
"SHARK_Phytoplankton_2019_MEDINS_MSVVF","2025-03-09","stage2/ds06_smhi_shark/DS06_SMHI_SHARK_20260808T191500Z/SHARK_Phytoplankton_2019_MEDINS_MSVVF_version_2025-03-09.zip",1056,9,6,"2019-06-11","2019-08-07",3,0,0,1056,264,264,528,0,"# counted|Abundance|Biovolume concentration|Carbon concentration","ind/analysed sample fraction|ind/l or 100 um pieces/l|mm3/l|ugC/l"
"SHARK_Phytoplankton_2019_MEDINS_NORKOM","2025-03-09","stage2/ds06_smhi_shark/DS06_SMHI_SHARK_20260808T191500Z/SHARK_Phytoplankton_2019_MEDINS_NORKOM_version_2025-03-09.zip",204,2,2,"2019-07-04","2019-08-07",1,0,0,204,51,51,102,204,"# counted|Abundance|Biovolume concentration|Carbon concentration","ind/analysed sample fraction|ind/l or 100 um pieces/l|mm3/l|ugC/l"
"SHARK_Phytoplankton_2019_MEDINS_UVVVF","2025-03-09","stage2/ds06_smhi_shark/DS06_SMHI_SHARK_20260808T191500Z/SHARK_Phytoplankton_2019_MEDINS_UVVVF_version_2025-03-09.zip",1364,8,3,"2019-07-18","2019-08-28",5,0,0,1364,341,341,682,1364,"# counted|Abundance|Biovolume concentration|Carbon concentration","ind/analysed sample fraction|ind/l or 100 um pieces/l|mm3/l|ugC/l"
"SHARK_Phytoplankton_2019_NIRAS","2025-03-09","stage2/ds06_smhi_shark/DS06_SMHI_SHARK_20260808T191500Z/SHARK_Phytoplankton_2019_NIRAS_version_2025-03-09.zip",7211,106,52,"2019-01-07","2019-12-19",8,3815,1299,2097,1401,1601,4209,0,"# counted|Abundance|Abundance class|Biovolume concentration|Carbon concentration","class|ind/analysed sample fraction|ind/l or 100 um pieces/l|mm3/l|ugC/l"
"SHARK_Phytoplankton_2019_PELA_SVAB","2025-03-09","stage2/ds06_smhi_shark/DS06_SMHI_SHARK_20260808T191500Z/SHARK_Phytoplankton_2019_PELA_SVAB_version_2025-03-09.zip",6190,87,42,"2019-01-16","2019-12-19",7,0,0,6190,1528,1554,3108,0,"# counted|Abundance|Biovolume concentration|Carbon concentration","ind/analysed sample fraction|ind/l or 100 um pieces/l|mm3/l|ugC/l"
"SHARK_Phytoplankton_2019_SMHI","2025-03-09","stage2/ds06_smhi_shark/DS06_SMHI_SHARK_20260808T191500Z/SHARK_Phytoplankton_2019_SMHI_version_2025-03-09.zip",11044,49,36,"2019-01-07","2019-12-15",3,0,11044,0,2761,2761,5522,0,"# counted|Abundance|Biovolume concentration|Carbon concentration","ind/analysed sample fraction|ind/l or 100 um pieces/l|mm3/l|ugC/l"
"SHARK_Phytoplankton_2019_SMHI_BVVF","2025-03-09","stage2/ds06_smhi_shark/DS06_SMHI_SHARK_20260808T191500Z/SHARK_Phytoplankton_2019_SMHI_BVVF_version_2025-03-09.zip",22543,144,25,"2019-01-07","2019-12-03",6,0,22543,0,4308,4309,13926,0,"# counted|Abundance|Biovolume concentration|Carbon concentration","ind/analysed sample fraction|ind/l or 100 um pieces/l|mm3/l|ugC/l"
"SHARK_Phytoplankton_2019_SMHI_ColorFantasy","2025-03-09","stage2/ds06_smhi_shark/DS06_SMHI_SHARK_20260808T191500Z/SHARK_Phytoplankton_2019_SMHI_ColorFantasy_version_2025-03-09.zip",2460,17,17,"2019-02-19","2019-12-18",1,0,2460,0,615,615,1230,0,"# counted|Abundance|Biovolume concentration|Carbon concentration","ind/analysed sample fraction|ind/l or 100 um pieces/l|mm3/l|ugC/l"
"SHARK_Phytoplankton_2019_SMHI_DNA","2025-03-09","stage2/ds06_smhi_shark/DS06_SMHI_SHARK_20260808T191500Z/SHARK_Phytoplankton_2019_SMHI_DNA_version_2025-03-09.zip",3832,15,3,"2019-05-06","2019-10-07",1,0,3832,0,958,958,1916,0,"# counted|Abundance|Biovolume concentration|Carbon concentration","ind/analysed sample fraction|ind/l or 100 um pieces/l|mm3/l|ugC/l"
"SHARK_Phytoplankton_2019_SMHI_OLST","2025-03-09","stage2/ds06_smhi_shark/DS06_SMHI_SHARK_20260808T191500Z/SHARK_Phytoplankton_2019_SMHI_OLST_version_2025-03-09.zip",3556,15,6,"2019-05-05","2019-09-01",3,0,2360,1196,889,889,1778,0,"# counted|Abundance|Biovolume concentration|Carbon concentration","ind/analysed sample fraction|ind/l or 100 um pieces/l|mm3/l|ugC/l"
"SHARK_Phytoplankton_2019_SMHI_SLV_biotox","2025-03-11","stage2/ds06_smhi_shark/DS06_SMHI_SHARK_20260808T191500Z/SHARK_Phytoplankton_2019_SMHI_SLV_biotox_version_2025-03-11.zip",1392,173,49,"2019-01-07","2019-12-16",4,0,1392,0,0,0,1392,0,"# counted HAB|Abundance HAB","ind/analysed sample fraction|ind/l or 100 um pieces/l"
"SHARK_Phytoplankton_2019_UMSC","2025-03-09","stage2/ds06_smhi_shark/DS06_SMHI_SHARK_20260808T191500Z/SHARK_Phytoplankton_2019_UMSC_version_2025-03-09.zip",6116,34,29,"2019-01-22","2019-12-10",7,0,0,6116,1529,1529,3058,6116,"# counted|Abundance|Biovolume concentration|Carbon concentration","ind/analysed sample fraction|ind/l or 100 um pieces/l|mm3/l|ugC/l"
"SHARK_Phytoplankton_2019_UMSC_DNA","2025-03-09","stage2/ds06_smhi_shark/DS06_SMHI_SHARK_20260808T191500Z/SHARK_Phytoplankton_2019_UMSC_DNA_version_2025-03-09.zip",2048,3,3,"2019-04-29","2019-08-20",2,0,0,2048,512,512,1024,2048,"# counted|Abundance|Biovolume concentration|Carbon concentration","ind/analysed sample fraction|ind/l or 100 um pieces/l|mm3/l|ugC/l"
"SHARK_Phytoplankton_2019_WEAQ_NLST","2025-03-09","stage2/ds06_smhi_shark/DS06_SMHI_SHARK_20260808T191500Z/SHARK_Phytoplankton_2019_WEAQ_NLST_version_2025-03-09.zip",6081,48,12,"2019-01-07","2019-12-04",2,0,6081,0,1122,1128,3831,0,"# counted|Abundance|Biovolume concentration|Carbon concentration","ind/analysed sample fraction|ind/l or 100 um pieces/l|mm3/l|ugC/l"
"SHARK_Phytoplankton_2020_2021_UMSC_HAV","2025-03-09","stage2/ds06_smhi_shark/DS06_SMHI_SHARK_20260808T191500Z/SHARK_Phytoplankton_2020_2021_UMSC_HAV_version_2025-03-09.zip",1028,6,3,"2020-08-20","2021-08-31",4,0,0,1028,257,257,514,1028,"# counted|Abundance|Biovolume concentration|Carbon concentration","ind/analysed sample fraction|ind/l or 100 um pieces/l|mm3/l|ugC/l"
"SHARK_Phytoplankton_2020_DEEP","2025-03-09","stage2/ds06_smhi_shark/DS06_SMHI_SHARK_20260808T191500Z/SHARK_Phytoplankton_2020_DEEP_version_2025-03-09.zip",7068,42,32,"2020-01-09","2020-12-12",4,0,0,7068,1767,1767,3534,7068,"# counted|Abundance|Biovolume concentration|Carbon concentration","ind/analysed sample fraction|ind/l or 100 um pieces/l|mm3/l|ugC/l"
"SHARK_Phytoplankton_2020_DEEP_ELST","2025-03-09","stage2/ds06_smhi_shark/DS06_SMHI_SHARK_20260808T191500Z/SHARK_Phytoplankton_2020_DEEP_ELST_version_2025-03-09.zip",3872,16,6,"2020-07-01","2020-08-20",8,0,0,3872,968,968,1936,3872,"# counted|Abundance|Biovolume concentration|Carbon concentration","ind/analysed sample fraction|ind/l or 100 um pieces/l|mm3/l|ugC/l"
"SHARK_Phytoplankton_2020_DEEP_SKVVF","2025-03-09","stage2/ds06_smhi_shark/DS06_SMHI_SHARK_20260808T191500Z/SHARK_Phytoplankton_2020_DEEP_SKVVF_version_2025-03-09.zip",11817,52,15,"2020-07-05","2020-08-18",26,0,0,11817,2952,2955,5910,11817,"# counted|Abundance|Biovolume concentration|Carbon concentration","ind/analysed sample fraction|ind/l or 100 um pieces/l|mm3/l|ugC/l"
"SHARK_Phytoplankton_2020_MEDINS_DVVF","2025-03-09","stage2/ds06_smhi_shark/DS06_SMHI_SHARK_20260808T191500Z/SHARK_Phytoplankton_2020_MEDINS_DVVF_version_2025-03-09.zip",432,3,1,"2020-08-12","2020-08-12",3,0,0,432,108,108,216,432,"# counted|Abundance|Biovolume concentration|Carbon concentration","ind/analysed sample fraction|ind/l or 100 um pieces/l|mm3/l|ugC/l"
"SHARK_Phytoplankton_2020_MEDINS_LVVF","2025-03-09","stage2/ds06_smhi_shark/DS06_SMHI_SHARK_20260808T191500Z/SHARK_Phytoplankton_2020_MEDINS_LVVF_version_2025-03-09.zip",460,4,3,"2020-07-13","2020-08-13",2,0,0,460,115,115,230,460,"# counted|Abundance|Biovolume concentration|Carbon concentration","ind/analysed sample fraction|ind/l or 100 um pieces/l|mm3/l|ugC/l"
"SHARK_Phytoplankton_2020_MEDINS_MSVVF","2025-03-09","stage2/ds06_smhi_shark/DS06_SMHI_SHARK_20260808T191500Z/SHARK_Phytoplankton_2020_MEDINS_MSVVF_version_2025-03-09.zip",1476,9,6,"2020-06-10","2020-08-20",3,0,0,1476,369,369,738,1476,"# counted|Abundance|Biovolume concentration|Carbon concentration","ind/analysed sample fraction|ind/l or 100 um pieces/l|mm3/l|ugC/l"
"SHARK_Phytoplankton_2020_MEDINS_NORKOM","2025-03-09","stage2/ds06_smhi_shark/DS06_SMHI_SHARK_20260808T191500Z/SHARK_Phytoplankton_2020_MEDINS_NORKOM_version_2025-03-09.zip",180,2,2,"2020-07-07","2020-08-17",1,0,0,180,45,45,90,180,"# counted|Abundance|Biovolume concentration|Carbon concentration","ind/analysed sample fraction|ind/l or 100 um pieces/l|mm3/l|ugC/l"
"SHARK_Phytoplankton_2020_MEDINS_UVVVF","2025-03-09","stage2/ds06_smhi_shark/DS06_SMHI_SHARK_20260808T191500Z/SHARK_Phytoplankton_2020_MEDINS_UVVVF_version_2025-03-09.zip",1643,9,2,"2020-07-13","2020-08-04",5,0,0,1643,411,410,822,1643,"# counted|Abundance|Biovolume concentration|Carbon concentration","ind/analysed sample fraction|ind/l or 100 um pieces/l|mm3/l|ugC/l"
"SHARK_Phytoplankton_2020_NIRAS_SYDVVF_VHVVF_NVSKK_OVVF","2025-03-09","stage2/ds06_smhi_shark/DS06_SMHI_SHARK_20260808T191500Z/SHARK_Phytoplankton_2020_NIRAS_SYDVVF_VHVVF_NVSKK_OVVF_version_2025-03-09.zip",6522,103,50,"2020-01-19","2020-12-16",8,3545,925,2052,1469,1433,3620,0,"# counted|Abundance|Abundance class|Biovolume concentration|Carbon concentration","class|ind/analysed sample fraction|ind/l or 100 um pieces/l|mm3/l|ugC/l"
"SHARK_Phytoplankton_2020_PELA_GVVF","2025-03-09","stage2/ds06_smhi_shark/DS06_SMHI_SHARK_20260808T191500Z/SHARK_Phytoplankton_2020_PELA_GVVF_version_2025-03-09.zip",463,6,6,"2020-06-10","2020-08-13",2,0,0,463,115,116,232,0,"# counted|Abundance|Biovolume concentration|Carbon concentration","ind/analysed sample fraction|ind/l or 100 um pieces/l|mm3/l|ugC/l"
"SHARK_Phytoplankton_2020_PELA_SVAB","2025-03-09","stage2/ds06_smhi_shark/DS06_SMHI_SHARK_20260808T191500Z/SHARK_Phytoplankton_2020_PELA_SVAB_version_2025-03-09.zip",5167,88,41,"2020-01-15","2020-12-15",7,0,0,5167,1285,1294,2588,5167,"# counted|Abundance|Biovolume concentration|Carbon concentration","ind/analysed sample fraction|ind/l or 100 um pieces/l|mm3/l|ugC/l"
"SHARK_Phytoplankton_2020_SMHI","2025-03-09","stage2/ds06_smhi_shark/DS06_SMHI_SHARK_20260808T191500Z/SHARK_Phytoplankton_2020_SMHI_version_2025-03-09.zip",13456,51,38,"2020-01-07","2020-12-14",3,0,13456,0,3364,3364,6728,0,"# counted|Abundance|Biovolume concentration|Carbon concentration","ind/analysed sample fraction|ind/l or 100 um pieces/l|mm3/l|ugC/l"
"SHARK_Phytoplankton_2020_SMHI_BVVF","2025-03-09","stage2/ds06_smhi_shark/DS06_SMHI_SHARK_20260808T191500Z/SHARK_Phytoplankton_2020_SMHI_BVVF_version_2025-03-09.zip",23360,144,28,"2020-01-06","2020-12-01",6,0,23360,0,4492,4492,14376,0,"# counted|Abundance|Biovolume concentration|Carbon concentration","ind/analysed sample fraction|ind/l or 100 um pieces/l|mm3/l|ugC/l"
"SHARK_Phytoplankton_2020_SMHI_ColorFantasy","2025-03-09","stage2/ds06_smhi_shark/DS06_SMHI_SHARK_20260808T191500Z/SHARK_Phytoplankton_2020_SMHI_ColorFantasy_version_2025-03-09.zip",3060,16,16,"2020-01-21","2020-11-02",1,0,3060,0,765,765,1530,0,"# counted|Abundance|Biovolume concentration|Carbon concentration","ind/analysed sample fraction|ind/l or 100 um pieces/l|mm3/l|ugC/l"
"SHARK_Phytoplankton_2020_SMHI_OLST","2025-03-09","stage2/ds06_smhi_shark/DS06_SMHI_SHARK_20260808T191500Z/SHARK_Phytoplankton_2020_SMHI_OLST_version_2025-03-09.zip",5906,20,10,"2020-05-04","2020-09-01",4,0,4330,1576,1476,1476,2954,0,"# counted|Abundance|Biovolume concentration|Carbon concentration","ind/analysed sample fraction|ind/l or 100 um pieces/l|mm3/l|ugC/l"
"SHARK_Phytoplankton_2020_SMHI_SLV_biotox","2025-03-11","stage2/ds06_smhi_shark/DS06_SMHI_SHARK_20260808T191500Z/SHARK_Phytoplankton_2020_SMHI_SLV_biotox_version_2025-03-11.zip",1570,214,73,"2020-01-12","2020-12-14",4,0,1570,0,0,0,1570,0,"# counted HAB|Abundance HAB","ind/analysed sample fraction|ind/l or 100 um pieces/l"
"SHARK_Phytoplankton_2020_UMSC","2025-03-09","stage2/ds06_smhi_shark/DS06_SMHI_SHARK_20260808T191500Z/SHARK_Phytoplankton_2020_UMSC_version_2025-03-09.zip",7292,40,35,"2020-01-16","2020-12-08",7,0,0,7292,1823,1823,3646,7292,"# counted|Abundance|Biovolume concentration|Carbon concentration","ind/analysed sample fraction|ind/l or 100 um pieces/l|mm3/l|ugC/l"
"SHARK_Phytoplankton_2020_UMSC_ACLST","2025-03-09","stage2/ds06_smhi_shark/DS06_SMHI_SHARK_20260808T191500Z/SHARK_Phytoplankton_2020_UMSC_ACLST_version_2025-03-09.zip",1368,8,4,"2020-07-07","2020-08-19",4,0,0,1368,342,342,684,1368,"# counted|Abundance|Biovolume concentration|Carbon concentration","ind/analysed sample fraction|ind/l or 100 um pieces/l|mm3/l|ugC/l"
"SHARK_Phytoplankton_2020_UMSC_YLST","2025-03-09","stage2/ds06_smhi_shark/DS06_SMHI_SHARK_20260808T191500Z/SHARK_Phytoplankton_2020_UMSC_YLST_version_2025-03-09.zip",1352,8,4,"2020-07-06","2020-08-17",8,0,0,1352,338,338,676,1352,"# counted|Abundance|Biovolume concentration|Carbon concentration","ind/analysed sample fraction|ind/l or 100 um pieces/l|mm3/l|ugC/l"
"SHARK_Phytoplankton_2020_WEAQ_NLST","2025-03-09","stage2/ds06_smhi_shark/DS06_SMHI_SHARK_20260808T191500Z/SHARK_Phytoplankton_2020_WEAQ_NLST_version_2025-03-09.zip",6360,49,12,"2020-01-09","2020-12-01",2,0,6360,0,1221,1223,3916,0,"# counted|Abundance|Biovolume concentration|Carbon concentration","ind/analysed sample fraction|ind/l or 100 um pieces/l|mm3/l|ugC/l"
"SHARK_Phytoplankton_2021_DEEP","2025-03-09","stage2/ds06_smhi_shark/DS06_SMHI_SHARK_20260808T191500Z/SHARK_Phytoplankton_2021_DEEP_version_2025-03-09.zip",5808,43,36,"2021-01-10","2021-12-16",4,0,0,5808,1452,1452,2904,5808,"# counted|Abundance|Biovolume concentration|Carbon concentration","ind/analysed sample fraction|ind/l or 100 um pieces/l|mm3/l|ugC/l"
"SHARK_Phytoplankton_2021_DEEP_ELST","2025-03-09","stage2/ds06_smhi_shark/DS06_SMHI_SHARK_20260808T191500Z/SHARK_Phytoplankton_2021_DEEP_ELST_version_2025-03-09.zip",3276,14,6,"2021-07-05","2021-08-20",7,0,0,3276,819,819,1638,3276,"# counted|Abundance|Biovolume concentration|Carbon concentration","ind/analysed sample fraction|ind/l or 100 um pieces/l|mm3/l|ugC/l"
"SHARK_Phytoplankton_2021_DEEP_ILST","2025-03-09","stage2/ds06_smhi_shark/DS06_SMHI_SHARK_20260808T191500Z/SHARK_Phytoplankton_2021_DEEP_ILST_version_2025-03-09.zip",556,2,2,"2021-07-01","2021-08-24",1,0,0,556,139,139,278,556,"# counted|Abundance|Biovolume concentration|Carbon concentration","ind/analysed sample fraction|ind/l or 100 um pieces/l|mm3/l|ugC/l"
"SHARK_Phytoplankton_2021_DEEP_SKVVF","2025-03-09","stage2/ds06_smhi_shark/DS06_SMHI_SHARK_20260808T191500Z/SHARK_Phytoplankton_2021_DEEP_SKVVF_version_2025-03-09.zip",11728,55,14,"2021-07-15","2021-08-24",28,0,0,11728,2932,2932,5864,11728,"# counted|Abundance|Biovolume concentration|Carbon concentration","ind/analysed sample fraction|ind/l or 100 um pieces/l|mm3/l|ugC/l"
"SHARK_Phytoplankton_2021_MEDINS_BDLST","2025-03-09","stage2/ds06_smhi_shark/DS06_SMHI_SHARK_20260808T191500Z/SHARK_Phytoplankton_2021_MEDINS_BDLST_version_2025-03-09.zip",8574,54,10,"2021-07-01","2021-08-13",27,0,0,8574,2100,2158,4316,8574,"# counted|Abundance|Biovolume concentration|Carbon concentration","ind/analysed sample fraction|ind/l or 100 um pieces/l|mm3/l|ugC/l"
"SHARK_Phytoplankton_2021_MEDINS_DVVF","2025-03-09","stage2/ds06_smhi_shark/DS06_SMHI_SHARK_20260808T191500Z/SHARK_Phytoplankton_2021_MEDINS_DVVF_version_2025-03-09.zip",811,4,1,"2021-08-24","2021-08-24",4,0,0,811,199,204,408,811,"# counted|Abundance|Biovolume concentration|Carbon concentration","ind/analysed sample fraction|ind/l or 100 um pieces/l|mm3/l|ugC/l"
"SHARK_Phytoplankton_2021_MEDINS_LVVVF","2025-03-09","stage2/ds06_smhi_shark/DS06_SMHI_SHARK_20260808T191500Z/SHARK_Phytoplankton_2021_MEDINS_LVVVF_version_2025-03-09.zip",512,4,2,"2021-07-08","2021-08-10",2,0,0,512,125,129,258,512,"# counted|Abundance|Biovolume concentration|Carbon concentration","ind/analysed sample fraction|ind/l or 100 um pieces/l|mm3/l|ugC/l"
"SHARK_Phytoplankton_2021_MEDINS_MSVVF","2025-03-09","stage2/ds06_smhi_shark/DS06_SMHI_SHARK_20260808T191500Z/SHARK_Phytoplankton_2021_MEDINS_MSVVF_version_2025-03-09.zip",1569,10,7,"2021-06-08","2021-08-11",3,0,0,1569,390,393,786,1569,"# counted|Abundance|Biovolume concentration|Carbon concentration","ind/analysed sample fraction|ind/l or 100 um pieces/l|mm3/l|ugC/l"
"SHARK_Phytoplankton_2021_MEDINS_NLST","2025-03-09","stage2/ds06_smhi_shark/DS06_SMHI_SHARK_20260808T191500Z/SHARK_Phytoplankton_2021_MEDINS_NLST_version_2025-03-09.zip",7694,48,12,"2021-01-14","2021-12-17",2,0,7694,0,1399,1399,4896,7694,"# counted|Abundance|Biovolume concentration|Carbon concentration","ind/analysed sample fraction|ind/l or 100 um pieces/l|mm3/l|ugC/l"
"SHARK_Phytoplankton_2021_MEDINS_NORKOM","2025-03-09","stage2/ds06_smhi_shark/DS06_SMHI_SHARK_20260808T191500Z/SHARK_Phytoplankton_2021_MEDINS_NORKOM_version_2025-03-09.zip",299,2,2,"2021-07-08","2021-08-04",1,0,0,299,74,75,150,299,"# counted|Abundance|Biovolume concentration|Carbon concentration","ind/analysed sample fraction|ind/l or 100 um pieces/l|mm3/l|ugC/l"
"SHARK_Phytoplankton_2021_MEDINS_UVVVF","2025-03-09","stage2/ds06_smhi_shark/DS06_SMHI_SHARK_20260808T191500Z/SHARK_Phytoplankton_2021_MEDINS_UVVVF_version_2025-03-09.zip",2195,9,2,"2021-07-11","2021-08-19",5,0,0,2195,539,552,1104,0,"# counted|Abundance|Biovolume concentration|Carbon concentration","ind/analysed sample fraction|ind/l or 100 um pieces/l|mm3/l|ugC/l"
"SHARK_Phytoplankton_2021_NIRAS","2025-03-09","stage2/ds06_smhi_shark/DS06_SMHI_SHARK_20260808T191500Z/SHARK_Phytoplankton_2021_NIRAS_version_2025-03-09.zip",2963,48,41,"2021-01-14","2021-12-14",4,0,1102,1861,664,627,1672,0,"# counted|Abundance|Abundance class|Biovolume concentration|Carbon concentration","class|ind/analysed sample fraction|ind/l or 100 um pieces/l|mm3/l|ugC/l"
"SHARK_Phytoplankton_2021_PELA_EDSVVS","2025-03-09","stage2/ds06_smhi_shark/DS06_SMHI_SHARK_20260808T191500Z/SHARK_Phytoplankton_2021_PELA_EDSVVS_version_2025-03-09.zip",180,3,3,"2021-06-09","2021-08-11",1,0,0,180,60,0,120,180,"# counted|Abundance|Carbon concentration","ind/analysed sample fraction|ind/l or 100 um pieces/l|ugC/l"
"SHARK_Phytoplankton_2021_PELA_GVVF","2025-03-09","stage2/ds06_smhi_shark/DS06_SMHI_SHARK_20260808T191500Z/SHARK_Phytoplankton_2021_PELA_GVVF_version_2025-03-09.zip",318,6,5,"2021-06-08","2021-08-27",2,0,0,318,106,0,212,318,"# counted|Abundance|Carbon concentration","ind/analysed sample fraction|ind/l or 100 um pieces/l|ugC/l"
"SHARK_Phytoplankton_2021_PELA_SVAB","2025-03-09","stage2/ds06_smhi_shark/DS06_SMHI_SHARK_20260808T191500Z/SHARK_Phytoplankton_2021_PELA_SVAB_version_2025-03-09.zip",7431,85,42,"2021-01-18","2021-12-20",7,0,0,7431,2455,0,4976,7431,"# counted|Abundance|Carbon concentration","ind/analysed sample fraction|ind/l or 100 um pieces/l|ugC/l"
"SHARK_Phytoplankton_2021_PELA_SVAB_Brunnsviken","2025-03-09","stage2/ds06_smhi_shark/DS06_SMHI_SHARK_20260808T191500Z/SHARK_Phytoplankton_2021_PELA_SVAB_Brunnsviken_version_2025-03-09.zip",288,4,2,"2021-08-11","2021-08-24",4,0,0,288,96,0,192,288,"# counted|Abundance|Carbon concentration","ind/analysed sample fraction|ind/l or 100 um pieces/l|ugC/l"
"SHARK_Phytoplankton_2021_SMHI","2025-03-09","stage2/ds06_smhi_shark/DS06_SMHI_SHARK_20260808T191500Z/SHARK_Phytoplankton_2021_SMHI_version_2025-03-09.zip",15428,55,43,"2021-01-08","2021-12-18",3,0,15428,0,3857,3857,7714,0,"# counted|Abundance|Biovolume concentration|Carbon concentration","ind/analysed sample fraction|ind/l or 100 um pieces/l|mm3/l|ugC/l"
"SHARK_Phytoplankton_2021_SMHI_BVVF","2025-03-09","stage2/ds06_smhi_shark/DS06_SMHI_SHARK_20260808T191500Z/SHARK_Phytoplankton_2021_SMHI_BVVF_version_2025-03-09.zip",25257,140,27,"2021-01-12","2021-12-07",6,0,25257,0,4856,4859,15542,0,"# counted|Abundance|Biovolume concentration|Carbon concentration","ind/analysed sample fraction|ind/l or 100 um pieces/l|mm3/l|ugC/l"
"SHARK_Phytoplankton_2021_SMHI_ColorFantasy","2025-03-09","stage2/ds06_smhi_shark/DS06_SMHI_SHARK_20260808T191500Z/SHARK_Phytoplankton_2021_SMHI_ColorFantasy_version_2025-03-09.zip",1876,11,11,"2021-06-30","2021-12-07",1,0,1876,0,469,469,938,0,"# counted|Abundance|Biovolume concentration|Carbon concentration","ind/analysed sample fraction|ind/l or 100 um pieces/l|mm3/l|ugC/l"
"SHARK_Phytoplankton_2021_SMHI_OLST","2025-03-09","stage2/ds06_smhi_shark/DS06_SMHI_SHARK_20260808T191500Z/SHARK_Phytoplankton_2021_SMHI_OLST_version_2025-03-09.zip",6424,20,10,"2021-05-03","2021-09-07",4,0,4884,1540,1606,1606,3212,0,"# counted|Abundance|Biovolume concentration|Carbon concentration","ind/analysed sample fraction|ind/l or 100 um pieces/l|mm3/l|ugC/l"
"SHARK_Phytoplankton_2021_SMHI_SLCK","2025-03-09","stage2/ds06_smhi_shark/DS06_SMHI_SHARK_20260808T191500Z/SHARK_Phytoplankton_2021_SMHI_SLCK_version_2025-03-09.zip",12535,46,46,"2021-01-11","2021-12-21",3,0,12535,0,3134,3133,6268,0,"# counted|Abundance|Biovolume concentration|Carbon concentration","ind/analysed sample fraction|ind/l or 100 um pieces/l|mm3/l|ugC/l"
"SHARK_Phytoplankton_2021_SMHI_SLV_biotox","2025-03-11","stage2/ds06_smhi_shark/DS06_SMHI_SHARK_20260808T191500Z/SHARK_Phytoplankton_2021_SMHI_SLV_biotox_version_2025-03-11.zip",2196,253,87,"2021-01-10","2021-12-13",5,0,2196,0,0,0,2196,0,"# counted HAB|Abundance HAB","ind/analysed sample fraction|ind/l or 100 um pieces/l"
"SHARK_Phytoplankton_2021_UMSC","2025-03-09","stage2/ds06_smhi_shark/DS06_SMHI_SHARK_20260808T191500Z/SHARK_Phytoplankton_2021_UMSC_version_2025-03-09.zip",7052,39,35,"2021-02-10","2021-12-13",7,0,0,7052,1763,1763,3526,7052,"# counted|Abundance|Biovolume concentration|Carbon concentration","ind/analysed sample fraction|ind/l or 100 um pieces/l|mm3/l|ugC/l"
"SHARK_Phytoplankton_2021_UMSC_ACLST","2025-03-09","stage2/ds06_smhi_shark/DS06_SMHI_SHARK_20260808T191500Z/SHARK_Phytoplankton_2021_UMSC_ACLST_version_2025-03-09.zip",1672,9,4,"2021-07-12","2021-08-27",5,0,0,1672,418,418,836,1672,"# counted|Abundance|Biovolume concentration|Carbon concentration","ind/analysed sample fraction|ind/l or 100 um pieces/l|mm3/l|ugC/l"
"SHARK_Phytoplankton_2022_DEEP","2025-03-09","stage2/ds06_smhi_shark/DS06_SMHI_SHARK_20260808T191500Z/SHARK_Phytoplankton_2022_DEEP_version_2025-03-09.zip",6180,37,27,"2022-01-12","2022-12-14",4,0,0,6180,1545,1545,3090,6180,"# counted|Abundance|Biovolume concentration|Carbon concentration","ind/analysed sample fraction|ind/l or 100 um pieces/l|mm3/l|ugC/l"
"SHARK_Phytoplankton_2022_DEEP_ELST","2025-03-09","stage2/ds06_smhi_shark/DS06_SMHI_SHARK_20260808T191500Z/SHARK_Phytoplankton_2022_DEEP_ELST_version_2025-03-09.zip",3704,15,6,"2022-07-04","2022-08-18",8,0,0,3704,926,926,1852,3704,"# counted|Abundance|Biovolume concentration|Carbon concentration","ind/analysed sample fraction|ind/l or 100 um pieces/l|mm3/l|ugC/l"
"SHARK_Phytoplankton_2022_DEEP_ILST","2025-03-09","stage2/ds06_smhi_shark/DS06_SMHI_SHARK_20260808T191500Z/SHARK_Phytoplankton_2022_DEEP_ILST_version_2025-03-09.zip",408,2,2,"2022-07-27","2022-08-23",1,0,0,408,102,102,204,408,"# counted|Abundance|Biovolume concentration|Carbon concentration","ind/analysed sample fraction|ind/l or 100 um pieces/l|mm3/l|ugC/l"
"SHARK_Phytoplankton_2022_DEEP_SKVVF","2025-03-09","stage2/ds06_smhi_shark/DS06_SMHI_SHARK_20260808T191500Z/SHARK_Phytoplankton_2022_DEEP_SKVVF_version_2025-03-09.zip",12028,57,16,"2022-07-15","2022-08-23",29,0,0,12028,3007,3007,6014,12028,"# counted|Abundance|Biovolume concentration|Carbon concentration","ind/analysed sample fraction|ind/l or 100 um pieces/l|mm3/l|ugC/l"
"SHARK_Phytoplankton_2022_MEDINS","2025-03-09","stage2/ds06_smhi_shark/DS06_SMHI_SHARK_20260808T191500Z/SHARK_Phytoplankton_2022_MEDINS_version_2025-03-09.zip",11149,44,43,"2022-01-25","2022-12-19",4,0,11149,0,2779,2790,5580,11149,"# counted|Abundance|Biovolume concentration|Carbon concentration","ind/analysed sample fraction|ind/l or 100 um pieces/l|mm3/l|ugC/l"
"SHARK_Phytoplankton_2022_MEDINS_BDLST","2025-03-09","stage2/ds06_smhi_shark/DS06_SMHI_SHARK_20260808T191500Z/SHARK_Phytoplankton_2022_MEDINS_BDLST_version_2025-03-09.zip",10070,52,11,"2022-07-01","2022-08-16",27,0,0,10070,2480,2530,5060,10070,"# counted|Abundance|Biovolume concentration|Carbon concentration","ind/analysed sample fraction|ind/l or 100 um pieces/l|mm3/l|ugC/l"
"SHARK_Phytoplankton_2022_MEDINS_DVVF","2025-03-09","stage2/ds06_smhi_shark/DS06_SMHI_SHARK_20260808T191500Z/SHARK_Phytoplankton_2022_MEDINS_DVVF_version_2025-03-09.zip",1265,5,2,"2022-06-16","2022-08-16",4,0,0,1265,314,317,634,1265,"# counted|Abundance|Biovolume concentration|Carbon concentration","ind/analysed sample fraction|ind/l or 100 um pieces/l|mm3/l|ugC/l"
"SHARK_Phytoplankton_2022_MEDINS_LVVVF","2025-03-09","stage2/ds06_smhi_shark/DS06_SMHI_SHARK_20260808T191500Z/SHARK_Phytoplankton_2022_MEDINS_LVVVF_version_2025-03-09.zip",504,4,2,"2022-07-11","2022-08-08",2,0,0,504,126,126,252,504,"# counted|Abundance|Biovolume concentration|Carbon concentration","ind/analysed sample fraction|ind/l or 100 um pieces/l|mm3/l|ugC/l"
"SHARK_Phytoplankton_2022_MEDINS_MSVVF","2025-03-09","stage2/ds06_smhi_shark/DS06_SMHI_SHARK_20260808T191500Z/SHARK_Phytoplankton_2022_MEDINS_MSVVF_version_2025-03-09.zip",1072,6,4,"2022-07-05","2022-08-10",3,0,0,1072,268,268,536,1072,"# counted|Abundance|Biovolume concentration|Carbon concentration","ind/analysed sample fraction|ind/l or 100 um pieces/l|mm3/l|ugC/l"
"SHARK_Phytoplankton_2022_MEDINS_NLST","2025-03-09","stage2/ds06_smhi_shark/DS06_SMHI_SHARK_20260808T191500Z/SHARK_Phytoplankton_2022_MEDINS_NLST_version_2025-03-09.zip",6951,46,12,"2022-01-18","2022-12-07",2,0,6951,0,1276,1285,4390,6951,"# counted|Abundance|Biovolume concentration|Carbon concentration","ind/analysed sample fraction|ind/l or 100 um pieces/l|mm3/l|ugC/l"
"SHARK_Phytoplankton_2022_MEDINS_NORKOM","2025-03-09","stage2/ds06_smhi_shark/DS06_SMHI_SHARK_20260808T191500Z/SHARK_Phytoplankton_2022_MEDINS_NORKOM_version_2025-03-09.zip",300,2,2,"2022-07-14","2022-08-18",1,0,0,300,75,75,150,300,"# counted|Abundance|Biovolume concentration|Carbon concentration","ind/analysed sample fraction|ind/l or 100 um pieces/l|mm3/l|ugC/l"
"SHARK_Phytoplankton_2022_MEDINS_UVVVF","2025-03-09","stage2/ds06_smhi_shark/DS06_SMHI_SHARK_20260808T191500Z/SHARK_Phytoplankton_2022_MEDINS_UVVVF_version_2025-03-09.zip",3176,13,2,"2022-07-24","2022-08-07",6,0,0,3176,782,798,1596,3176,"# counted|Abundance|Biovolume concentration|Carbon concentration","ind/analysed sample fraction|ind/l or 100 um pieces/l|mm3/l|ugC/l"
"SHARK_Phytoplankton_2022_NATVAT","2025-03-09","stage2/ds06_smhi_shark/DS06_SMHI_SHARK_20260808T191500Z/SHARK_Phytoplankton_2022_NATVAT_version_2025-03-09.zip",1106,10,1,"2022-08-10","2022-08-10",10,0,0,1106,266,280,560,0,"# counted|Abundance|Biovolume concentration|Carbon concentration","ind/analysed sample fraction|ind/l or 100 um pieces/l|mm3/l|ugC/l"
"SHARK_Phytoplankton_2022_NIRAS","2025-03-09","stage2/ds06_smhi_shark/DS06_SMHI_SHARK_20260808T191500Z/SHARK_Phytoplankton_2022_NIRAS_version_2025-03-09.zip",2777,48,42,"2022-01-10","2022-12-15",4,0,975,1802,606,603,1568,0,"# counted|Abundance|Abundance class|Biovolume concentration|Carbon concentration","class|ind/analysed sample fraction|ind/l or 100 um pieces/l|mm3/l|ugC/l"
"SHARK_Phytoplankton_2022_PELA_EDSVVS","2025-03-09","stage2/ds06_smhi_shark/DS06_SMHI_SHARK_20260808T191500Z/SHARK_Phytoplankton_2022_PELA_EDSVVS_version_2025-03-09.zip",126,2,2,"2022-07-12","2022-08-15",1,0,0,126,42,0,84,126,"# counted|Abundance|Carbon concentration","ind/analysed sample fraction|ind/l or 100 um pieces/l|ugC/l"
"SHARK_Phytoplankton_2022_PELA_GVVF","2025-03-09","stage2/ds06_smhi_shark/DS06_SMHI_SHARK_20260808T191500Z/SHARK_Phytoplankton_2022_PELA_GVVF_version_2025-03-09.zip",1014,6,5,"2022-06-09","2022-08-11",2,0,0,1014,338,0,676,1014,"# counted|Abundance|Carbon concentration","ind/analysed sample fraction|ind/l or 100 um pieces/l|ugC/l"
"SHARK_Phytoplankton_2022_PELA_SVAB","2025-03-09","stage2/ds06_smhi_shark/DS06_SMHI_SHARK_20260808T191500Z/SHARK_Phytoplankton_2022_PELA_SVAB_version_2025-03-09.zip",3179,66,35,"2022-01-19","2022-09-21",7,0,0,3179,1051,0,2128,3179,"# counted|Abundance|Carbon concentration","ind/analysed sample fraction|ind/l or 100 um pieces/l|ugC/l"
"SHARK_Phytoplankton_2022_PELA_SVAB_Brunnsviken","2025-03-09","stage2/ds06_smhi_shark/DS06_SMHI_SHARK_20260808T191500Z/SHARK_Phytoplankton_2022_PELA_SVAB_Brunnsviken_version_2025-03-09.zip",210,4,2,"2022-09-08","2022-09-24",4,0,0,210,70,0,140,210,"# counted|Abundance|Carbon concentration","ind/analysed sample fraction|ind/l or 100 um pieces/l|ugC/l"
"SHARK_Phytoplankton_2022_SLCK","2025-03-09","stage2/ds06_smhi_shark/DS06_SMHI_SHARK_20260808T191500Z/SHARK_Phytoplankton_2022_SLCK_version_2025-03-09.zip",1712,36,36,"2022-01-25","2022-12-19",4,0,1712,0,428,428,856,1712,"# counted|Abundance|Biovolume concentration|Carbon concentration","ind/analysed sample fraction|ind/l or 100 um pieces/l|mm3/l|ugC/l"
"SHARK_Phytoplankton_2022_SMHI","2025-03-09","stage2/ds06_smhi_shark/DS06_SMHI_SHARK_20260808T191500Z/SHARK_Phytoplankton_2022_SMHI_version_2025-03-09.zip",13216,54,40,"2022-01-10","2022-12-16",3,0,13216,0,3304,3304,6608,0,"# counted|Abundance|Biovolume concentration|Carbon concentration","ind/analysed sample fraction|ind/l or 100 um pieces/l|mm3/l|ugC/l"
"SHARK_Phytoplankton_2022_SMHI_BVVF","2025-03-09","stage2/ds06_smhi_shark/DS06_SMHI_SHARK_20260808T191500Z/SHARK_Phytoplankton_2022_SMHI_BVVF_version_2025-03-09.zip",23302,143,26,"2022-01-10","2022-12-06",6,0,23302,0,4472,4472,14358,0,"# counted|Abundance|Biovolume concentration|Carbon concentration","ind/analysed sample fraction|ind/l or 100 um pieces/l|mm3/l|ugC/l"
"SHARK_Phytoplankton_2022_SMHI_ColorFantasy","2025-03-09","stage2/ds06_smhi_shark/DS06_SMHI_SHARK_20260808T191500Z/SHARK_Phytoplankton_2022_SMHI_ColorFantasy_version_2025-03-09.zip",2308,17,17,"2022-01-10","2022-12-06",1,0,2308,0,577,577,1154,0,"# counted|Abundance|Biovolume concentration|Carbon concentration","ind/analysed sample fraction|ind/l or 100 um pieces/l|mm3/l|ugC/l"
"SHARK_Phytoplankton_2022_SMHI_EXT","2025-03-09","stage2/ds06_smhi_shark/DS06_SMHI_SHARK_20260808T191500Z/SHARK_Phytoplankton_2022_SMHI_EXT_version_2025-03-09.zip",444,2,2,"2022-10-21","2022-10-22",1,0,0,444,111,111,222,0,"# counted|Abundance|Biovolume concentration|Carbon concentration","ind/analysed sample fraction|ind/l or 100 um pieces/l|mm3/l|ugC/l"
"SHARK_Phytoplankton_2022_SMHI_OLST","2025-03-09","stage2/ds06_smhi_shark/DS06_SMHI_SHARK_20260808T191500Z/SHARK_Phytoplankton_2022_SMHI_OLST_version_2025-03-09.zip",5590,20,10,"2022-05-02","2022-09-06",4,0,4178,1412,1418,1336,2836,0,"# counted|Abundance|Biovolume concentration|Carbon concentration","ind/analysed sample fraction|ind/l or 100 um pieces/l|mm3/l|ugC/l"
"SHARK_Phytoplankton_2022_SMHI_SLV_biotox","2025-03-11","stage2/ds06_smhi_shark/DS06_SMHI_SHARK_20260808T191500Z/SHARK_Phytoplankton_2022_SMHI_SLV_biotox_version_2025-03-11.zip",1816,242,92,"2022-01-09","2022-12-19",6,0,1802,14,0,0,1816,0,"# counted HAB|Abundance HAB","ind/analysed sample fraction|ind/l or 100 um pieces/l"
"SHARK_Phytoplankton_2022_SMHI_SLV_KALKOM","2025-03-11","stage2/ds06_smhi_shark/DS06_SMHI_SHARK_20260808T191500Z/SHARK_Phytoplankton_2022_SMHI_SLV_KALKOM_version_2025-03-11.zip",350,81,31,"2022-03-07","2022-11-28",1,0,0,350,0,0,350,0,"# counted HAB|Abundance HAB","ind/analysed sample fraction|ind/l or 100 um pieces/l"
"SHARK_Phytoplankton_2022_UMSC","2025-03-09","stage2/ds06_smhi_shark/DS06_SMHI_SHARK_20260808T191500Z/SHARK_Phytoplankton_2022_UMSC_version_2025-03-09.zip",7044,39,35,"2022-01-17","2022-12-20",10,0,0,7044,1761,1761,3522,7044,"# counted|Abundance|Biovolume concentration|Carbon concentration","ind/analysed sample fraction|ind/l or 100 um pieces/l|mm3/l|ugC/l"
"SHARK_Phytoplankton_2022_UMSC_ACLST","2025-03-09","stage2/ds06_smhi_shark/DS06_SMHI_SHARK_20260808T191500Z/SHARK_Phytoplankton_2022_UMSC_ACLST_version_2025-03-09.zip",1912,10,4,"2022-07-13","2022-08-30",5,0,0,1912,478,478,956,1912,"# counted|Abundance|Biovolume concentration|Carbon concentration","ind/analysed sample fraction|ind/l or 100 um pieces/l|mm3/l|ugC/l"
"SHARK_Phytoplankton_2023_DEEP","2025-03-09","stage2/ds06_smhi_shark/DS06_SMHI_SHARK_20260808T191500Z/SHARK_Phytoplankton_2023_DEEP_version_2025-03-09.zip",6972,36,29,"2023-01-12","2023-12-14",3,0,0,6972,1743,1743,3486,6972,"# counted|Abundance|Biovolume concentration|Carbon concentration","ind/analysed sample fraction|ind/l or 100 um pieces/l|mm3/l|ugC/l"
"SHARK_Phytoplankton_2023_DEEP_ILST","2025-03-09","stage2/ds06_smhi_shark/DS06_SMHI_SHARK_20260808T191500Z/SHARK_Phytoplankton_2023_DEEP_ILST_version_2025-03-09.zip",424,2,2,"2023-07-11","2023-08-25",1,0,0,424,106,106,212,424,"# counted|Abundance|Biovolume concentration|Carbon concentration","ind/analysed sample fraction|ind/l or 100 um pieces/l|mm3/l|ugC/l"
"SHARK_Phytoplankton_2023_DEEP_SKVVF","2025-03-09","stage2/ds06_smhi_shark/DS06_SMHI_SHARK_20260808T191500Z/SHARK_Phytoplankton_2023_DEEP_SKVVF_version_2025-03-09.zip",12296,58,16,"2023-07-13","2023-08-23",29,0,0,12296,3074,3074,6148,12296,"# counted|Abundance|Biovolume concentration|Carbon concentration","ind/analysed sample fraction|ind/l or 100 um pieces/l|mm3/l|ugC/l"
"SHARK_Phytoplankton_2023_MEDINS_DVVF","2025-03-09","stage2/ds06_smhi_shark/DS06_SMHI_SHARK_20260808T191500Z/SHARK_Phytoplankton_2023_MEDINS_DVVF_version_2025-03-09.zip",1680,6,2,"2023-07-20","2023-08-15",4,0,0,1680,420,420,840,1680,"# counted|Abundance|Biovolume concentration|Carbon concentration","ind/analysed sample fraction|ind/l or 100 um pieces/l|mm3/l|ugC/l"
"SHARK_Phytoplankton_2023_MEDINS_LVVVF","2025-03-09","stage2/ds06_smhi_shark/DS06_SMHI_SHARK_20260808T191500Z/SHARK_Phytoplankton_2023_MEDINS_LVVVF_version_2025-03-09.zip",664,4,2,"2023-07-10","2023-08-16",2,0,0,664,166,166,332,664,"# counted|Abundance|Biovolume concentration|Carbon concentration","ind/analysed sample fraction|ind/l or 100 um pieces/l|mm3/l|ugC/l"
"SHARK_Phytoplankton_2023_MEDINS_NLST","2025-03-09","stage2/ds06_smhi_shark/DS06_SMHI_SHARK_20260808T191500Z/SHARK_Phytoplankton_2023_MEDINS_NLST_version_2025-03-09.zip",8734,48,12,"2023-01-20","2023-12-05",2,0,8734,0,1641,1641,5452,8734,"# counted|Abundance|Biovolume concentration|Carbon concentration","ind/analysed sample fraction|ind/l or 100 um pieces/l|mm3/l|ugC/l"
"SHARK_Phytoplankton_2023_MEDINS_NORKOM","2025-03-09","stage2/ds06_smhi_shark/DS06_SMHI_SHARK_20260808T191500Z/SHARK_Phytoplankton_2023_MEDINS_NORKOM_version_2025-03-09.zip",336,2,2,"2023-07-11","2023-08-14",1,0,0,336,84,84,168,336,"# counted|Abundance|Biovolume concentration|Carbon concentration","ind/analysed sample fraction|ind/l or 100 um pieces/l|mm3/l|ugC/l"
"SHARK_Phytoplankton_2023_NATVAT","2025-03-09","stage2/ds06_smhi_shark/DS06_SMHI_SHARK_20260808T191500Z/SHARK_Phytoplankton_2023_NATVAT_version_2025-03-09.zip",2381,18,2,"2023-07-03","2023-08-07",9,0,0,2381,578,601,1202,0,"# counted|Abundance|Biovolume concentration|Carbon concentration","ind/analysed sample fraction|ind/l or 100 um pieces/l|mm3/l|ugC/l"
"SHARK_Phytoplankton_2023_NIRAS","2025-03-09","stage2/ds06_smhi_shark/DS06_SMHI_SHARK_20260808T191500Z/SHARK_Phytoplankton_2023_NIRAS_version_2025-03-09.zip",3114,54,40,"2023-01-02","2023-12-15",5,0,1068,2046,653,650,1811,0,"# counted|Abundance|Abundance class|Biovolume concentration|Carbon concentration","class|ind/analysed sample fraction|ind/l or 100 um pieces/l|mm3/l|ugC/l"
"SHARK_Phytoplankton_2023_PELA_EDSVVS","2025-03-09","stage2/ds06_smhi_shark/DS06_SMHI_SHARK_20260808T191500Z/SHARK_Phytoplankton_2023_PELA_EDSVVS_version_2025-03-09.zip",216,2,2,"2023-07-13","2023-08-14",1,0,0,216,68,0,148,216,"# counted|Abundance|Carbon concentration","ind/analysed sample fraction|ind/l or 100 um pieces/l|ugC/l"
"SHARK_Phytoplankton_2023_PELA_GVVF","2025-03-09","stage2/ds06_smhi_shark/DS06_SMHI_SHARK_20260808T191500Z/SHARK_Phytoplankton_2023_PELA_GVVF_version_2025-03-09.zip",862,6,6,"2023-06-28","2023-08-22",2,0,0,862,284,0,578,862,"# counted|Abundance|Carbon concentration","ind/analysed sample fraction|ind/l or 100 um pieces/l|ugC/l"
"SHARK_Phytoplankton_2023_PELA_SVAB","2025-03-09","stage2/ds06_smhi_shark/DS06_SMHI_SHARK_20260808T191500Z/SHARK_Phytoplankton_2023_PELA_SVAB_version_2025-03-09.zip",4307,89,48,"2023-01-17","2023-12-19",7,0,0,4307,1435,0,2872,4307,"# counted|Abundance|Carbon concentration","ind/analysed sample fraction|ind/l or 100 um pieces/l|ugC/l"
"SHARK_Phytoplankton_2023_PELA_SVAB_Brunnsviken","2025-03-09","stage2/ds06_smhi_shark/DS06_SMHI_SHARK_20260808T191500Z/SHARK_Phytoplankton_2023_PELA_SVAB_Brunnsviken_version_2025-03-09.zip",210,4,2,"2023-08-22","2023-08-23",4,0,0,210,70,0,140,210,"# counted|Abundance|Carbon concentration","ind/analysed sample fraction|ind/l or 100 um pieces/l|ugC/l"
"SHARK_Phytoplankton_2023_SLCK_SMHI","2025-03-09","stage2/ds06_smhi_shark/DS06_SMHI_SHARK_20260808T191500Z/SHARK_Phytoplankton_2023_SLCK_SMHI_version_2025-03-09.zip",168,4,4,"2023-08-10","2023-08-13",4,0,88,80,42,42,84,168,"# counted|Abundance|Biovolume concentration|Carbon concentration","ind/analysed sample fraction|ind/l or 100 um pieces/l|mm3/l|ugC/l"
"SHARK_Phytoplankton_2023_SMHI","2025-03-09","stage2/ds06_smhi_shark/DS06_SMHI_SHARK_20260808T191500Z/SHARK_Phytoplankton_2023_SMHI_version_2025-03-09.zip",13194,51,38,"2023-01-10","2023-12-16",4,0,13194,0,3298,3298,6598,0,"# counted|Abundance|Biovolume concentration|Carbon concentration","ind/analysed sample fraction|ind/l or 100 um pieces/l|mm3/l|ugC/l"
"SHARK_Phytoplankton_2023_SMHI_ALGG","2025-03-07","stage2/ds06_smhi_shark/DS06_SMHI_SHARK_20260808T191500Z/SHARK_Phytoplankton_2023_SMHI_ALGG_version_2025-03-07.zip",2056,11,11,"2023-06-21","2023-08-28",1,0,0,2056,514,514,1028,0,"# counted|Abundance|Biovolume concentration|Carbon concentration","ind/analysed sample fraction|ind/l or 100 um pieces/l|mm3/l|ugC/l"
"SHARK_Phytoplankton_2023_SMHI_Algtox","2025-03-09","stage2/ds06_smhi_shark/DS06_SMHI_SHARK_20260808T191500Z/SHARK_Phytoplankton_2023_SMHI_Algtox_version_2025-03-09.zip",3732,18,10,"2023-06-14","2023-08-15",6,0,0,3732,933,933,1866,0,"# counted|Abundance|Biovolume concentration|Carbon concentration","ind/analysed sample fraction|ind/l or 100 um pieces/l|mm3/l|ugC/l"
"SHARK_Phytoplankton_2023_SMHI_BVVF","2025-03-09","stage2/ds06_smhi_shark/DS06_SMHI_SHARK_20260808T191500Z/SHARK_Phytoplankton_2023_SMHI_BVVF_version_2025-03-09.zip",25454,144,26,"2023-01-09","2023-12-05",6,0,25454,0,4906,4906,15642,0,"# counted|Abundance|Biovolume concentration|Carbon concentration","ind/analysed sample fraction|ind/l or 100 um pieces/l|mm3/l|ugC/l"
"SHARK_Phytoplankton_2023_SMHI_ColorFantasy","2025-03-09","stage2/ds06_smhi_shark/DS06_SMHI_SHARK_20260808T191500Z/SHARK_Phytoplankton_2023_SMHI_ColorFantasy_version_2025-03-09.zip",2284,13,13,"2023-01-05","2023-10-03",1,0,2284,0,571,571,1142,0,"# counted|Abundance|Biovolume concentration|Carbon concentration","ind/analysed sample fraction|ind/l or 100 um pieces/l|mm3/l|ugC/l"
"SHARK_Phytoplankton_2023_SMHI_OLST","2025-03-09","stage2/ds06_smhi_shark/DS06_SMHI_SHARK_20260808T191500Z/SHARK_Phytoplankton_2023_SMHI_OLST_version_2025-03-09.zip",5252,15,9,"2023-05-08","2023-09-05",3,0,3384,1868,1313,1313,2626,0,"# counted|Abundance|Biovolume concentration|Carbon concentration","ind/analysed sample fraction|ind/l or 100 um pieces/l|mm3/l|ugC/l"
"SHARK_Phytoplankton_2023_SMHI_SLV_biotox","2025-03-11","stage2/ds06_smhi_shark/DS06_SMHI_SHARK_20260808T191500Z/SHARK_Phytoplankton_2023_SMHI_SLV_biotox_version_2025-03-11.zip",1720,228,89,"2023-01-02","2023-12-18",7,0,1670,50,0,0,1720,0,"# counted HAB|Abundance HAB","ind/analysed sample fraction|ind/l or 100 um pieces/l"
"SHARK_Phytoplankton_2023_SWECO_MSVVF","2025-03-09","stage2/ds06_smhi_shark/DS06_SMHI_SHARK_20260808T191500Z/SHARK_Phytoplankton_2023_SWECO_MSVVF_version_2025-03-09.zip",908,6,4,"2023-07-05","2023-08-11",3,0,0,908,227,227,454,908,"# counted|Abundance|Biovolume concentration|Carbon concentration","ind/analysed sample fraction|ind/l or 100 um pieces/l|mm3/l|ugC/l"
"SHARK_Phytoplankton_2023_SWECO_UVVVF","2025-03-09","stage2/ds06_smhi_shark/DS06_SMHI_SHARK_20260808T191500Z/SHARK_Phytoplankton_2023_SWECO_UVVVF_version_2025-03-09.zip",2704,12,4,"2023-07-10","2023-08-23",6,0,0,2704,676,676,1352,2704,"# counted|Abundance|Biovolume concentration|Carbon concentration","ind/analysed sample fraction|ind/l or 100 um pieces/l|mm3/l|ugC/l"
"SHARK_Phytoplankton_2023_UMSC","2025-03-09","stage2/ds06_smhi_shark/DS06_SMHI_SHARK_20260808T191500Z/SHARK_Phytoplankton_2023_UMSC_version_2025-03-09.zip",9908,53,43,"2023-01-16","2023-12-11",7,0,0,9908,2477,2477,4954,9908,"# counted|Abundance|Biovolume concentration|Carbon concentration","ind/analysed sample fraction|ind/l or 100 um pieces/l|mm3/l|ugC/l"
"SHARK_Phytoplankton_2023_UMSC_ACLST","2025-03-09","stage2/ds06_smhi_shark/DS06_SMHI_SHARK_20260808T191500Z/SHARK_Phytoplankton_2023_UMSC_ACLST_version_2025-03-09.zip",328,2,2,"2023-07-03","2023-08-17",1,0,0,328,82,82,164,328,"# counted|Abundance|Biovolume concentration|Carbon concentration","ind/analysed sample fraction|ind/l or 100 um pieces/l|mm3/l|ugC/l"
"SHARK_Phytoplankton_2023_UMSC_FHK","2025-03-09","stage2/ds06_smhi_shark/DS06_SMHI_SHARK_20260808T191500Z/SHARK_Phytoplankton_2023_UMSC_FHK_version_2025-03-09.zip",784,4,1,"2023-08-15","2023-08-15",4,0,0,784,196,196,392,784,"# counted|Abundance|Biovolume concentration|Carbon concentration","ind/analysed sample fraction|ind/l or 100 um pieces/l|mm3/l|ugC/l"
"SHARK_Phytoplankton_2024_NIRAS_NVSKK","2025-03-09","stage2/ds06_smhi_shark/DS06_SMHI_SHARK_20260808T191500Z/SHARK_Phytoplankton_2024_NIRAS_NVSKK_version_2025-03-09.zip",997,12,12,"2024-01-08","2024-12-02",1,0,997,0,217,215,565,0,"# counted|Abundance|Abundance class|Biovolume concentration|Carbon concentration","class|ind/analysed sample fraction|ind/l or 100 um pieces/l|mm3/l|ugC/l"
"SHARK_Phytoplankton_2024_NIRAS_OVVF","2025-03-09","stage2/ds06_smhi_shark/DS06_SMHI_SHARK_20260808T191500Z/SHARK_Phytoplankton_2024_NIRAS_OVVF_version_2025-03-09.zip",573,12,12,"2024-01-30","2024-12-11",1,0,0,573,125,124,324,0,"# counted|Abundance|Abundance class|Biovolume concentration|Carbon concentration","class|ind/analysed sample fraction|ind/l or 100 um pieces/l|mm3/l|ugC/l"
"SHARK_Phytoplankton_2024_NIRAS_VHVVF_BKVF","2025-03-09","stage2/ds06_smhi_shark/DS06_SMHI_SHARK_20260808T191500Z/SHARK_Phytoplankton_2024_NIRAS_VHVVF_BKVF_version_2025-03-09.zip",1670,36,24,"2024-01-25","2024-12-13",3,0,0,1670,385,381,904,0,"# counted|Abundance|Abundance class|Biovolume concentration|Carbon concentration","class|ind/analysed sample fraction|ind/l or 100 um pieces/l|mm3/l|ugC/l"
"SHARK_Phytoplankton_2024_SMHI","2025-03-13","stage2/ds06_smhi_shark/DS06_SMHI_SHARK_20260808T191500Z/SHARK_Phytoplankton_2024_SMHI_version_2025-03-13.zip",10028,37,29,"2024-01-11","2024-12-15",3,0,10028,0,2507,2507,5014,0,"# counted|Abundance|Biovolume concentration|Carbon concentration","ind/analysed sample fraction|ind/l or 100 um pieces/l|mm3/l|ugC/l"
"SHARK_Phytoplankton_2024_SMHI_ALGX","2025-03-09","stage2/ds06_smhi_shark/DS06_SMHI_SHARK_20260808T191500Z/SHARK_Phytoplankton_2024_SMHI_ALGX_version_2025-03-09.zip",2183,12,9,"2024-06-02","2024-07-18",7,0,0,2183,546,545,1092,0,"# counted|Abundance|Biovolume concentration|Carbon concentration","ind/analysed sample fraction|ind/l or 100 um pieces/l|mm3/l|ugC/l"
"SHARK_Phytoplankton_2024_SMHI_BVVF","2025-03-09","stage2/ds06_smhi_shark/DS06_SMHI_SHARK_20260808T191500Z/SHARK_Phytoplankton_2024_SMHI_BVVF_version_2025-03-09.zip",23544,144,25,"2024-01-08","2024-12-03",6,0,23544,0,4621,4621,14302,0,"# counted|Abundance|Biovolume concentration|Carbon concentration","ind/analysed sample fraction|ind/l or 100 um pieces/l|mm3/l|ugC/l"
"SHARK_Phytoplankton_2024_SMHI_SLV_biotox","2025-03-11","stage2/ds06_smhi_shark/DS06_SMHI_SHARK_20260808T191500Z/SHARK_Phytoplankton_2024_SMHI_SLV_biotox_version_2025-03-11.zip",1306,180,81,"2024-01-14","2024-12-15",6,0,892,414,0,0,1306,0,"# counted HAB|Abundance HAB","ind/analysed sample fraction|ind/l or 100 um pieces/l"
"SHARK_Phytoplankton_2024_SWECO_DVVF","2025-03-09","stage2/ds06_smhi_shark/DS06_SMHI_SHARK_20260808T191500Z/SHARK_Phytoplankton_2024_SWECO_DVVF_version_2025-03-09.zip",796,6,2,"2024-06-11","2024-08-15",4,0,0,796,199,199,398,796,"# counted|Abundance|Biovolume concentration|Carbon concentration","ind/analysed sample fraction|ind/l or 100 um pieces/l|mm3/l|ugC/l"
"SHARK_Phytoplankton_2024_SWECO_LVVVF","2025-03-09","stage2/ds06_smhi_shark/DS06_SMHI_SHARK_20260808T191500Z/SHARK_Phytoplankton_2024_SWECO_LVVVF_version_2025-03-09.zip",276,4,2,"2024-07-08","2024-08-14",2,0,0,276,69,69,138,276,"# counted|Abundance|Biovolume concentration|Carbon concentration","ind/analysed sample fraction|ind/l or 100 um pieces/l|mm3/l|ugC/l"
"SHARK_Phytoplankton_2024_SWECO_MSVVF","2025-03-17","stage2/ds06_smhi_shark/DS06_SMHI_SHARK_20260808T191500Z/SHARK_Phytoplankton_2024_SWECO_MSVVF_version_2025-03-17.zip",744,6,4,"2024-07-17","2024-08-20",3,0,0,744,186,186,372,744,"# counted|Abundance|Biovolume concentration|Carbon concentration","ind/analysed sample fraction|ind/l or 100 um pieces/l|mm3/l|ugC/l"
"SHARK_Phytoplankton_2024_SWECO_NLST","2025-03-09","stage2/ds06_smhi_shark/DS06_SMHI_SHARK_20260808T191500Z/SHARK_Phytoplankton_2024_SWECO_NLST_version_2025-03-09.zip",6786,43,11,"2024-01-10","2024-11-06",2,0,6786,0,1271,1271,4244,6786,"# counted|Abundance|Biovolume concentration|Carbon concentration","ind/analysed sample fraction|ind/l or 100 um pieces/l|mm3/l|ugC/l"
"SHARK_Phytoplankton_2024_SWECO_NORKOM","2025-03-09","stage2/ds06_smhi_shark/DS06_SMHI_SHARK_20260808T191500Z/SHARK_Phytoplankton_2024_SWECO_NORKOM_version_2025-03-09.zip",212,2,2,"2024-07-03","2024-08-06",1,0,0,212,53,53,106,212,"# counted|Abundance|Biovolume concentration|Carbon concentration","ind/analysed sample fraction|ind/l or 100 um pieces/l|mm3/l|ugC/l"
"SHARK_Phytoplankton_2024_SWECO_UVVVF","2025-03-09","stage2/ds06_smhi_shark/DS06_SMHI_SHARK_20260808T191500Z/SHARK_Phytoplankton_2024_SWECO_UVVVF_version_2025-03-09.zip",2332,12,2,"2024-07-09","2024-08-13",6,0,0,2332,583,583,1166,2332,"# counted|Abundance|Biovolume concentration|Carbon concentration","ind/analysed sample fraction|ind/l or 100 um pieces/l|mm3/l|ugC/l"
