"provider_taxon_id","scientific_name","occurrence_rows"
"13","Copepoda",193288
"43","Calanus",149117
"88","Euphausiacea",119939
"3","Calanoida",114857
"12","Calanus",97780
"100","Phytoplankton colour",92834
"1","Calanus",92150
"40","Calanus finmarchicus",90863
"121","Ceratium fusus",79589
"89","Chaetognatha",75430
"10","Oithona spp.",69762
"82","Hyperiidea",68793
"5","Acartia",66676
"103","Thalassiosira spp.",61794
"41","Calanus helgolandicus",60870
"113","Chaetoceros (Phaeoceros) spp.",59428
"10589","Cnidaria",56001
"83","Decapoda",55605
"6","Centropages typicus",51952
"354","Foraminifera",50835
"10673","Thecosomata",48832
"112","Chaetoceros (Hyalochaete) spp.",48324
"122","Ceratium furca",48072
"124","Ceratium tripos",46486
"55","Metridia lucens",46236
"4","Temora longicornis",45649
"10031","Appendicularia",41075
"198","Silicoflagellida",40194
"326","Copepoda",38001
"117","Thalassionema nitzschioides",37344
"91","Actinopterygii ",36612
"10742","Pseudocalanus",36040
"10671","Tintinnida",35266
"34","Chaetognatha",34220
"125","Ceratium macroceros",33251
"36","Echinodermata",32710
"255","Protoperidinium spp.",32011
"347","Copepoda",30406
"86","Euphausiacea",29534
"126","Ceratium horridum",28038
"116","Thalassiothrix longissima",25276
"1000","Proboscia alata",24282
"107","Rhizosolenia styliformis",24045
"355","Radiolaria",22651
"10623","Pseudo-nitzschia delicatissima",22271
"195","Coccolithaceae",22078
"10624","Pseudo-nitzschia seriata",21941
"31","Evadne spp.",21085
"127","Ceratium longipes",20847
"9","Clausocalanus spp.",19799
"108","Rhizosolenia hebetata f. semispina",18830
"101","Paralia sulcata",18711
"123","Ceratium lineatum",18021
"87","Euphausiacea",17796
"10532","Cnidaria",16823
"10605","Paraeuchaeta norvegica",16060
"30","Podon spp.",14993
"166","Coscinodiscus",14852
"251","Dinophysis",14312
"90","Actinopterygii ",13958
"10684","Rhizosolenia imbricata",13708
"130","Dinophyceae",13175
"114","Odontella sinensis",11911
"7","Centropages hamatus",11078
"1001","Leptocylindrus mediterraneus",10999
"10590","Bivalvia larvae",10978
"128","Ceratium arcticum",10594
"11","Corycaeus spp.",10492
"315","Metridia",9914
"57","Pleuromamma robusta",9896
"61","Candacia armata",9247
"81","Gammaridea",9201
"35","Bryozoa",9028
"350","Cirripedia ",8517
"59","Pleuromamma borealis",8427
"351","Euphausiacea",7704
"452","Siphonophora",7620
"134","Dictyocysta spp.",7524
"469","Thaliacea",7482
"253","Gonyaulax spp.",7461
"47","Nannocalanus minor",7407
"60","Pleuromamma gracilis",7126
"80","Tomopteris spp.",6748
"306","Harpacticoida",6747
"10620","Prorocentrum",6485
"317","Oncaea spp.",6353
"1610","Plastic",6167
"1608","Acantharea spp",6096
"102","Skeletonema costatum",6072
"10683","Rhizosolenia indica",6029
"10701","Nematocyst field counts (phyto)",5844
"10606","Euchaetidae",5812
"232","Ceratium hexacanthum",5723
"1002","Proboscia inermis",5337
"176","Navicula spp.",5275
"434","Pleuromamma",5173
"10714","Plastic Total (trial)",5041
"154","Bacteriastrum spp.",4895
"133","Polykrikos schwartzii",4845
"459","Ostracoda",4801
"314","Metridia",4723
"10604","Paraeuchaeta hebes",4702
"1628","Paracalanus spp.",4658
"1609","Radiolaria",4642
"58","Pleuromamma abdominalis",4642
"950","Scrippsiella spp.",4629
"135","Parafavella gigantea",4486
"84","Clione limacina",4466
"170","Fragilaria spp.",4364
"10615","Asterionellopsis glacialis",4351
"177","Cylindrotheca closterium",4334
"460","Echinodermata",4272
"38","Cladocera",4257
"10681","Corethron hystrix",4185
"10751","",4060
"259","Prorocentrum",4042
"56","Metridia longa",3930
"168","Ditylum brightwellii",3851
"10754","Pseudo-nitzschia",3676
"197","Halosphaera spp.",3647
"45","Neocalanus gracilis",3603
"10510","Emiliania huxleyi type",3549
"321","Scolecithricella spp.",3506
"450","Polychaeta",3493
"1563","Neocalanus plumchrus",3402
"10634","Guinardia striata",3360
"10566","",3343
"157","Odontella aurita",3338
"165","Coscinodiscus concinnus",3234
"1556","Calanus pacificus",3185
"10642","",3179
"750","Noctiluca scintillans",3178
"237","Ceratium massiliense",3156
"254","Oxytoxum spp.",3147
"10573","Fish eggs without oil globules",3132
"42","Calanus glacialis",3128
"431","Centropages",3082
"1559","Metridia pacifica",3040
"455","Sergestidae",2836
"419","Undeuchaeta plumosa",2774
"454","Cumacea",2761
"53","Euchaeta acuta",2752
"172","Gyrosigma spp.",2748
"977","Salpidae",2717
"411","Pleuromamma piseki",2664
"10717","Plastic strand blue",2588
"1562","Neocalanus plumchrus",2519
"458","Mysidacea",2516
"805","Tintinnopsis spp.",2451
"1568","Neodenticula seminae",2443
"44","Calanus hyperboreus",2440
"10641","Lauderia annulata",2421
"10546","Parafavella spp.",2388
"247","Ceratium trichoceros",2311
"1554","Neocalanus plumchrus",2286
"303","Candacia",2259
"104","Dactyliosolen antarcticus",2219
"1588","Thecosomata",2210
"51","Euchirella rostrata",2188
"160","Odontella regia",2175
"1567","Neocalanus cristatus",2163
"814","Stellate body (Land plant hair)",2146
"976","Coscinodiscus wailesii",2146
"10569","Decapod zoea",2123
"978","Doliolidae",2028
"1581","Neocalanus plumchrus",2009
"10513","Coccolithus pelagicus",2001
"238","Ceratium minutum",1990
"1555","Calanus marshallae",1962
"10625","Trichodesmium spp.",1905
"327","Acartia longiremis",1887
"312","Lucicutia spp.",1864
"50","Rhincalanus nasutus",1822
"10680","Vibrio paxillifer",1814
"48","Calanoides carinatus",1775
"10535","Cirripede nauplii",1758
"155","Bellerochea malleus",1755
"194","Phaeocystis pouchetii",1738
"1602","Dinophysis acuta",1722
"240","Ceratium pentagonum",1714
"63","Labidocera wollastoni",1621
"10622","Ephemera planamembranacea",1573
"250","Cladopyxis spp.",1540
"457","Lepas",1516
"1558","Eucalanus bungii",1511
"10718","Plastic strand red",1509
"10631","Guinardia delicatula",1505
"226","Ceratium candelabrum",1466
"10716","Plastic strand black",1446
"230","Ceratium extensum",1421
"812","Pinus pollen",1398
"10536","Cirripede cypris",1390
"187","Rhizosolenia setigera",1351
"169","Eucampia zodiacus",1340
"1607","Dinophysis tripos",1335
"10572","Fish eggs with oil globules",1318
"227","Ceratium carriense",1308
"414","Sapphirina spp.",1299
"222","Ceratium azoricum",1298
"429","Candacia",1297
"1553","Neocalanus plumchrus",1262
"10588","Mesocalanus tenuicornis",1215
"10596","Subeucalanus crassus",1181
"313","Mecynocera clausi",1172
"196","Pterosperma spp.",1162
"322","Temora stylifera",1159
"224","Tripos bucephalus",1158
"352","Euphausiacea",1157
"10593","Caprelloidea",1136
"412","Pleuromamma xiphias",1098
"8","Isias clavipes",1085
"353","Euphausiacea",1077
"1652","Codonellopsis spp.",1071
"357","Zoothamnium pelagicum",1064
"393","Euchaeta marina",1020
"1614","Clionidae ",990
"380","Centropages bradyi",974
"1612","Chaetoceros(Hyalochaete) spp.",973
"1629","Microsetella spp.",972
"1570","Neocalanus",964
"10675","grainy fried egg",936
"302","Calocalanus spp.",932
"634","Ptychocylis spp.",932
"10579","Pleuromamma V-VI (Trav)",929
"381","Centropages chierchiae",928
"148","Penilia avirostris",927
"1561","Neocalanus plumchrus",916
"10568","Decapod megalopa",883
"175","Leptocylindrus danicus",879
"10632","Dactyliosolen fragilissimus",861
"190","Stephanopyxis spp.",839
"10583","Other eyecount copepods",835
"468","Parasites of the plankton",816
"182","Rhizosolenia bergonii",782
"1623","Coscinodiscophyceae ",768
"1601","Dinophysis acuminata",749
"178","Rhaphoneis amphiceros",746
"10528","Filamentous algae (+)",737
"372","Anomalocera patersoni",707
"257","Podolampas spp.",704
"416","Scolecithrix danae",698
"471","Cephalopoda larvae",689
"467","Nematoda",685
"231","Ceratium gibberum",683
"10576","",677
"375","Candacia ethiopica",677
"370","Aetideus armatus",668
"1551","Centropages abdominalis",663
"10721","Plastic strand colour other (please specify)",662
"1679","Prorocentrum micans",651
"221","Ceratium arietinum",649
"10501","Spiniferites cysts",643
"10669","Small centric diatoms Total (Antarctic)",619
"180","Rhizosolenia acuminata",610
"1650","Acanthostomella norvegica",605
"10658","Calanus simillimus",604
"408","Heterorhabdus papilliger",604
"10601","Eucalanidae",587
"421","Undinula vulgaris",587
"10508","Acanthoica quattrospina",585
"1635","Fragilariopsis kerguelensis",583
"10544","Eutintinnus spp.",578
"10540","Codonella spp.",569
"1573","Neocalanus cristatus",567
"10715","Plastic strand clear/transparent",566
"10066","Siphonostomatoida",565
"10549","Rhabdonella spp.",565
"10512","Syracosphaera pulchra",544
"10550","Salpingella spp.",540
"407","Heterorhabdus norvegicus",523
"10644","Corethron spp",520
"10582","Euchaetidae I-IV (Trav)",516
"456","Isopoda",507
"1640","Thalassiothrix antarctica",499
"266","Cystodinium spp.",494
"156","Biddulphia alternans",493
"270","Favella serrata",489
"1604","Dinophysis norvegica",482
"464","Clio spp.",471
"10581","Euchaetidae V-VI (Trav)",469
"1627","Nitzschia bicapitata",465
"161","Odontella rhombus",463
"974","Fusopsis",462
"985","Alteutha spp.",462
"1660","Calanus simillimus",437
"1661","Calanus simillimus",427
"10511","Rhabdosphaera clavigera",419
"171","Guinardia flaccida",419
"167","Detonula confervacea",417
"510","Branchiostoma lanceolatum",415
"10668","Dinophyceae",403
"246","Ceratium teres",387
"386","Eucalanus hyalinus",385
"271","Glenodinium spp.",384
"10504","Brown cysts",382
"946","Rotifera",377
"10577","",376
"173","Hemiaulus spp.",375
"324","Tortanus discaudatus",375
"1631","Chaetoceros dichaeta",368
"10626","Podosira stelligera",365
"203","Pachysphaera spp.",365
"1621","Fragilariopsis spp",359
"229","Ceratium declinatum",359
"10505","Scrippsiella cysts",357
"10650","Favella spp. (unidentified)",352
"470","Atlanta spp.",341
"158","Odontella granulata",340
"1569","Paraeuchaeta elongata",330
"813","Candacia",325
"10542","Dadayiella spp.",323
"1648","Calanoida",313
"1677","Metridia",313
"228","Ceratium compressum",309
"304","Ctenocalanus vanus",306
"152","Asteromphalus spp.",298
"1659","Calanus simillimus",293
"300","Acartia danae",287
"382","Centropages violaceus",285
"1552","Neocalanus plumchrus",283
"10682","Proboscia curvirostris",280
"10531","",276
"10552","Stenosemella spp.",264
"10639","Goniodoma polyedricum",264
"10567","Porcellana zoea",262
"132","Pyrophacus spp.",261
"424","Paracandacia simplex",261
"980","Actiniscus pentasterias",258
"10580","Pleuromamma I-IV (Trav)",256
"10375","Phalacroma rotundatum",255
"1577","Mollusca",255
"325","Urocorycaeus spp.",246
"951","Kuhnia scombri",243
"461","Cavolinia spp.",238
"474","Pneumodermopsis paucidens",238
"1654","Thecosomata",235
"1644","Ctenocalanus spp.",229
"997","Corycaeus speciosus",226
"10670","Tintinnida cyst",225
"151","Actinoptychus spp.",222
"235","Ceratium lamellicorne",220
"1596","Rhizosolenia pungens",216
"10629","Pseudosolenia calcar-avis",211
"373","Candacia bipinnata",199
"10509","Braarudosphaera bigelowii",198
"307","Euterpina acutifrons",197
"10712","",194
"1557","Epilabidocera amphitrites",194
"10587","Clytemnestridae",193
"1600","Calanus",191
"10636","Detonula pumila",189
"378","Candacia pachydactyla",189
"972","Centropages chierchiae",189
"10663","Rhincalanus gigas",185
"981","Nitzschia longissima",182
"10547","Parundella spp.",179
"10666","Thysanoessa spp. (Antarctic)",177
"248","Ceratium vultur",173
"10545","Helicostomella spp.",169
"480","Gymnosomata",169
"1633","Eucampia antarctica",168
"10674","Gastropoda (unidentified)",165
"428","Euchirella",165
"10564","Thalia democratica",162
"10548","Proplectella spp.",161
"179","Planktoniella sol",156
"999","Lucifer spp.",156
"10659","Neocalanus tonsus",155
"806","Hexasterias problematica",155
"85","Pneumodermopsis",153
"409","Paracandacia bispinosa",151
"1585","Rhizosolenia hebetata",150
"1603","Dinophysis caudata",150
"1662","Calanus simillimus",149
"264","Ptychodiscus noctiluca",147
"318","Parapontella brevicornis",146
"10707","Fungi (+ only)",144
"220","Amphisolenia spp.",143
"249","Ceratocorys spp.",142
"383","Copilia spp.",141
"5500","Ammodytidae",140
"200","Odontella mobiliensis",134
"1658","Calanus simillimus",132
"1618","Entelurus aequoreus",130
"1632","Dactyliosolen spp.",130
"509","Stomatopoda",126
"162","Cerataulina pelagica",124
"1686","Rhizosolenia polydactyla",124
"10720","Plastic strand green",123
"413","Rhincalanus cornutus",121
"225","Ceratium buceros",120
"310","Miracia efferata",119
"807","Pacillina arctica",119
"418","Undeuchaeta major",116
"1697","Neocalanus tonsus",114
"947","Diploneis spp.",111
"10653","Calanoides acutus",110
"10610","Parathalestris croni",108
"394","Euchaeta media",108
"10603","Paraeuchaeta gracilis",107
"369","Heterorhabdus",102
"463","Diacria spp.",101
"1673","Rhincalanus gigas",99
"10516","Pterosperma moebii",97
"10731","Plastic flake blue",97
"1571","Candacia columbiae",97
"818","Phalacroma spp.",97
"223","Ceratium belone",96
"316","Microcalanus spp.",96
"10598","Subeucalanus monachus",95
"10502","Operculodinium centrocarpum",94
"10735","Plastic flake colour other",93
"1637","Rhizosolenia simplex",91
"440","Labidocera aestiva",91
"984","Gyrodinium spp.",91
"268","Pyrocystis spp.",90
"10672","Euphausia",89
"1649","Rhincalanus nauplii",88
"1705","Euphausia vallentini",87
"10730","Plastic flake black",86
"1675","Subeucalanus longiceps",86
"319","Pontellina plumata",86
"258","Pronoctiluca pelagica",83
"244","Ceratium pulchellum",82
"975","Nitzschia sigma rigida",80
"1695","Calanoides acutus",79
"435","Undeuchaeta",79
"10507","Black spine cyst",77
"1572","Heterorhabdus tanneri",77
"309","Macrosetella gracilis",75
"1593","Pontellidae",71
"10688","Pseudodiaptomus",67
"465","Pneumodermopsis ciliata",67
"19","Centropages furcatus",66
"242","Ceratium platycorne",64
"961","Labidocera acutifrons",63
"1672","Rhincalanus gigas",62
"10584","Fritillaria spp.",61
"10521","Pterosperma vanhoeffenii",60
"989","Total Eyecount Copepoda",58
"10696","",57
"1641","Dinophysis antarctica",56
"10657","Calanus propinquus",55
"10662","Paraeuchaeta antarctica",54
"1671","Rhincalanus gigas",54
"1634","Eucampia spp.",52
"374","Candacia curta",52
"10638","Helicotheca tamesis",50
"10724","Plastic fragment blue",50
"10578","Gazelletta hexanema",49
"267","Ornithocercus spp.",49
"62","Labidocera",48
"10520","Pterosperma marginatum",47
"10630","Guinardia cylindrus",47
"22","Farranula",46
"427","Paracandacia",46
"10527","",45
"10743","",45
"1543","Echinospira",45
"1703","Euphausia frigida",45
"269","Ceratium ranipes",45
"953","Corythodinium spp.",45
"10554","Phronima spp.",44
"1592","Lepas",43
"1670","Rhincalanus gigas",43
"10600","Subeucalanus pileatus",42
"10676","Detonula/Neodenticula temporary",42
"10703","Atlantidae",42
"163","Climacodium frauenfeldianum",42
"449","Pycnogonida",42
"10553","Vibilia spp.",41
"10585","Oikopleura spp.",41
"10618","Odontella longicruris",41
"1665","Neocalanus tonsus",41
"323","Temora turbinata",41
"462","Creseis spp.",41
"10515","Discosphaera tubifer",40
"10562","Microniscus larvae of isopod",40
"328","Acartia negligens",40
"10533","",39
"1668","Paraeuchaeta antarctica",39
"10732","Plastic flake red",38
"1657","Calanus propinquus",38
"262","Ceratium falcatiforme",38
"10519","Pterosperma ‘blocks IV’",37
"1698","Neocalanus tonsus",37
"234","Ceratium karstenii",36
"263","Ceratium longirostrum",36
"1694","Calanoides acutus",35
"236","Ceratium lunula",35
"39","Clione",35
"626","Amphipoda",35
"376","Candacia longimana",34
"1636","Rhizosolenia chunii",33
"311","Lubbockia spp.",33
"423","Neocalanus robustior",33
"10518","Pterosperma nationalis",32
"10690","",32
"10723","Plastic fragment black",32
"21","Farranula gracilis",32
"956","Blepharocysta paulsenii",32
"10633","Neocalyptrella robusta",31
"401","Euchirella messinensis",31
"815","Euchaeta paraconcinna",31
"10557","Ellobiopsis (+)",30
"10565","Mollusc eggs (+)",30
"10594","Aetideus giesbrechti",30
"320","Scaphocalanus echinatus",30
"233","Ceratium inflatum",29
"448","Paedoclione doliiformis",29
"10651","Calanoides acutus",28
"1549","Acartia tonsa",28
"1566","Neocalanus flemingeri",28
"1615","Epilabidocera spp",28
"472","Firoloida spp.",28
"10506","Polykrikos kofoidii cysts",27
"1646","Drepanopus forcipatus",27
"1685","Cymatocylis spp.",27
"217","Ceratium falcatum",27
"1574","Paraeuchaeta spp.",26
"1606","Dinophysis sacculus",26
"1693","Chaetoceros bulbosus",26
"261","Ceratium contortum",26
"275","Gymnodinium spp.",26
"10627","Gonyaulax grindleyi",25
"1550","Acartia tumida",25
"1560","Metridia okhotensis",25
"245","Ceratium setaceum",25
"415","Scolecithrix bradyi",25
"10745","Ceratium",24
"1664","Neocalanus tonsus",24
"1639","Rhizosolenia spp.",23
"1681","Prorocentrum dentatum",23
"425","Scaphocalanus",23
"1688","Acartia",22
"488","Peraclis spp.",22
"1616","Dinophysis fortii",21
"10635","Proboscia truncata",20
"10637","Meuniera membranacea",20
"10646","Thalassiosira maculata",20
"477","Oxygyrus spp.",20
"10514","Scyphosphaera apsteinii",19
"10538","Holothurian wheel ossicles (‘wagon wheels’)",19
"1655","Calanoides acutus",19
"192","Surirella spp.",19
"10607","Paraeuchaeta tonsa",18
"1669","Rhincalanus gigas",18
"1704","Euphausia superba",18
"1599","Heterophryxus appendiculatus",17
"1642","Dinophysis punctata",17
"982","Aulacodiscus argus",17
"10619","Odontella weissflogii",16
"10677","seed potato incertae sedis",16
"10752","",16
"10551","Steenstrupiella spp.",15
"1589","Hemicyclops aberdonensis",15
"466","Pterotrachea spp.",15
"10069","Monstrilloida",14
"10543","Epiplocylis spp.",14
"10558","Paracineta (+)",14
"10664","Heterorhabdus austrinus",14
"10667","Paraeuchaeta antarctica",14
"10689","",14
"10711","Black stuff (+)",14
"1576","Scolecithrix",14
"1645","Drepanopus forcipatus",14
"219","Ceratium breve",14
"395","Euchaeta pubera",14
"10654","Calanus propinquus",13
"10722","Plastic fragment clear/transparent",13
"10728","Plastic fragment colour other",13
"10737","Corolla",13
"404","Haloptilus longicornis",13
"406","Heterorhabdus abyssalis",13
"10727","Plastic fragment green",12
"10734","Plastic flake green",12
"131","Ceratium kofoidii",12
"1663","Metridia gerlachei",12
"1701","Rhincalanus gigas",12
"478","Pneumoderma spp.",12
"971","Triceratium favus",12
"10522","Pterosperma polygonum",11
"10570","Nephrops larvae",11
"10574","Eurydice spp.",11
"10617","Bleakeleya notata",11
"10693","Marine mite",11
"1584","Euchirella pseudopulchra",11
"1590","Lithodesmium undulatum",11
"1647","Drepanopus forcipatus",11
"1684","Gaetanus simplex",11
"10599","Subeucalanus mucronatus",10
"10655","Calanus propinquus",10
"10685","Eurytemora",10
"10694","Calanus",10
"10719","Plastic strand yellow",10
"10725","Plastic fragment red",10
"159","Odontella obtusa",10
"1624","Grammatophora spp.",10
"1674","Rhincalanus gigas",10
"962","Eucampia groenlandica",10
"10595","Aetideus spp.",9
"10660","Euchaetidae",9
"10739","Plastic other (e.g. bead, foam, nurdle)",9
"1680","Prorocentrum rostratum",9
"400","Euchirella curticauda",9
"410","Phaenna spinifera",9
"475","Carinaria spp.",9
"819","Candacia giesbrechti",9
"10500","Multispinula quanta",8
"10661","Euchaetidae",8
"1620","Eurytemora pacifica",8
"1667","Paraeuchaeta antarctica",8
"1678","Brachiopoda",8
"239","Ceratium pavillardii",8
"476","Cuvierina spp.",8
"10517","Pterosperma cuboides",7
"10563","Phyllosoma larvae",7
"10648","Neocalanus",7
"1656","Calanus propinquus",7
"206","Hemidiscus cuneiformis",7
"10702","",6
"10705","Membraneis",6
"10729","Plastic flake clear/transparent",6
"10740","Radiosperma corbiferum",6
"1653","Cymatocylis antarctica",6
"1689","Alexandrium spp.",6
"256","Histioneis spp.",6
"276","Katodinium spp.",6
"10525","Pterosperma undulatum",5
"10529","",5
"10602","Paraeuchaeta glacialis",5
"10608","Gaetanus",5
"10687","Pseudodiaptomus",5
"10692","Amphidinium",5
"10698","Rhizosolenia crassa",5
"1579","Ceratium symmetricum",5
"1591","Ceratium limulus",5
"1597","Thliptodon spp.",5
"1630","Banquisia belgicae",5
"260","Ceratium concilians",5
"265","Centrodinium spp.",5
"329","Diaixis hibernica",5
"405","Haloptilus spiniceps",5
"10575","Idotea spp.",4
"10609","Gaetanus tenuispinus",4
"10649","Cymatocylis calyciformis",4
"10656","Calanus propinquus",4
"10678","Ceratium divaricatum",4
"10697","Paracalanus",4
"10709","",4
"1547","Chaetoceros spp.",4
"1580","Temora discaudata",4
"1617","Bacterosira bathyomphala",4
"1622","Heterorhabdus oikoumenikis",4
"1691","Dactyliosolen tenuijunctus",4
"1696","Calanus simillimus",4
"241","Ceratium petersii",4
"243","Ceratium praelongum",4
"301","Acrocalanus spp.",4
"396","Euchaeta spinosa",4
"398","Euchirella amoena",4
"430","Candacia varicans",4
"958","Melosira arctica",4
"979","Amphiprora hyperborea",4
"10503","Stelladinium stellatum",3
"10523","Pterosperma rotondum",3
"10555","Scina spp.",3
"10645","Rhizosolenia rhombus",3
"10665","Euphausia triacantha",3
"10695","Aetideus acutus",3
"10710","",3
"10747","",3
"1564","Neocalanus plumchrus",3
"1575","Parahistioneis spp.",3
"1651","Codonellopsis gaussi",3
"402","Euchirella pulchra",3
"417","Scottocalanus persecans",3
"432","Heterostylites longicornis",3
"597","Heterorhabdus clausi",3
"10524","Pterosperma eurypteron",2
"10534","Thalassiosira resting spore",2
"10616","Asterionellopsis kariana",2
"10621","Pavillardinium spp.",2
"10691","Centropages brachiatus",2
"10699","Phaeocystis antarctica",2
"10704","Paraeuchaeta antarctica",2
"10713","Facetotecta",2
"1582","Undeuchaeta intermedia",2
"1595","Pontella pulvinata",2
"1611","Pseudolubbockia dilatata",2
"1683","Gaetanus pungens",2
"1690","Meringosphaera spp.",2
"1699","Neocalanus tonsus",2
"1700","Rhincalanus gigas",2
"1702","Clione",2
"330","Diaixis pygmaea",2
"348","Cephalobranchia spp.",2
"364","Heterorhabdus spinifer",2
"377","Candacia norvegica",2
"379","Candacia tenuimana",2
"403","Gaetanus minor",2
"422","Xanthocalanus",2
"601","Haloptilus acutifrons",2
"604","Augaptilus spp.",2
"954","Campylosira cymbelliformis",2
"960","Amphidoma caudata",2
"963","Oculosetella gracilis",2
"973","Monstrilla longiremis",2
"987","Calanopia americana",2
"988","Pontellopsis regalis",2
"10556","Phrosina spp.",1
"10560","Gregarines (+)",1
"10571","Jaxea nocturna",1
"10628","Fragilariopsis doliolus",1
"10640","Lioloma pacificum",1
"10643","Amphiprora kufferathii",1
"10647","Dinophysis contracta",1
"10652","Calanoides acutus",1
"10686","Spinocalanus",1
"10700","Mediopyxis helysia",1
"10706","Rhizosolenia antennata",1
"10708","",1
"10726","Plastic fragment yellow",1
"10733","Plastic flake yellow",1
"10736","",1
"10738","",1
"10749","Cladocera",1
"1546","Rhabdonema spp.",1
"1625","Giardella thompsoni",1
"1626","Giardella callianassae",1
"1643","Dinophysis rudgei",1
"1682","Striatella spp.",1
"1687","Cyclopinoides longicornis",1
"20","Saphirella tropica",1
"201","Gossleriella tropica",1
"218","Ceratium geniculatum",1
"358","Pneumodermopsis canephora",1
"371","Amallothrix spp.",1
"433","Lophothrix spp.",1
"473","Notobranchaea spp.",1
"575","Scottocalanus securifrons",1
"816","Pontellina securifer",1
"817","Anomoeoneis spp.",1
"948","Biddulphia biddulphiana",1
"949","Melosira varians",1
"955","Pseudochirella spp.",1
"957","Melosira lineata",1
"964","Actinocyclus octonarius var. ralfsii",1
