"route","batch","request_count","response_count","endpoint","request_url_sha256","raw_response_path","response_checksum_sha256","response_size_bytes","http_status","completed_utc"
"reported_aphia_id",1,50,50,"https://www.marinespecies.org/rest/AphiaRecordsByAphiaIDs","4bc305b103b77aff18ad9bf9cfc25d971850f672d7b868cc457a57b65ec18f47","stage5/worms_taxonomy/WORMS_TAXONOMY_20260810T202457Z/aphia_batch_001.json","f2960dbd466954b78fe7ac65bf60912d6b13750cec3aa85158f60d6f129214c8",42904,200,"2026-08-10T20:24:58Z"
"reported_aphia_id",2,50,50,"https://www.marinespecies.org/rest/AphiaRecordsByAphiaIDs","1e2a03d3884d72a0f42e8ebd2ee0843ab7c71a42c5d99d289ccb5b8cc785af32","stage5/worms_taxonomy/WORMS_TAXONOMY_20260810T202457Z/aphia_batch_002.json","27721520c9cc94dfd4db2f971c716245682b14d4c18ef545d5d1adc798060ef9",48345,200,"2026-08-10T20:25:01Z"
"reported_aphia_id",3,50,50,"https://www.marinespecies.org/rest/AphiaRecordsByAphiaIDs","2140046ab3d8a86bdcce57bc1b495530b4e6e9b1787b1ada122238ce576ff849","stage5/worms_taxonomy/WORMS_TAXONOMY_20260810T202457Z/aphia_batch_003.json","3922d95f18bb103ae773b9cb27e39f2dacf9beb238bdb9be372fe64e3660949b",49789,200,"2026-08-10T20:25:05Z"
"reported_aphia_id",4,50,50,"https://www.marinespecies.org/rest/AphiaRecordsByAphiaIDs","2451d547e7d358e679ea9de5773ea785770ce819e17eac2a55310aba701eed29","stage5/worms_taxonomy/WORMS_TAXONOMY_20260810T202457Z/aphia_batch_004.json","726868496f9344236c2b50fef07141bb91d22244cddaca2647b5b635970fb7df",49817,200,"2026-08-10T20:25:07Z"
"reported_aphia_id",5,50,50,"https://www.marinespecies.org/rest/AphiaRecordsByAphiaIDs","d4d6aa8e012488f760db03477c0b83575a605bd230316f3cfbd24ec4d696c13b","stage5/worms_taxonomy/WORMS_TAXONOMY_20260810T202457Z/aphia_batch_005.json","b8e8a64e9e519a0dab50095bc8dbb9dd82dee5adaa4c483cd849679b802f1f2e",56115,200,"2026-08-10T20:25:09Z"
"reported_aphia_id",6,50,50,"https://www.marinespecies.org/rest/AphiaRecordsByAphiaIDs","33db098a0d3593eb02b4887bfb4b509b8ab4928fc7cdfcf0ec13cb402a3367ab","stage5/worms_taxonomy/WORMS_TAXONOMY_20260810T202457Z/aphia_batch_006.json","32fb9db4830efd69f15f2573d064c1f4e804a5fe7b8955b3a2bc58a2b47b5387",57409,200,"2026-08-10T20:25:11Z"
"reported_aphia_id",7,50,50,"https://www.marinespecies.org/rest/AphiaRecordsByAphiaIDs","0e939affebdf12441181d7fa10161052a202d16254569c089ffadea1ef9b29a2","stage5/worms_taxonomy/WORMS_TAXONOMY_20260810T202457Z/aphia_batch_007.json","b20bc787b87fbbb7dae31bc40dd3e621b92fff1fbc7c98b4c69a3f63b93be682",52990,200,"2026-08-10T20:25:13Z"
"reported_aphia_id",8,50,50,"https://www.marinespecies.org/rest/AphiaRecordsByAphiaIDs","8775274214d2f7af4674b69cd279d8b6f4cee344f61f48af10ad2483c92c9d7e","stage5/worms_taxonomy/WORMS_TAXONOMY_20260810T202457Z/aphia_batch_008.json","457b45ecd41420b3e8f66a814b6b5bb5d0c41f6cf1ab86d1c021cffec4f4f107",49077,200,"2026-08-10T20:25:15Z"
"reported_aphia_id",9,50,50,"https://www.marinespecies.org/rest/AphiaRecordsByAphiaIDs","1bab0c315bf5ca66c74cc1f75ca2f3a1a8769123d496a02bc56e6ae74a877d96","stage5/worms_taxonomy/WORMS_TAXONOMY_20260810T202457Z/aphia_batch_009.json","9db6f40d47d8df2590b2f9c7d43fc84f7c4d23cce65e5efd17a516d61c11be49",49603,200,"2026-08-10T20:25:16Z"
"reported_aphia_id",10,50,50,"https://www.marinespecies.org/rest/AphiaRecordsByAphiaIDs","09723a4904553a286d9ec9f9a8825500f9f2823840e0fced552d3cf1df220f08","stage5/worms_taxonomy/WORMS_TAXONOMY_20260810T202457Z/aphia_batch_010.json","d508eb3b439fb46886b7122d3b2f25b2527c5daa05f428b9597c58e7dcc1c6ee",57693,200,"2026-08-10T20:25:18Z"
"reported_aphia_id",11,50,50,"https://www.marinespecies.org/rest/AphiaRecordsByAphiaIDs","6ab6836e80d7772318239a3c6ae8eac584c871208aec0646f949d0204b5ada82","stage5/worms_taxonomy/WORMS_TAXONOMY_20260810T202457Z/aphia_batch_011.json","5d1521d74a567caf4830a6db97203a436ef30c1471765723663b70a137fd508e",60124,200,"2026-08-10T20:25:19Z"
"reported_aphia_id",12,50,50,"https://www.marinespecies.org/rest/AphiaRecordsByAphiaIDs","cbdc738cdea35c4ece74b541c313f030be2a6019a0d683f69d15f7d72250dc9f","stage5/worms_taxonomy/WORMS_TAXONOMY_20260810T202457Z/aphia_batch_012.json","3427e162c6fc8a13321ff433a01e1a629905fb58b0ec7d3ad2fbe958be5aae5c",60954,200,"2026-08-10T20:25:20Z"
"reported_aphia_id",13,50,50,"https://www.marinespecies.org/rest/AphiaRecordsByAphiaIDs","23ff06a1cae927405700f15d933e9bf509d02109e5a0d667f1302edaeffa8172","stage5/worms_taxonomy/WORMS_TAXONOMY_20260810T202457Z/aphia_batch_013.json","2228958d3c295618b2775578ba7f45f280585fce19d3bb76038bc05ed32bbc0c",60985,200,"2026-08-10T20:25:22Z"
"reported_aphia_id",14,50,50,"https://www.marinespecies.org/rest/AphiaRecordsByAphiaIDs","8ce9df2de91da451ff61f843b673ce7023dcb343fbac3af84b775be5dd6ecc63","stage5/worms_taxonomy/WORMS_TAXONOMY_20260810T202457Z/aphia_batch_014.json","0be48b5fbc8eaf2ab6efdc4587798ad3cb9fcf69042133c84261974ff187f761",58579,200,"2026-08-10T20:25:24Z"
"reported_aphia_id",15,50,50,"https://www.marinespecies.org/rest/AphiaRecordsByAphiaIDs","b5902807379af3b3009c9dc1065d941fa01d024ef66f496bcadb8bf57caf1799","stage5/worms_taxonomy/WORMS_TAXONOMY_20260810T202457Z/aphia_batch_015.json","1b0260b8e164e937ae439280ee69befba6ceb1498f2b3a45543ca22707df11aa",57323,200,"2026-08-10T20:25:25Z"
"reported_aphia_id",16,50,50,"https://www.marinespecies.org/rest/AphiaRecordsByAphiaIDs","d7d8a8d1ea4a3c07032df773fce2cc5bcfb33e3a16cbbbc0c6b66a230073a4ca","stage5/worms_taxonomy/WORMS_TAXONOMY_20260810T202457Z/aphia_batch_016.json","37a5f39b8107245b9bfebac9cdbc48bd4147a6f1e0ef4e4553c2d1a97559f271",59937,200,"2026-08-10T20:25:26Z"
"reported_aphia_id",17,50,50,"https://www.marinespecies.org/rest/AphiaRecordsByAphiaIDs","a4851917348920fff2bf62268cf478da61fb00779f53c0c40983b9a092daaf22","stage5/worms_taxonomy/WORMS_TAXONOMY_20260810T202457Z/aphia_batch_017.json","37899525ca5a25f78d7ec6d5276153f81b8d957d0a51dc85f06d8f83f651ecd1",57801,200,"2026-08-10T20:25:28Z"
"reported_aphia_id",18,50,50,"https://www.marinespecies.org/rest/AphiaRecordsByAphiaIDs","af1e2e1db0d67efbb90d98dc298f9447b8beed5ed782c51af2feaad5bf1f45b1","stage5/worms_taxonomy/WORMS_TAXONOMY_20260810T202457Z/aphia_batch_018.json","75e06a41fc953a1594dd44e31e051f5dfad119e63b0aa8ebc8777c403c850736",58063,200,"2026-08-10T20:25:29Z"
"reported_aphia_id",19,50,50,"https://www.marinespecies.org/rest/AphiaRecordsByAphiaIDs","e9d9041355b2ec72f46d6351889957b048cae15a27b8a8f8e974a8c1c0e54fa6","stage5/worms_taxonomy/WORMS_TAXONOMY_20260810T202457Z/aphia_batch_019.json","54a4ab985fecb00fb4633928cbafe30bb9f6d6200ed8d4998e83dc7b8ae2cadb",55428,200,"2026-08-10T20:25:30Z"
"reported_aphia_id",20,50,50,"https://www.marinespecies.org/rest/AphiaRecordsByAphiaIDs","6881f8433f413baeadfe801a4cf36134359b994685c8442907194824c322c8d5","stage5/worms_taxonomy/WORMS_TAXONOMY_20260810T202457Z/aphia_batch_020.json","b12ce0bef55d8fbab5e619725ee7e368feac767b69f62423efc9b8f3dc94ec0d",55646,200,"2026-08-10T20:25:31Z"
"reported_aphia_id",21,50,50,"https://www.marinespecies.org/rest/AphiaRecordsByAphiaIDs","7cb50ad789270d965019128a4bff12cb70b80d81a0f86cc7a23297c6a712a371","stage5/worms_taxonomy/WORMS_TAXONOMY_20260810T202457Z/aphia_batch_021.json","e75f3957942e9f44f88c5c36aeffd3929368101621d523d163ab43bde2643e93",54985,200,"2026-08-10T20:25:32Z"
"reported_aphia_id",22,50,50,"https://www.marinespecies.org/rest/AphiaRecordsByAphiaIDs","8217ffe81fdcbaec08585896090f2fd44c0c729b0d2cc972e462b641ada41c49","stage5/worms_taxonomy/WORMS_TAXONOMY_20260810T202457Z/aphia_batch_022.json","821c114671b3eebdf974d9aa04014b02c75f2437a96cd06ac87a153e46586fc8",56548,200,"2026-08-10T20:25:33Z"
"reported_aphia_id",23,50,50,"https://www.marinespecies.org/rest/AphiaRecordsByAphiaIDs","87e98612155f1e05bf666b27b8ba24cd5382636f3da8624d6129543a46a600fb","stage5/worms_taxonomy/WORMS_TAXONOMY_20260810T202457Z/aphia_batch_023.json","03ac1465c45a4e9c91d402007236f32ede4f38aef1c2857c70270bc0465d55f4",57832,200,"2026-08-10T20:25:34Z"
"reported_aphia_id",24,50,50,"https://www.marinespecies.org/rest/AphiaRecordsByAphiaIDs","9be9aa1db1829c19d0998653358f1d1fd307ee47406de6b2f005cbb0dc33756e","stage5/worms_taxonomy/WORMS_TAXONOMY_20260810T202457Z/aphia_batch_024.json","e3ca9e1b4ba9b30a68bbd0be7fd01d23aab9333d9ffd54e26fd5cfa371b77d49",56675,200,"2026-08-10T20:25:36Z"
"reported_aphia_id",25,50,50,"https://www.marinespecies.org/rest/AphiaRecordsByAphiaIDs","3a8df3d8278ac8f9a81a29c1e0fe920a9f4e61e68cf9bb5885e946ed57171b04","stage5/worms_taxonomy/WORMS_TAXONOMY_20260810T202457Z/aphia_batch_025.json","922c7fc2bd6d5d6f71391923323d22b12a9c6aca98f59c0fb193447fe2563e8d",58659,200,"2026-08-10T20:25:37Z"
"reported_aphia_id",26,50,50,"https://www.marinespecies.org/rest/AphiaRecordsByAphiaIDs","633ae48e82bcbf87f91bb07865241054133f4a9a016338f91ce0ec68b6705255","stage5/worms_taxonomy/WORMS_TAXONOMY_20260810T202457Z/aphia_batch_026.json","b61da0744e8ad3548f75a4a13d47eb88674b4d5a54d8749339437af9aaf45193",60282,200,"2026-08-10T20:25:39Z"
"reported_aphia_id",27,31,31,"https://www.marinespecies.org/rest/AphiaRecordsByAphiaIDs","c978673665b8b95284450aeac1aa2fa948da5f209adb4b77fd029eb62aba5154","stage5/worms_taxonomy/WORMS_TAXONOMY_20260810T202457Z/aphia_batch_027.json","accd9eb9ffab38e56235300e9980c427f1ac80c0086818e50c468d176b61bf37",32940,200,"2026-08-10T20:25:39Z"
"ds02_taxamatch_name",1,50,50,"https://www.marinespecies.org/rest/AphiaRecordsByMatchNames","5ea1f515d2f05063b4a9f62409c1d8bd16dce26597bdf7813619f5e059feacf0","stage5/worms_taxonomy/WORMS_TAXONOMY_20260810T202457Z/name_batch_001.json","80c138c79ac5283ba14645ab26032976c3be4a01807905608feff87560d8d339",83941,200,"2026-08-10T20:25:44Z"
"ds02_taxamatch_name",2,50,50,"https://www.marinespecies.org/rest/AphiaRecordsByMatchNames","296a14ee06385708592bd6fc0e8f0ad29d6433acb567b44e4c8a8abc0c3fefb4","stage5/worms_taxonomy/WORMS_TAXONOMY_20260810T202457Z/name_batch_002.json","a496307d8ef1a0a2a33690b547163c023b0e7bb83768766e7317b61f350493c9",70051,200,"2026-08-10T20:25:49Z"
"ds02_taxamatch_name",3,50,50,"https://www.marinespecies.org/rest/AphiaRecordsByMatchNames","9fc0fa33ba3d7e5a6942297f2b717097e992811d1d8296ce391bda0ccc1d320f","stage5/worms_taxonomy/WORMS_TAXONOMY_20260810T202457Z/name_batch_003.json","89223b7cad54bc2b99a8f4ccfcedf349108ab65d6c8e3ded7b6b1b661d1b8e66",56460,200,"2026-08-10T20:25:55Z"
"ds02_taxamatch_name",4,50,50,"https://www.marinespecies.org/rest/AphiaRecordsByMatchNames","21395261dc2650ae866172fa8b575f7eae53bb020c56418fdb2ace4daa49bc19","stage5/worms_taxonomy/WORMS_TAXONOMY_20260810T202457Z/name_batch_004.json","2d3fc1db774c13e8a7a2a899d2f7b1b7b0ed8c48f7039dbd3473128bebc0a1dd",62458,200,"2026-08-10T20:26:05Z"
"ds02_taxamatch_name",5,50,50,"https://www.marinespecies.org/rest/AphiaRecordsByMatchNames","359d7d55be37c429c9607c0fc2c26e3390cedd2e53e635028cbbcc84127b1252","stage5/worms_taxonomy/WORMS_TAXONOMY_20260810T202457Z/name_batch_005.json","6b2ff2eb59d511c06c1f756c1e5977f96016b98c773c15a29fb95bfe7084c671",71741,200,"2026-08-10T20:26:15Z"
"ds02_taxamatch_name",6,50,50,"https://www.marinespecies.org/rest/AphiaRecordsByMatchNames","bcc95ae2a9290c9c116144cda6a0c2b9f57f8e3771c193eb2bc62799b65fcf7e","stage5/worms_taxonomy/WORMS_TAXONOMY_20260810T202457Z/name_batch_006.json","e6213d9b045b5c2ae3ea7444a8bbbf44a605ac0e71da91fda4ba62b15b368c4c",62576,200,"2026-08-10T20:26:18Z"
"ds02_taxamatch_name",7,50,50,"https://www.marinespecies.org/rest/AphiaRecordsByMatchNames","a1a512eac9b3788216fff1cf4788e4f64dc575b16f71c5b9b65629111676935f","stage5/worms_taxonomy/WORMS_TAXONOMY_20260810T202457Z/name_batch_007.json","db49418014e9d8e9cbb1f32505cc50b67f3413d5b3bd1b2359fac324787a54a9",56800,200,"2026-08-10T20:26:24Z"
"ds02_taxamatch_name",8,50,50,"https://www.marinespecies.org/rest/AphiaRecordsByMatchNames","6e4f42b716a28f5336deab001082cae66a6f6ecc6cee289ab94e31cd99c7f058","stage5/worms_taxonomy/WORMS_TAXONOMY_20260810T202457Z/name_batch_008.json","6ced2087d67616f587367ceaa2a0f095a9748ba0ba897104b64b95e9e5f85f24",77839,200,"2026-08-10T20:26:30Z"
"ds02_taxamatch_name",9,50,50,"https://www.marinespecies.org/rest/AphiaRecordsByMatchNames","9d6d4013ca7351bb5719af8e643a9e6ca00f597e5b7c1a7557b41fe6a5f56e02","stage5/worms_taxonomy/WORMS_TAXONOMY_20260810T202457Z/name_batch_009.json","c2bd909f6ca09bab511ae7e79a797304c3e8e58ee0470e30a5f142354d362926",63619,200,"2026-08-10T20:26:36Z"
"ds02_taxamatch_name",10,50,50,"https://www.marinespecies.org/rest/AphiaRecordsByMatchNames","f2b9a98cdbac7b45ca6b8d15b31e1b9445daa9cdec5806fe3c95ea45bc3c81c6","stage5/worms_taxonomy/WORMS_TAXONOMY_20260810T202457Z/name_batch_010.json","deb7e7636d3f5dd9a8ad86a150fb2ca09ea7c6b97d43e421412aa676b31cd3cf",74119,200,"2026-08-10T20:26:42Z"
"ds02_taxamatch_name",11,50,50,"https://www.marinespecies.org/rest/AphiaRecordsByMatchNames","8f2a0e8ee017b4b92f779200dbdc010fd3f3dfcd73ce8f27df3777a33d1fcfde","stage5/worms_taxonomy/WORMS_TAXONOMY_20260810T202457Z/name_batch_011.json","a4500e59193d764887c4a1ab08294d66c9dea2134106e9d5584c2a2c4a9458ff",67179,200,"2026-08-10T20:26:49Z"
"ds02_taxamatch_name",12,50,50,"https://www.marinespecies.org/rest/AphiaRecordsByMatchNames","e23cc7b4ee813ef722d560c8c14f556bc8ee373d2072abb46c6488bc80e60783","stage5/worms_taxonomy/WORMS_TAXONOMY_20260810T202457Z/name_batch_012.json","875cd2bcc936f89835f81fae9b3a937fb1053e48d50aac64b54cbfe7fd53c1c4",61355,200,"2026-08-10T20:26:53Z"
"ds02_taxamatch_name",13,50,50,"https://www.marinespecies.org/rest/AphiaRecordsByMatchNames","a55f1f53ab8a0f885b10b5d5ab498d3e576219cf31a4746e1081e0f230f67f89","stage5/worms_taxonomy/WORMS_TAXONOMY_20260810T202457Z/name_batch_013.json","fc41bdf6ddeea20bf2e3be8765f1e17e3a8c92fdb29efde50d4dfbb7d334032c",62910,200,"2026-08-10T20:26:57Z"
"ds02_taxamatch_name",14,50,50,"https://www.marinespecies.org/rest/AphiaRecordsByMatchNames","88abd75b3fcdd25eb549d633af3a318d6cd536e846872e98c7e8550745ecfbc0","stage5/worms_taxonomy/WORMS_TAXONOMY_20260810T202457Z/name_batch_014.json","447880695e9dc75cc2482bd23c2b334157717c3852adbc75b95b3e9f9915323e",62980,200,"2026-08-10T20:27:03Z"
"ds02_taxamatch_name",15,50,50,"https://www.marinespecies.org/rest/AphiaRecordsByMatchNames","6530631f74035e53ddf19a6d98cdd72ebfa8fe8ed7c7a1dcc57b258ea57e1b75","stage5/worms_taxonomy/WORMS_TAXONOMY_20260810T202457Z/name_batch_015.json","1fd55a163beba120dd590496a82bb6b8cb28f67bfc7dcaf6923cf3be6526e7ee",87785,200,"2026-08-10T20:27:09Z"
"ds02_taxamatch_name",16,50,50,"https://www.marinespecies.org/rest/AphiaRecordsByMatchNames","f3f307dca13fc4531c6451eb52b59d51fdcc761645d7f73d5e2c48e6e8b05f2c","stage5/worms_taxonomy/WORMS_TAXONOMY_20260810T202457Z/name_batch_016.json","cbdc052278f517660df6d597309b5801bb52acb137b15c520ad208b73966a660",75854,200,"2026-08-10T20:27:15Z"
"ds02_taxamatch_name",17,50,50,"https://www.marinespecies.org/rest/AphiaRecordsByMatchNames","03417b8c02dfa946017e690f5a1b3ea8859d8eff886e87e3ce06542d3131b212","stage5/worms_taxonomy/WORMS_TAXONOMY_20260810T202457Z/name_batch_017.json","321ac78fded72b8e54492f295e1f1d3e0a4721b98308e7dec5aefcb5d65bd2f3",74082,200,"2026-08-10T20:27:22Z"
"ds02_taxamatch_name",18,50,50,"https://www.marinespecies.org/rest/AphiaRecordsByMatchNames","3f6e0fec62073b6d9a8bdf89fd01b5f5bfcc21f4fbcaf83012c75c7831ed5741","stage5/worms_taxonomy/WORMS_TAXONOMY_20260810T202457Z/name_batch_018.json","1b223a590db399c2c3834d6f56681d896d7034547d571b3fb837028a5c7e80dc",74216,200,"2026-08-10T20:27:28Z"
"ds02_taxamatch_name",19,50,50,"https://www.marinespecies.org/rest/AphiaRecordsByMatchNames","4220e31dbaede746457ad748e322a9edcc192d6eeb7dd26bb80c2c4e40954e6c","stage5/worms_taxonomy/WORMS_TAXONOMY_20260810T202457Z/name_batch_019.json","d3747ce14c5bc90fc80ac194100356fe0ad7bc840e5511c39b7ed058b6471c23",63508,200,"2026-08-10T20:27:35Z"
"ds02_taxamatch_name",20,50,50,"https://www.marinespecies.org/rest/AphiaRecordsByMatchNames","d6a9f017a290c8889c63c0df9eb6452578ff7f5be1cfebdbbffaf31938e76dca","stage5/worms_taxonomy/WORMS_TAXONOMY_20260810T202457Z/name_batch_020.json","18b20b7fdca458c25ae12590c0d578dfa52e32cb9bc028e3c87255a5a145acab",59716,200,"2026-08-10T20:27:39Z"
"ds02_taxamatch_name",21,50,50,"https://www.marinespecies.org/rest/AphiaRecordsByMatchNames","2bc70bd6c0be742c022b70deba1c82828adfc3ffa5d806978490cfc9bb2ef8ec","stage5/worms_taxonomy/WORMS_TAXONOMY_20260810T202457Z/name_batch_021.json","7ca8b8870a24152e8a694d128bc77118b0464cd5498dce43bb36c9d34d10002a",55709,200,"2026-08-10T20:27:44Z"
"ds02_taxamatch_name",22,50,50,"https://www.marinespecies.org/rest/AphiaRecordsByMatchNames","5a0f8b6f6be3f304ffe4f9791ff3755260f86509c58ea23fe7ce2bec5333cc80","stage5/worms_taxonomy/WORMS_TAXONOMY_20260810T202457Z/name_batch_022.json","26ed2cb18115d19f7d112fe7a6d5a0cfb37a6f5f01fabeb5b25ce0d7757f0412",59367,200,"2026-08-10T20:27:50Z"
"ds02_taxamatch_name",23,50,50,"https://www.marinespecies.org/rest/AphiaRecordsByMatchNames","d50578dc61c6f342d4a3cf88abdc84bc51b9f0c01321ed5c2c5efafd886420bc","stage5/worms_taxonomy/WORMS_TAXONOMY_20260810T202457Z/name_batch_023.json","03e7949f6e9a7175774efcd1fbcd324c871da578afde7cbd5a38a7bbc4fff4ad",65290,200,"2026-08-10T20:27:57Z"
"ds02_taxamatch_name",24,50,50,"https://www.marinespecies.org/rest/AphiaRecordsByMatchNames","ec62251e36a3b581239ba001c6acb71f934e547b9a0a46c87961cf0f3b5d55de","stage5/worms_taxonomy/WORMS_TAXONOMY_20260810T202457Z/name_batch_024.json","ab7012b26bcd40e3e32459aea52f83d161c39712a79ecc955b5569190b0b08a9",68729,200,"2026-08-10T20:28:04Z"
"ds02_taxamatch_name",25,50,50,"https://www.marinespecies.org/rest/AphiaRecordsByMatchNames","bbcf4618aea9b96051c369774a0226a43f32a575b9600098815d405c03f01568","stage5/worms_taxonomy/WORMS_TAXONOMY_20260810T202457Z/name_batch_025.json","5f409f77018ebf863ba38a2a8deaf4d3d1ae656161fdb2624758f75850176211",73944,200,"2026-08-10T20:28:11Z"
"ds02_taxamatch_name",26,50,50,"https://www.marinespecies.org/rest/AphiaRecordsByMatchNames","291794731cb5b94accca2a017b9c2c6e37557ae466a9fb1ddf4ff31a95316e87","stage5/worms_taxonomy/WORMS_TAXONOMY_20260810T202457Z/name_batch_026.json","9c0ee65ced56decbc37938217802ec4a13e5a3b23a2eb6326a87606f75b36afa",72789,200,"2026-08-10T20:28:15Z"
"ds02_taxamatch_name",27,50,50,"https://www.marinespecies.org/rest/AphiaRecordsByMatchNames","19d5c52a4f410ef678668bda6e6531fbf04cf40c41847c3f1eb18b30e21cb512","stage5/worms_taxonomy/WORMS_TAXONOMY_20260810T202457Z/name_batch_027.json","ee0bb1d632d472d278a18b563265444cb7ad40fc79e445226582c4adf2c5657e",77141,200,"2026-08-10T20:28:21Z"
"ds02_taxamatch_name",28,50,50,"https://www.marinespecies.org/rest/AphiaRecordsByMatchNames","9c53bf7401b479aaf860e92c6447b3b18c989d5340142376b5f4d1743c680cd7","stage5/worms_taxonomy/WORMS_TAXONOMY_20260810T202457Z/name_batch_028.json","65bd6629f877865ea43eef65d6dff7be4c94a259a24abbb1993395508060f16e",73350,200,"2026-08-10T20:28:28Z"
"ds02_taxamatch_name",29,50,50,"https://www.marinespecies.org/rest/AphiaRecordsByMatchNames","04a659890db0157a254a0fdc60cfd2d3a702dd46811cdacd509afeeea0e92b14","stage5/worms_taxonomy/WORMS_TAXONOMY_20260810T202457Z/name_batch_029.json","5fbf7ae966da2de64cae1d65257a1b715a7d3faa592870dd878b56e0cb82e2c8",61720,200,"2026-08-10T20:28:32Z"
"ds02_taxamatch_name",30,50,50,"https://www.marinespecies.org/rest/AphiaRecordsByMatchNames","b65d532c3eaf1eb3eb0cab053723741d598e875af08cb2682b2c436ce2371bc9","stage5/worms_taxonomy/WORMS_TAXONOMY_20260810T202457Z/name_batch_030.json","aba545e739fc626aa98c531289f4c778e21af3ca443bbccc66866aa77e3907b0",62184,200,"2026-08-10T20:28:37Z"
"ds02_taxamatch_name",31,50,50,"https://www.marinespecies.org/rest/AphiaRecordsByMatchNames","6b9be53bcf98b453f1e3eef47e559cbd85b41da21be0201400688a635a1d9a92","stage5/worms_taxonomy/WORMS_TAXONOMY_20260810T202457Z/name_batch_031.json","7a0bdf21c887a44163d96f46086bb0e852ce80322d7f3578441eabba55e560be",61273,200,"2026-08-10T20:28:42Z"
"ds02_taxamatch_name",32,50,50,"https://www.marinespecies.org/rest/AphiaRecordsByMatchNames","1cab279dc69534617d5c14f869983e14d53752fa0b0aa94ff12ee9744529baf7","stage5/worms_taxonomy/WORMS_TAXONOMY_20260810T202457Z/name_batch_032.json","0d674c338249fe4866d40a3cd308a3c18a3d922e90280a9598719b93397fa6c3",62983,200,"2026-08-10T20:28:46Z"
"ds02_taxamatch_name",33,50,50,"https://www.marinespecies.org/rest/AphiaRecordsByMatchNames","7fdfe7dd2665032c699442ad249f362084d9c328ca571d25df8dfee0d2a5a46e","stage5/worms_taxonomy/WORMS_TAXONOMY_20260810T202457Z/name_batch_033.json","30cd336f4d66e4ed69a1c909cda19f0a4416220286f9dbc66203ab3ed030a000",56547,200,"2026-08-10T20:28:49Z"
"ds02_taxamatch_name",34,50,50,"https://www.marinespecies.org/rest/AphiaRecordsByMatchNames","dd6f60c9d9f85bdb5ff61dc8d1685e937cd94a9bb9ab9ae3785e9774a13abed8","stage5/worms_taxonomy/WORMS_TAXONOMY_20260810T202457Z/name_batch_034.json","5d3a0ce7d717f1fa73fa326ae973ebfa259901a8cb477079e028a18995e28f74",59949,200,"2026-08-10T20:28:53Z"
"ds02_taxamatch_name",35,50,50,"https://www.marinespecies.org/rest/AphiaRecordsByMatchNames","33aab0a15239e987729cf37c516cebc4aa7be4dc4727345bc165f3aaa67d33c8","stage5/worms_taxonomy/WORMS_TAXONOMY_20260810T202457Z/name_batch_035.json","90a414a83541a9363207e7b78228db875b083e2b880ed6b8d97c7e58f7b621df",57816,200,"2026-08-10T20:29:01Z"
"ds02_taxamatch_name",36,50,50,"https://www.marinespecies.org/rest/AphiaRecordsByMatchNames","41f4587cf70c2e8ee967011b70278cb1de8851c7314dcc55a328908f4d1ad0d7","stage5/worms_taxonomy/WORMS_TAXONOMY_20260810T202457Z/name_batch_036.json","e91c2439115e39ffabac47966a831f8e384ed49dc0eadc62ed02551a57c17d79",63274,200,"2026-08-10T20:29:06Z"
"ds02_taxamatch_name",37,50,50,"https://www.marinespecies.org/rest/AphiaRecordsByMatchNames","bc42622b86e6ac5a507ff2be9a91f128274b54f2326a1a81f84aa90cdf39224f","stage5/worms_taxonomy/WORMS_TAXONOMY_20260810T202457Z/name_batch_037.json","591279960dccec0019a311c82b50da253a2a48357c0a49359a5efe1c390bb96b",59243,200,"2026-08-10T20:29:11Z"
"ds02_taxamatch_name",38,50,50,"https://www.marinespecies.org/rest/AphiaRecordsByMatchNames","a124e516faa75c600d46629d216876b7fcacd13ea992cc5f9e94723fa630011e","stage5/worms_taxonomy/WORMS_TAXONOMY_20260810T202457Z/name_batch_038.json","15efc34fdff656ea95398b2e7bf0235c7df2192f32c9d13470e91cb58959f04c",57805,200,"2026-08-10T20:29:16Z"
"ds02_taxamatch_name",39,50,50,"https://www.marinespecies.org/rest/AphiaRecordsByMatchNames","5e253b9e8ee4765627b2d54679786d370182e78decf4befece777d125340ef33","stage5/worms_taxonomy/WORMS_TAXONOMY_20260810T202457Z/name_batch_039.json","831f422b1f41d625c5042a9774f64372d43663b45e8d2c494b0d818e5c50508f",67081,200,"2026-08-10T20:29:20Z"
"ds02_taxamatch_name",40,50,50,"https://www.marinespecies.org/rest/AphiaRecordsByMatchNames","aeed23a659d9ce094280b393af2790c7ce264293d2be013d1b6c7bc9d8aa4bee","stage5/worms_taxonomy/WORMS_TAXONOMY_20260810T202457Z/name_batch_040.json","42324fdad027bda9aa522e14c0a1aa964b793ead0672225b35344be22330c37d",71816,200,"2026-08-10T20:29:26Z"
"ds02_taxamatch_name",41,50,50,"https://www.marinespecies.org/rest/AphiaRecordsByMatchNames","686301eb62c63b6413f1765c99f07962b833a5e7aa6ab7ddc0153086e54d214a","stage5/worms_taxonomy/WORMS_TAXONOMY_20260810T202457Z/name_batch_041.json","339a23d8ab0e16e1c2a1cc86445c292fc5298b71af34dffd2c52b1a0c420fa1f",60994,200,"2026-08-10T20:29:31Z"
"ds02_taxamatch_name",42,50,50,"https://www.marinespecies.org/rest/AphiaRecordsByMatchNames","82b0b4fb82e4b2b5bfa6e84d519cac05fa71cee6af7356bf60e484255176277f","stage5/worms_taxonomy/WORMS_TAXONOMY_20260810T202457Z/name_batch_042.json","027dee0db609a9d93a1b716af8771eb2e112da3afb1ee5787f892ece2468718f",59787,200,"2026-08-10T20:29:37Z"
"ds02_taxamatch_name",43,27,27,"https://www.marinespecies.org/rest/AphiaRecordsByMatchNames","fbe3659e73642df1327c8b6c2f91dea06a6e648bac0729c0ff295c5adf1d8ef6","stage5/worms_taxonomy/WORMS_TAXONOMY_20260810T202457Z/name_batch_043.json","d2b31e66caf75b1907bc6a47b31e62ae7a257e90380ba52f21e1fb55794afc06",29462,200,"2026-08-10T20:29:39Z"
